id,area,feature,expected_behaviour,sources,applicability,open_decisions,execution_proof,independent_oracle,negative_tests,prior_evidence,result,evidence_ref,tested_commit,tested_at_utc,notes
ENG-INV-01,ENGINE,Build 3 invariant 1,One process.,hyperliquid-build3-repair/ARCHITECTURE.md | ARCH inv1,APPLIES,,"Static source census at the certified commit (AST scan for .order( call sites, imports, process spawns, file writers) plus runtime process count",Independent AST/grep census script not shipped with the engine; OS process list,census run against a deliberately mutated copy must FAIL (non-vacuous),,NOT_TESTED,,,,
ENG-INV-02,ENGINE,Build 3 invariant 2,Exactly one physical production .order() call site.,hyperliquid-build3-repair/ARCHITECTURE.md | ARCH inv2 | CONTROL_STATE single_order_site,APPLIES,,"Static source census at the certified commit (AST scan for .order( call sites, imports, process spawns, file writers) plus runtime process count",Independent AST/grep census script not shipped with the engine; OS process list,census run against a deliberately mutated copy must FAIL (non-vacuous),,NOT_TESTED,,,,
ENG-INV-03,ENGINE,Build 3 invariant 3,No new dependency without Architect approval.,hyperliquid-build3-repair/ARCHITECTURE.md | ARCH inv3,APPLIES,,"Static source census at the certified commit (AST scan for .order( call sites, imports, process spawns, file writers) plus runtime process count",Independent AST/grep census script not shipped with the engine; OS process list,census run against a deliberately mutated copy must FAIL (non-vacuous),,NOT_TESTED,,,,
ENG-INV-04,ENGINE,Build 3 invariant 4,No new authoritative persistent trading-state store.,hyperliquid-build3-repair/ARCHITECTURE.md | ARCH inv4 | CONTROL_STATE persistence_rule,APPLIES,,"Static source census at the certified commit (AST scan for .order( call sites, imports, process spawns, file writers) plus runtime process count",Independent AST/grep census script not shipped with the engine; OS process list,census run against a deliberately mutated copy must FAIL (non-vacuous),,NOT_TESTED,,,,
ENG-INV-05,ENGINE,Build 3 invariant 5,No Build 4 control-plane/platform import.,hyperliquid-build3-repair/ARCHITECTURE.md | ARCH inv5,APPLIES,,"Static source census at the certified commit (AST scan for .order( call sites, imports, process spawns, file writers) plus runtime process count",Independent AST/grep census script not shipped with the engine; OS process list,census run against a deliberately mutated copy must FAIL (non-vacuous),,NOT_TESTED,,,,
ENG-INV-06,ENGINE,Build 3 invariant 6,No new engine/runtime around Build 3.,hyperliquid-build3-repair/ARCHITECTURE.md | ARCH inv6,APPLIES,,"Static source census at the certified commit (AST scan for .order( call sites, imports, process spawns, file writers) plus runtime process count",Independent AST/grep census script not shipped with the engine; OS process list,census run against a deliberately mutated copy must FAIL (non-vacuous),,NOT_TESTED,,,,
ENG-INV-07,ENGINE,Build 3 invariant 7,"Leader mutable state is isolated by (wallet, coin).",hyperliquid-build3-repair/ARCHITECTURE.md | ARCH inv7,APPLIES,,Leader event (testnet-observable) -> desired net per coin -> planner delta -> single sender -> testnet order -> MASTER fill/position,"Hyperliquid testnet info API read by a script that does not import engine code: clearinghouseState (all perp DEXes), openOrders, userFillsByTime for MASTER; leader fills from mainnet info API",restart mid-sequence | stale leader snapshot | API 429/timeout | duplicate/reordered event,,NOT_TESTED,,,,
ENG-INV-08,ENGINE,Build 3 invariant 8,Startup/recovery truth includes all relevant perp DEX scopes (default + HIP-3/builder); missing required scope fails closed.,hyperliquid-build3-repair/ARCHITECTURE.md | ARCH inv8 | CONTROL_STATE required_semantics[1],APPLIES,,Leader event (testnet-observable) -> desired net per coin -> planner delta -> single sender -> testnet order -> MASTER fill/position,"Hyperliquid testnet info API read by a script that does not import engine code: clearinghouseState (all perp DEXes), openOrders, userFillsByTime for MASTER; leader fills from mainnet info API",restart mid-sequence | stale leader snapshot | API 429/timeout | duplicate/reordered event,"G3 PASS (B3-C2A-G3-PASS-ARCHITECT-GATE-1, correction 4a41f33) covers inv 8-13 at unit level; not testnet-certified",NOT_TESTED,,,,
ENG-INV-09,ENGINE,Build 3 invariant 9,Exchange truth outranks local replay; the manual follower-position file is not authoritative.,hyperliquid-build3-repair/ARCHITECTURE.md | ARCH inv9 | FAILURES ROOT-001,APPLIES,,Leader event (testnet-observable) -> desired net per coin -> planner delta -> single sender -> testnet order -> MASTER fill/position,"Hyperliquid testnet info API read by a script that does not import engine code: clearinghouseState (all perp DEXes), openOrders, userFillsByTime for MASTER; leader fills from mainnet info API",restart mid-sequence | stale leader snapshot | API 429/timeout | duplicate/reordered event,"G3 PASS (B3-C2A-G3-PASS-ARCHITECT-GATE-1, correction 4a41f33) covers inv 8-13 at unit level; not testnet-certified",NOT_TESTED,,,,
ENG-INV-10,ENGINE,Build 3 invariant 10,API acknowledgement is not settlement; physical sends require independent MASTER fill/position verification.,hyperliquid-build3-repair/ARCHITECTURE.md | ARCH inv10 | CONTROL_STATE required_semantics[5],APPLIES,,Leader event (testnet-observable) -> desired net per coin -> planner delta -> single sender -> testnet order -> MASTER fill/position,"Hyperliquid testnet info API read by a script that does not import engine code: clearinghouseState (all perp DEXes), openOrders, userFillsByTime for MASTER; leader fills from mainnet info API",restart mid-sequence | stale leader snapshot | API 429/timeout | duplicate/reordered event,"G3 PASS (B3-C2A-G3-PASS-ARCHITECT-GATE-1, correction 4a41f33) covers inv 8-13 at unit level; not testnet-certified",NOT_TESTED,,,,
ENG-INV-11,ENGINE,Build 3 invariant 11,MASTER/trading account and API signer are distinct identities; balance/fills/positions verified on MASTER.,hyperliquid-build3-repair/ARCHITECTURE.md | ARCH inv11 | CONTROL_STATE required_corrections[0],APPLIES,,Leader event (testnet-observable) -> desired net per coin -> planner delta -> single sender -> testnet order -> MASTER fill/position,"Hyperliquid testnet info API read by a script that does not import engine code: clearinghouseState (all perp DEXes), openOrders, userFillsByTime for MASTER; leader fills from mainnet info API",restart mid-sequence | stale leader snapshot | API 429/timeout | duplicate/reordered event,"G3 PASS (B3-C2A-G3-PASS-ARCHITECT-GATE-1, correction 4a41f33) covers inv 8-13 at unit level; not testnet-certified",NOT_TESTED,,,,
ENG-INV-12,ENGINE,Build 3 invariant 12,Convergence orders move actual toward desired and never blindly flatten unrelated pre-existing inventory.,hyperliquid-build3-repair/ARCHITECTURE.md | ARCH inv12 | CONTROL_STATE required_corrections[5],APPLIES,,Leader event (testnet-observable) -> desired net per coin -> planner delta -> single sender -> testnet order -> MASTER fill/position,"Hyperliquid testnet info API read by a script that does not import engine code: clearinghouseState (all perp DEXes), openOrders, userFillsByTime for MASTER; leader fills from mainnet info API",restart mid-sequence | stale leader snapshot | API 429/timeout | duplicate/reordered event,"G3 PASS (B3-C2A-G3-PASS-ARCHITECT-GATE-1, correction 4a41f33) covers inv 8-13 at unit level; not testnet-certified",NOT_TESTED,,,,
ENG-INV-13,ENGINE,Build 3 invariant 13,Restart/recovery establishes current truth from fresh external snapshots for verification/reconciliation only; creates ZERO new trade authority.,hyperliquid-build3-repair/ARCHITECTURE.md | ARCH inv13 | PRODUCT_SEMANTICS B2,APPLIES,,Leader event (testnet-observable) -> desired net per coin -> planner delta -> single sender -> testnet order -> MASTER fill/position,"Hyperliquid testnet info API read by a script that does not import engine code: clearinghouseState (all perp DEXes), openOrders, userFillsByTime for MASTER; leader fills from mainnet info API",restart mid-sequence | stale leader snapshot | API 429/timeout | duplicate/reordered event,"G3 PASS (B3-C2A-G3-PASS-ARCHITECT-GATE-1, correction 4a41f33) covers inv 8-13 at unit level; not testnet-certified",NOT_TESTED,,,,
ENG-INV-14,ENGINE,Build 3 invariant 14,No mainnet/LIVE activation without explicit Richard approval.,hyperliquid-build3-repair/ARCHITECTURE.md | ARCH inv14 | PRODUCT_SEMANTICS §3,APPLIES,,Leader event (testnet-observable) -> desired net per coin -> planner delta -> single sender -> testnet order -> MASTER fill/position,"Hyperliquid testnet info API read by a script that does not import engine code: clearinghouseState (all perp DEXes), openOrders, userFillsByTime for MASTER; leader fills from mainnet info API",restart mid-sequence | stale leader snapshot | API 429/timeout | duplicate/reordered event,,NOT_TESTED,,,,
ENG-SEM-B1,ENGINE,Trading authority B1,Frozen baseline plus genuine post-baseline leader events are the ONLY trading authority; desired exposure derives from that lineage.,hyperliquid-build3-repair/PRODUCT_SEMANTICS.md §2 B1 | hyperliquid-build3-repair/ARCHITECTURE.md Trading-authority precedence,APPLIES,,Leader event (testnet-observable) -> desired net per coin -> planner delta -> single sender -> testnet order -> MASTER fill/position,"Hyperliquid testnet info API read by a script that does not import engine code: clearinghouseState (all perp DEXes), openOrders, userFillsByTime for MASTER; leader fills from mainnet info API",restart with leader holding a position opened pre-baseline | snapshot disagrees with lineage | lineage checkpoint missing/corrupt,,NOT_TESTED,,,,
ENG-SEM-B2,ENGINE,Trading authority B2,Current leader position / restart / snapshot create ZERO new trade authority; a snapshot never mints a desired target or order.,hyperliquid-build3-repair/PRODUCT_SEMANTICS.md §2 B2 | hyperliquid-build3-repair/ARCHITECTURE.md Trading-authority precedence,APPLIES,,Leader event (testnet-observable) -> desired net per coin -> planner delta -> single sender -> testnet order -> MASTER fill/position,"Hyperliquid testnet info API read by a script that does not import engine code: clearinghouseState (all perp DEXes), openOrders, userFillsByTime for MASTER; leader fills from mainnet info API",restart with leader holding a position opened pre-baseline | snapshot disagrees with lineage | lineage checkpoint missing/corrupt,,NOT_TESTED,,,,
ENG-SEM-B3,ENGINE,Trading authority B3,Follower exchange state is authoritative for ACTUAL exposure and settlement measurement.,hyperliquid-build3-repair/PRODUCT_SEMANTICS.md §2 B3 | hyperliquid-build3-repair/ARCHITECTURE.md Trading-authority precedence,APPLIES,,Leader event (testnet-observable) -> desired net per coin -> planner delta -> single sender -> testnet order -> MASTER fill/position,"Hyperliquid testnet info API read by a script that does not import engine code: clearinghouseState (all perp DEXes), openOrders, userFillsByTime for MASTER; leader fills from mainnet info API",restart with leader holding a position opened pre-baseline | snapshot disagrees with lineage | lineage checkpoint missing/corrupt,,NOT_TESTED,,,,
ENG-SEM-B4,ENGINE,Trading authority B4,"Snapshot vs lineage divergence is surfaced for adjudication, never converted into a trading decision.",hyperliquid-build3-repair/PRODUCT_SEMANTICS.md §2 B4 | hyperliquid-build3-repair/ARCHITECTURE.md Trading-authority precedence,APPLIES,,Leader event (testnet-observable) -> desired net per coin -> planner delta -> single sender -> testnet order -> MASTER fill/position,"Hyperliquid testnet info API read by a script that does not import engine code: clearinghouseState (all perp DEXes), openOrders, userFillsByTime for MASTER; leader fills from mainnet info API",restart with leader holding a position opened pre-baseline | snapshot disagrees with lineage | lineage checkpoint missing/corrupt,,NOT_TESTED,,,,
ENG-001,ENGINE,Repeated leader ADDs converge to target,N repeated same-direction leader ADD fills move follower actual toward desired once; no fixed notional minted per fill (TEST-002: 100 ADDs cannot exceed target).,ARCH Completion 6 | PRODUCT_SEMANTICS §4.5 | FAILURES TEST-002 | FAILURES LOGIC-001,APPLIES,,Leader event (testnet-observable) -> desired net per coin -> planner delta -> single sender -> testnet order -> MASTER fill/position,"Hyperliquid testnet info API read by a script that does not import engine code: clearinghouseState (all perp DEXes), openOrders, userFillsByTime for MASTER; leader fills from mainnet info API",restart mid-sequence | stale leader snapshot | API 429/timeout | duplicate/reordered event,,NOT_TESTED,,,,
ENG-002,ENGINE,Proportional mode end-to-end,"Sleeve = leader position x copy scale; summed per coin; order = desired - actual - in_flight, proven on testnet for open, add, partial reduce, close.",PRODUCT_SEMANTICS §1 | ARCH Full scope 1,APPLIES,,Leader event (testnet-observable) -> desired net per coin -> planner delta -> single sender -> testnet order -> MASTER fill/position,"Hyperliquid testnet info API read by a script that does not import engine code: clearinghouseState (all perp DEXes), openOrders, userFillsByTime for MASTER; leader fills from mainnet info API",restart mid-sequence | stale leader snapshot | API 429/timeout | duplicate/reordered event,,NOT_TESTED,,,,
ENG-003,ENGINE,Fixed mode end-to-end,"Fixed mode executes using recovered intended semantics, never fixed-notional-per-fill. Until ruled, fixed mode is HOLD fail-closed with ZERO orders and surfaces FIXED_MODE_AUTHORITY_HOLD.","PRODUCT_SEMANTICS §5 FIXED-MODE HOLD | CONTROL_STATE fixed_mode_hold | HL_Live_Copy_Service_Core.py (7,705-line, sha256 5bda57be)",OPEN_DECISION,OD-02,Leader event (testnet-observable) -> desired net per coin -> planner delta -> single sender -> testnet order -> MASTER fill/position,"Hyperliquid testnet info API read by a script that does not import engine code: clearinghouseState (all perp DEXes), openOrders, userFillsByTime for MASTER; leader fills from mainnet info API",restart mid-sequence | stale leader snapshot | API 429/timeout | duplicate/reordered event,,NOT_TESTED,,,,"Core: fixed_notional() at L1922 is the proven fixed-notional-per-fill defect site. Code-read of the 2 Jun backup, unconfirmed by run; PRs #4/#6/#7 (merged at main 114e8b4) changed this code, so re-check there."
ENG-004,ENGINE,Unit semantics target delta -> order size,Signed coin delta maps to exchange size with correct szDecimals rounding and side; no unit confusion (coins vs USD).,ARCH Completion 3 | PRODUCT_SEMANTICS §4.2,APPLIES,,Leader event (testnet-observable) -> desired net per coin -> planner delta -> single sender -> testnet order -> MASTER fill/position,"Hyperliquid testnet info API read by a script that does not import engine code: clearinghouseState (all perp DEXes), openOrders, userFillsByTime for MASTER; leader fills from mainnet info API",restart mid-sequence | stale leader snapshot | API 429/timeout | duplicate/reordered event,,NOT_TESTED,,,,
ENG-005,ENGINE,Multi-wallet aggregation (account-net),Several leaders on the same coin net to ONE account-level desired per coin; opposing leaders produce one net order (TEST-006).,PRODUCT_SEMANTICS §1 | FAILURES ARCH-008 | FAILURES TEST-006,APPLIES,,Leader event (testnet-observable) -> desired net per coin -> planner delta -> single sender -> testnet order -> MASTER fill/position,"Hyperliquid testnet info API read by a script that does not import engine code: clearinghouseState (all perp DEXes), openOrders, userFillsByTime for MASTER; leader fills from mainnet info API",restart mid-sequence | stale leader snapshot | API 429/timeout | duplicate/reordered event,,NOT_TESTED,,,,
ENG-006,ENGINE,Multi-DEX / HIP-3 truth,Leader and follower snapshots include every perp DEX scope; a HIP-3 position is seen and reconciled.,ARCH Completion 4 | ARCH inv8,APPLIES,,Leader event (testnet-observable) -> desired net per coin -> planner delta -> single sender -> testnet order -> MASTER fill/position,"Hyperliquid testnet info API read by a script that does not import engine code: clearinghouseState (all perp DEXes), openOrders, userFillsByTime for MASTER; leader fills from mainnet info API",restart mid-sequence | stale leader snapshot | API 429/timeout | duplicate/reordered event,,NOT_TESTED,,,,
ENG-007,ENGINE,Restart / gap recovery,"Kill/restart before send, after send, after partial fill, after full fill, after reject, after cancel: recovers from exchange truth, no local-position replay, zero new authority (TEST-003).",ARCH Completion 5 | FAILURES TEST-003 | GUT I24,APPLIES,,Leader event (testnet-observable) -> desired net per coin -> planner delta -> single sender -> testnet order -> MASTER fill/position,"Hyperliquid testnet info API read by a script that does not import engine code: clearinghouseState (all perp DEXes), openOrders, userFillsByTime for MASTER; leader fills from mainnet info API",restart mid-sequence | stale leader snapshot | API 429/timeout | duplicate/reordered event,,NOT_TESTED,,,,
ENG-008,ENGINE,Pre-existing unrelated inventory preserved,Exposure present at baseline that is not engine-owned is never altered by convergence (UNATTRIBUTED_BASELINE).,ARCH Completion 8 | ARCH inv12 | GUT I25,APPLIES,,Leader event (testnet-observable) -> desired net per coin -> planner delta -> single sender -> testnet order -> MASTER fill/position,"Hyperliquid testnet info API read by a script that does not import engine code: clearinghouseState (all perp DEXes), openOrders, userFillsByTime for MASTER; leader fills from mainnet info API",restart mid-sequence | stale leader snapshot | API 429/timeout | duplicate/reordered event,,NOT_TESTED,,,,
ENG-009,ENGINE,Event-lineage persistence rules,Lineage persists only in SERVICE_STATE_FILE coupled to processed-event identity; missing/corrupt/stale -> fail closed ZERO authority until deterministic replay.,PRODUCT_SEMANTICS §5 EVENT-LINEAGE | CONTROL_STATE event_lineage_persistence,APPLIES,,Leader event (testnet-observable) -> desired net per coin -> planner delta -> single sender -> testnet order -> MASTER fill/position,"Hyperliquid testnet info API read by a script that does not import engine code: clearinghouseState (all perp DEXes), openOrders, userFillsByTime for MASTER; leader fills from mainnet info API",restart mid-sequence | stale leader snapshot | API 429/timeout | duplicate/reordered event,,NOT_TESTED,,,,
ENG-010,ENGINE,Account-net truth only,Actual-net is MASTER account-net; wallet-local simulated state is never truth; unavailable -> ACCOUNT_NET_TRUTH_UNAVAILABLE with zero authority.,PRODUCT_SEMANTICS §5 ACCOUNT-NET | CONTROL_STATE account_net_truth,APPLIES,,Leader event (testnet-observable) -> desired net per coin -> planner delta -> single sender -> testnet order -> MASTER fill/position,"Hyperliquid testnet info API read by a script that does not import engine code: clearinghouseState (all perp DEXes), openOrders, userFillsByTime for MASTER; leader fills from mainnet info API",restart mid-sequence | stale leader snapshot | API 429/timeout | duplicate/reordered event,,NOT_TESTED,,,,
ENG-011,ENGINE,In-flight suppression,Unsettled sends block overlapping/duplicate authorisation; durable reservation survives stale self.state persist (DURABLE_IN_FLIGHT_STATE_CLOBBER regression).,CONTROL_STATE in_flight_suppression | CONTROL_STATE g3_disposition,APPLIES,,Leader event (testnet-observable) -> desired net per coin -> planner delta -> single sender -> testnet order -> MASTER fill/position,"Hyperliquid testnet info API read by a script that does not import engine code: clearinghouseState (all perp DEXes), openOrders, userFillsByTime for MASTER; leader fills from mainnet info API",restart mid-sequence | stale leader snapshot | API 429/timeout | duplicate/reordered event,,NOT_TESTED,,,,
ENG-012,ENGINE,Low-latency copy,"Leader event to order-on-wire latency measured and within an agreed bound on testnet; WS path primary, poll as repair.",PRODUCT_SEMANTICS §1 | ARCH Full scope 1,OPEN_DECISION,OD-19,Leader event (testnet-observable) -> desired net per coin -> planner delta -> single sender -> testnet order -> MASTER fill/position,"Hyperliquid testnet info API read by a script that does not import engine code: clearinghouseState (all perp DEXes), openOrders, userFillsByTime for MASTER; leader fills from mainnet info API",restart mid-sequence | stale leader snapshot | API 429/timeout | duplicate/reordered event,,NOT_TESTED,,,,
ENG-013,ENGINE,Deterministic audit trail,Every order is traceable leader event -> target -> order -> settlement with ids and timestamps in order_intents/send_attempts.,ARCH Full scope 1,APPLIES,,Leader event (testnet-observable) -> desired net per coin -> planner delta -> single sender -> testnet order -> MASTER fill/position,"Hyperliquid testnet info API read by a script that does not import engine code: clearinghouseState (all perp DEXes), openOrders, userFillsByTime for MASTER; leader fills from mainnet info API",restart mid-sequence | stale leader snapshot | API 429/timeout | duplicate/reordered event,,NOT_TESTED,,,,
ENG-014,ENGINE,Dropped/duplicated/reordered events,"Final exchange position converges after WS loss, duplication and reordering (TEST-004).",FAILURES TEST-004 | GUT I03 | GUT I04,APPLIES,,Leader event (testnet-observable) -> desired net per coin -> planner delta -> single sender -> testnet order -> MASTER fill/position,"Hyperliquid testnet info API read by a script that does not import engine code: clearinghouseState (all perp DEXes), openOrders, userFillsByTime for MASTER; leader fills from mainnet info API",restart mid-sequence | stale leader snapshot | API 429/timeout | duplicate/reordered event,,NOT_TESTED,,,,
ENG-015,ENGINE,Sign flip handling,"Leader flip: reduce-only flatten leg first, open leg only after exchange-confirmed flat, never flipping unrelated inventory.",convergence_shadow.py docstring | FAILURES EXC-006 | FAILURES LOGIC-004,APPLIES,,Leader event (testnet-observable) -> desired net per coin -> planner delta -> single sender -> testnet order -> MASTER fill/position,"Hyperliquid testnet info API read by a script that does not import engine code: clearinghouseState (all perp DEXes), openOrders, userFillsByTime for MASTER; leader fills from mainnet info API",restart mid-sequence | stale leader snapshot | API 429/timeout | duplicate/reordered event,,NOT_TESTED,,,,
ENG-016,ENGINE,Build 4 leftovers on the shared follower account,"Open orders and positions left on the shared follower account by Build 4 (and by earlier Build 3 runs) are pre-existing unrelated inventory: the engine never adopts, sizes against, amends, cancels, flattens or counts them as owned, and the UI shows them as unowned. Any cleanup is a separate operator decision.",ARCH inv12 (pre-existing unrelated inventory preserved) | history/BUILD_HISTORY_REVIEW.md §7 'Build 4 leftovers' (Boss report),APPLIES,,Leader event (testnet-observable) -> desired net per coin -> planner delta -> single sender -> testnet order -> MASTER fill/position,"Hyperliquid testnet info API read by a script that does not import engine code: clearinghouseState (all perp DEXes), openOrders, userFillsByTime for MASTER; leader fills from mainnet info API",restart mid-sequence | stale leader snapshot | API 429/timeout | duplicate/reordered event,,NOT_TESTED,,,,
PRICE-001,PRICING,Authoritative mark for OPEN/INCREASE/FLIP,One ruled mark source with a proven age bound is used on every OPEN/INCREASE/FLIP path. Currently BLOCKED: no validated-freshness mark reaches apply_fixed_sleeve_event(); fill.price is used with no age check.,"CONTROL_STATE current_blocker | hyperliquid-build3-repair/G4_C2A_MARK_SOURCE_INVENTORY.md | Boss decision, Network switch thread 2026-10-09T13:26Z",APPLIES,,Leader event -> price source actually consulted (logged with timestamp/age) -> order limit price on the wire -> fill price,Independent l2Book / allMids snapshot captured at decision time plus the exchange fill record,stale quote beyond TTL | quote unavailable | price moves past bound before send,,NOT_TESTED,,,,"OD-01 ruled (Boss, 2026-10-09): OPEN/INCREASE/FLIP are priced from a fresh follower-market mid at most 5 s old; with no fresh mid no order is sent."
PRICE-002,PRICING,Public quote freshness,Cached public executable quote is used only within HL_LIVE_QUOTE_CACHE_TTL_MS (default 1000 ms); older -> refetch; unusable -> EXECUTABLE_QUOTE_UNAVAILABLE.,G4_C2A_MARK_SOURCE_INVENTORY trace table | legacy HL_Live_Copy_Service.py LIVE_QUOTE_CACHE_TTL_MS,APPLIES,,Leader event -> price source actually consulted (logged with timestamp/age) -> order limit price on the wire -> fill price,Independent l2Book / allMids snapshot captured at decision time plus the exchange fill record,stale quote beyond TTL | quote unavailable | price moves past bound before send,,NOT_TESTED,,,,"Source refs are to the legacy file; re-derive against HL_Live_Copy_Service_Core.py (7,705-line, sha256 5bda57be)."
PRICE-003,PRICING,Entry price bound,ENTRY/INCREASE never executes worse than the approved bound versus the causative leader reference; the exchange order itself enforces the bound (limit/IOC).,GUT I20 | FAILURES R21,OPEN_DECISION,OD-10,Leader event -> price source actually consulted (logged with timestamp/age) -> order limit price on the wire -> fill price,Independent l2Book / allMids snapshot captured at decision time plus the exchange fill record,stale quote beyond TTL | quote unavailable | price moves past bound before send,,NOT_TESTED,,,,"OD-01 ruled (Boss, 2026-10-09): OPEN/INCREASE/FLIP are priced from a fresh follower-market mid at most 5 s old; with no fresh mid no order is sent."
PRICE-004,PRICING,PRICE_WAIT,"Unacceptable entry price -> no order, event target preserved; later valid price executes exactly once.",GUT I21,OPEN_DECISION,OD-10,Leader event -> price source actually consulted (logged with timestamp/age) -> order limit price on the wire -> fill price,Independent l2Book / allMids snapshot captured at decision time plus the exchange fill record,stale quote beyond TTL | quote unavailable | price moves past bound before send,,NOT_TESTED,,,,"OD-01 ruled (Boss, 2026-10-09): OPEN/INCREASE/FLIP are priced from a fresh follower-market mid at most 5 s old; with no fresh mid no order is sent."
PRICE-005,PRICING,Reduction/close never trapped by entry protection,Entry-price protection and entry caps never block a legitimate reduce/close.,GUT I22 | HL_Live_Copy_Service.global_order_cap_block docstring,APPLIES,,Leader event -> price source actually consulted (logged with timestamp/age) -> order limit price on the wire -> fill price,Independent l2Book / allMids snapshot captured at decision time plus the exchange fill record,stale quote beyond TTL | quote unavailable | price moves past bound before send,,NOT_TESTED,,,,
PRICE-006,PRICING,Adverse-diff measure is meaningful,"adverse_diff_pct is computed against an independent executable price, not against the fill price itself (structural zero).","G4_C2A_MARK_SOURCE_INVENTORY Consequences | Boss decision, Network switch thread 2026-10-09T13:26Z",APPLIES,,Leader event -> price source actually consulted (logged with timestamp/age) -> order limit price on the wire -> fill price,Independent l2Book / allMids snapshot captured at decision time plus the exchange fill record,stale quote beyond TTL | quote unavailable | price moves past bound before send,,NOT_TESTED,,,,"OD-01 ruled (Boss, 2026-10-09): OPEN/INCREASE/FLIP are priced from a fresh follower-market mid at most 5 s old; with no fresh mid no order is sent."
PRICE-007,PRICING,Marketable slippage,Marketable limit offset (HL_LIVE_AUTO_SEND_MARKETABLE_BPS default 5; UI global 'Marketable slippage %') is applied as configured and shown truthfully.,"legacy HL_Live_Copy_Service.py LIVE_AUTO_SEND_MARKETABLE_BPS | HL_Copy_App_SSOT.py (13 May, sha256 fad19d22) gcMktPct | Boss decision, Network switch thread 2026-10-09T13:26Z",APPLIES,,Leader event -> price source actually consulted (logged with timestamp/age) -> order limit price on the wire -> fill price,Independent l2Book / allMids snapshot captured at decision time plus the exchange fill record,stale quote beyond TTL | quote unavailable | price moves past bound before send,,NOT_TESTED,,,,"Source refs are to the legacy file; re-derive against HL_Live_Copy_Service_Core.py (7,705-line, sha256 5bda57be). Slippage ruled (Boss, 2026-10-09): unset marketable slippage defaults to 0.2%. OD-21 decided: re-pointed to the certified 13 May UI."
PRICE-008,PRICING,Close adverse diff,Close adverse diff limit (HL_LIVE_MAX_CLOSE_ADVERSE_DIFF_PCT default 0.25; UI 'Adverse close diff %') applied as configured and cannot trap an exit unless explicitly intended.,"legacy HL_Live_Copy_Service.py LIVE_MAX_CLOSE_ADVERSE_DIFF_PCT | HL_Copy_App_SSOT.py (13 May, sha256 fad19d22) gcCloseAdv | GUT I22",OPEN_DECISION,OD-10,Leader event -> price source actually consulted (logged with timestamp/age) -> order limit price on the wire -> fill price,Independent l2Book / allMids snapshot captured at decision time plus the exchange fill record,stale quote beyond TTL | quote unavailable | price moves past bound before send,,NOT_TESTED,,,,"Source refs are to the legacy file; re-derive against HL_Live_Copy_Service_Core.py (7,705-line, sha256 5bda57be). OD-21 decided: re-pointed to the certified 13 May UI."
ORD-001,ORDER,Single sender / single gate,Every exchange-client order call is dominated by one disable switch and one sender (TEST-007).,"ARCH inv2 | FAILURES ARCH-009 | FAILURES TEST-007 | GUT I08 | HL_Live_Copy_Service_Core.py (7,705-line, sha256 5bda57be)",APPLIES,,"Planner delta -> order payload as signed (size, side, reduce_only, tif, cloid, asset id) -> exchange response",Exchange order status / userFills for the cloid/oid; asset meta from the same network's info API,exchange reject | below minimum notional | size rounds to zero | unknown asset,,NOT_TESTED,,,,"Core has four exchange.order() call sites (L2726, L2843, L3350, L3379) behind one gate (L4036). ARCH requires one physical order site; the repair must reconcile this. Code-read of the 2 Jun backup, unconfirmed by run; PRs #4/#6/#7 (merged at main 114e8b4) changed this code, so re-check there."
ORD-002,ORDER,reduce_only correctness,"Reductions are reduce_only, capped by actual account-net, cannot flip.",FAILURES LOGIC-004 | FAILURES EXC-007,APPLIES,,"Planner delta -> order payload as signed (size, side, reduce_only, tif, cloid, asset id) -> exchange response",Exchange order status / userFills for the cloid/oid; asset meta from the same network's info API,exchange reject | below minimum notional | size rounds to zero | unknown asset,,NOT_TESTED,,,,
ORD-003,ORDER,Minimum notional,Orders below the exchange/configured minimum are not sent and do not create target authority or silent residue.,"legacy HL_Live_Copy_Service.py MIN_ORDER_NOTIONAL=10 | GUT I13 | FAILURES LOGIC-005 | FAILURES EXC-008 | HL_Live_Copy_Service_Core.py (7,705-line, sha256 5bda57be)",OPEN_DECISION,OD-09,"Planner delta -> order payload as signed (size, side, reduce_only, tif, cloid, asset id) -> exchange response",Exchange order status / userFills for the cloid/oid; asset meta from the same network's info API,exchange reject | below minimum notional | size rounds to zero | unknown asset,,NOT_TESTED,,,,"Core: DEFAULT_MIN_NOTIONAL = env HL_LIVE_MIN_NOTIONAL, default 10 (L138); global min_notional read at L1926; the minimum check at L2439 covers ENTRY/ADD only. Code-read of the 2 Jun backup, unconfirmed by run; PRs #4/#6/#7 (merged at main 114e8b4) changed this code, so re-check there."
ORD-004,ORDER,Size rounding,Size quantised to asset szDecimals from the SAME network's meta; zero after rounding -> no order.,ARCH Full scope 4 'order minimums/rounding',OPEN_DECISION,OD-08,"Planner delta -> order payload as signed (size, side, reduce_only, tif, cloid, asset id) -> exchange response",Exchange order status / userFills for the cloid/oid; asset meta from the same network's info API,exchange reject | below minimum notional | size rounds to zero | unknown asset,,NOT_TESTED,,,,
ORD-005,ORDER,Exactly-once execution identity,One canonical logical event identity and one deterministic execution identity; ambiguous submission stays UNRESOLVED (no resubmit) until exchange truth resolves it.,GUT I06 | FAILURES LOGIC-003,APPLIES,,"Planner delta -> order payload as signed (size, side, reduce_only, tif, cloid, asset id) -> exchange response",Exchange order status / userFills for the cloid/oid; asset meta from the same network's info API,exchange reject | below minimum notional | size rounds to zero | unknown asset,,NOT_TESTED,,,,
ORD-006,ORDER,Pre-send reservation,"Unresolved reservation persisted in SERVICE_STATE_FILE before exchange.order, oid/status attached after response, not cleared on ACK.",CONTROL_STATE required_corrections[1..2],APPLIES,,"Planner delta -> order payload as signed (size, side, reduce_only, tif, cloid, asset id) -> exchange response",Exchange order status / userFills for the cloid/oid; asset meta from the same network's info API,exchange reject | below minimum notional | size rounds to zero | unknown asset,,NOT_TESTED,,,,
ORD-007,ORDER,Per-run send limit,HL_LIVE_AUTO_SEND_MAX_PER_RUN (default 1) and HL_LIVE_AUTO_SEND_WALLET restriction behave as configured and are visible to the operator.,legacy HL_Live_Copy_Service.py LIVE_AUTO_SEND_MAX_PER_RUN | legacy HL_Live_Copy_Service.py LIVE_AUTO_SEND_WALLET,OPEN_DECISION,OD-16,"Planner delta -> order payload as signed (size, side, reduce_only, tif, cloid, asset id) -> exchange response",Exchange order status / userFills for the cloid/oid; asset meta from the same network's info API,exchange reject | below minimum notional | size rounds to zero | unknown asset,,NOT_TESTED,,,,"Source refs are to the legacy file; re-derive against HL_Live_Copy_Service_Core.py (7,705-line, sha256 5bda57be)."
ORD-008,ORDER,Exchange preflight,Orders violating exchange semantics are rejected before the exchange call.,FAILURES EXC-012,APPLIES,,"Planner delta -> order payload as signed (size, side, reduce_only, tif, cloid, asset id) -> exchange response",Exchange order status / userFills for the cloid/oid; asset meta from the same network's info API,exchange reject | below minimum notional | size rounds to zero | unknown asset,,NOT_TESTED,,,,
SET-001,SETTLE,ACK is not settlement,"In-flight remains blocking after API ACK until independent MASTER userFills plus resulting position prove fill, or terminal rejection proves no fill.",ARCH inv10 | CONTROL_STATE acceptance 'API ACK does not clear in-flight',APPLIES,,Sender response -> in-flight reservation in SERVICE_STATE_FILE -> MASTER userFills + clearinghouseState across all DEX scopes -> reservation cleared,"MASTER userFillsByTime per DEX scope and clearinghouseState, read independently of the engine",ack without fill | partial fill | fill on HIP-3 DEX scope | crash after send before oid persisted,,NOT_TESTED,,,,
SET-002,SETTLE,Settlement on MASTER across all DEX scopes,userFillsByTime queried per perp DEX scope with dex param; deterministic dedupe; missing scope fails closed.,CONTROL_STATE required_corrections[3],APPLIES,,Sender response -> in-flight reservation in SERVICE_STATE_FILE -> MASTER userFills + clearinghouseState across all DEX scopes -> reservation cleared,"MASTER userFillsByTime per DEX scope and clearinghouseState, read independently of the engine",ack without fill | partial fill | fill on HIP-3 DEX scope | crash after send before oid persisted,,NOT_TESTED,,,,
SET-003,SETTLE,Terminal reject clears safely,Clear requires exchange-derived terminal rejection plus post-attempt MASTER no-fill across all scopes; caller boolean alone forbidden.,CONTROL_STATE required_corrections[4],APPLIES,,Sender response -> in-flight reservation in SERVICE_STATE_FILE -> MASTER userFills + clearinghouseState across all DEX scopes -> reservation cleared,"MASTER userFillsByTime per DEX scope and clearinghouseState, read independently of the engine",ack without fill | partial fill | fill on HIP-3 DEX scope | crash after send before oid persisted,,NOT_TESTED,,,,
SET-004,SETTLE,Partial fill,Ownership advances only by confirmed fill; residual authorised delta remains; no duplicate quantity (TEST-005).,GUT I23 | FAILURES TEST-005 | FAILURES LOGIC-011,APPLIES,,Sender response -> in-flight reservation in SERVICE_STATE_FILE -> MASTER userFills + clearinghouseState across all DEX scopes -> reservation cleared,"MASTER userFillsByTime per DEX scope and clearinghouseState, read independently of the engine",ack without fill | partial fill | fill on HIP-3 DEX scope | crash after send before oid persisted,,NOT_TESTED,,,,
SET-005,SETTLE,Crash before oid,Crash between send and oid persistence reconciles from started_ms + intent attributes and stays blocking if ambiguous.,CONTROL_STATE required_corrections[2],APPLIES,,Sender response -> in-flight reservation in SERVICE_STATE_FILE -> MASTER userFills + clearinghouseState across all DEX scopes -> reservation cleared,"MASTER userFillsByTime per DEX scope and clearinghouseState, read independently of the engine",ack without fill | partial fill | fill on HIP-3 DEX scope | crash after send before oid persisted,,NOT_TESTED,,,,
SET-006,SETTLE,Reconciliation gate before authority,"MASTER net = unattributed baseline + confirmed engine-owned actual +/- unresolved reserved, within tolerance, before any convergence order.",CONTROL_STATE required_corrections[6],APPLIES,,Sender response -> in-flight reservation in SERVICE_STATE_FILE -> MASTER userFills + clearinghouseState across all DEX scopes -> reservation cleared,"MASTER userFillsByTime per DEX scope and clearinghouseState, read independently of the engine",ack without fill | partial fill | fill on HIP-3 DEX scope | crash after send before oid persisted,,NOT_TESTED,,,,
SET-007,SETTLE,Testnet entry certification,"All REAL_TESTNET_ENTRY sub-gates: genuine post-start leader OPEN/INCREASE observed, fill identity verified, fresh leader capital, copy scale correct, expected qty == actual testnet fill, ownership established, reconciliation clean, single physical submission.",hyperliquid-build4/ACCEPTANCE.md Testnet Certification Gates,APPLIES,,Sender response -> in-flight reservation in SERVICE_STATE_FILE -> MASTER userFills + clearinghouseState across all DEX scopes -> reservation cleared,"MASTER userFillsByTime per DEX scope and clearinghouseState, read independently of the engine",ack without fill | partial fill | fill on HIP-3 DEX scope | crash after send before oid persisted,,NOT_TESTED,,,,
SET-008,SETTLE,Testnet exit certification,"All REAL_TESTNET_EXIT sub-gates: genuine reduction/close observed, reduction fraction correct, attributed qty used, exit fill matches, no capital resizing of exit, ownership updated, reconciliation clean.",hyperliquid-build4/ACCEPTANCE.md Testnet Certification Gates,APPLIES,,Sender response -> in-flight reservation in SERVICE_STATE_FILE -> MASTER userFills + clearinghouseState across all DEX scopes -> reservation cleared,"MASTER userFillsByTime per DEX scope and clearinghouseState, read independently of the engine",ack without fill | partial fill | fill on HIP-3 DEX scope | crash after send before oid persisted,,NOT_TESTED,,,,
RISK-001,RISK,Global control: Max total live exposure ($),gcMaxTotal -> global_controls.max_total_live_exposure_usd; 0/blank = disabled. Saved value must be enforced by the running engine without restart (Boss 2026-10-09: the controls must function; values may be retuned).,"HL_Copy_App_SSOT.py (13 May, sha256 fad19d22) _GLOBAL_CONTROLS_DEFAULTS / render_live_copy_control_panel | ARCH Full scope 4 | ARCH Full scope 6 | Boss decision, project chat 2026-10-09T12:21Z | HL_Live_Copy_Service_Core.py (7,705-line, sha256 5bda57be)",APPLIES,OD-06,UI/config value -> live_config.json -> engine read at decision time -> block/allow recorded in order_intents with reason -> exchange shows (no) order,Exchange orders/fills (absence or presence) plus independent recomputation of the limit from config,blank value | zero | negative | non-numeric | value changed while engine running | rejected save,,NOT_TESTED,,,,"Core: max_total_live_exposure_usd has an accessor (L1929) but no caller was found, so it is not enforced. Code-read of the 2 Jun backup, unconfirmed by run; PRs #4/#6/#7 (merged at main 114e8b4) changed this code, so re-check there. Earlier note (legacy file, superseded base): Source census at Build 3 main 5599415: key has NO reader in HL_Live_Copy_Service.py (0 occurrences); the UI saves it but the engine does not enforce it. Inferred from source search; must be confirmed by execution. OD-21 decided: re-pointed to the certified 13 May UI."
RISK-002,RISK,Global control: Max per-asset directional exposure ($),gcMaxDir -> max_asset_directional_exposure_usd. Saved value must be enforced by the running engine without restart (Boss 2026-10-09: the controls must function; values may be retuned).,"HL_Copy_App_SSOT.py (13 May, sha256 fad19d22) _GLOBAL_CONTROLS_DEFAULTS / render_live_copy_control_panel | ARCH Full scope 4 | ARCH Full scope 6 | Boss decision, project chat 2026-10-09T12:21Z | HL_Live_Copy_Service_Core.py (7,705-line, sha256 5bda57be)",APPLIES,OD-06,UI/config value -> live_config.json -> engine read at decision time -> block/allow recorded in order_intents with reason -> exchange shows (no) order,Exchange orders/fills (absence or presence) plus independent recomputation of the limit from config,blank value | zero | negative | non-numeric | value changed while engine running | rejected save,,NOT_TESTED,,,,"Core: max_asset_directional_exposure_usd is not referenced. Code-read of the 2 Jun backup, unconfirmed by run; PRs #4/#6/#7 (merged at main 114e8b4) changed this code, so re-check there. Earlier note (legacy file, superseded base): Source census at Build 3 main 5599415: key has NO reader in HL_Live_Copy_Service.py (0 occurrences); the UI saves it but the engine does not enforce it. Inferred from source search; must be confirmed by execution. OD-21 decided: re-pointed to the certified 13 May UI."
RISK-003,RISK,Global control: Max per-wallet exposure ($),gcMaxWallet -> max_wallet_exposure_usd. Saved value must be enforced by the running engine without restart (Boss 2026-10-09: the controls must function; values may be retuned).,"HL_Copy_App_SSOT.py (13 May, sha256 fad19d22) _GLOBAL_CONTROLS_DEFAULTS / render_live_copy_control_panel | ARCH Full scope 4 | ARCH Full scope 6 | Boss decision, project chat 2026-10-09T12:21Z | HL_Live_Copy_Service_Core.py (7,705-line, sha256 5bda57be)",APPLIES,OD-06,UI/config value -> live_config.json -> engine read at decision time -> block/allow recorded in order_intents with reason -> exchange shows (no) order,Exchange orders/fills (absence or presence) plus independent recomputation of the limit from config,blank value | zero | negative | non-numeric | value changed while engine running | rejected save,,NOT_TESTED,,,,"Core: max_wallet_exposure_usd read at L1931 (per-wallet value overrides the global one) and used at L2444. Code-read of the 2 Jun backup, unconfirmed by run; PRs #4/#6/#7 (merged at main 114e8b4) changed this code, so re-check there. Earlier note (legacy file, superseded base): Source census at Build 3 main 5599415: key has NO reader in HL_Live_Copy_Service.py (0 occurrences); the UI saves it but the engine does not enforce it. Inferred from source search; must be confirmed by execution. OD-21 decided: re-pointed to the certified 13 May UI."
RISK-004,RISK,Global control: Max per-order notional ($),gcMaxOrder -> max_order_notional_usd; blocks NEW ENTRY above cap with BLOCKED_GLOBAL_MAX_ORDER_NOTIONAL; never blocks reduce/close. Saved value must be enforced by the running engine without restart (Boss 2026-10-09: the controls must function; values may be retuned).,"HL_Copy_App_SSOT.py (13 May, sha256 fad19d22) _GLOBAL_CONTROLS_DEFAULTS / render_live_copy_control_panel | ARCH Full scope 4 | ARCH Full scope 6 | Boss decision, project chat 2026-10-09T12:21Z | HL_Live_Copy_Service_Core.py (7,705-line, sha256 5bda57be)",APPLIES,,UI/config value -> live_config.json -> engine read at decision time -> block/allow recorded in order_intents with reason -> exchange shows (no) order,Exchange orders/fills (absence or presence) plus independent recomputation of the limit from config,blank value | zero | negative | non-numeric | value changed while engine running | rejected save,,NOT_TESTED,,,,"Core: max_order_notional_usd read at L1935 and enforced at L2441 and L3250. Code-read of the 2 Jun backup, unconfirmed by run; PRs #4/#6/#7 (merged at main 114e8b4) changed this code, so re-check there. OD-21 decided: re-pointed to the certified 13 May UI. Prior evidence void: 'test_g4_order_cap.py (unit, in-process) for max_order_notional_usd' ran against the superseded UI file."
RISK-005,RISK,Global control: Marketable slippage %,"gcMktPct -> marketable_bps (UI shows %, stored converted). Saved value must be enforced by the running engine without restart (Boss 2026-10-09: the controls must function; values may be retuned).","HL_Copy_App_SSOT.py (13 May, sha256 fad19d22) _GLOBAL_CONTROLS_DEFAULTS / render_live_copy_control_panel | ARCH Full scope 4 | ARCH Full scope 6 | Boss decision, project chat 2026-10-09T12:21Z | HL_Live_Copy_Service_Core.py (7,705-line, sha256 5bda57be) | Boss decision, Network switch thread 2026-10-09T13:26Z",APPLIES,OD-06,UI/config value -> live_config.json -> engine read at decision time -> block/allow recorded in order_intents with reason -> exchange shows (no) order,Exchange orders/fills (absence or presence) plus independent recomputation of the limit from config,blank value | zero | negative | non-numeric | value changed while engine running | rejected save,,NOT_TESTED,,,,"Core: marketable_bps read at L1939 (default env HL_LIVE_MARKETABLE_BPS = 25) and used for pricing at L3210. Code-read of the 2 Jun backup, unconfirmed by run; PRs #4/#6/#7 (merged at main 114e8b4) changed this code, so re-check there. Earlier note (legacy file, superseded base): The engine reads global_controls only in global_order_cap (L2696-2716). Auto-send uses env HL_LIVE_AUTO_SEND_MARKETABLE_BPS (L2863), not this saved value. Inferred from source search; must be confirmed by execution. Slippage ruled (Boss, 2026-10-09): unset marketable slippage defaults to 0.2%. OD-21 decided: re-pointed to the certified 13 May UI."
RISK-006,RISK,Global control: Adverse close diff %,gcCloseAdv -> max_close_adverse_diff_pct. Saved value must be enforced by the running engine without restart (Boss 2026-10-09: the controls must function; values may be retuned).,"HL_Copy_App_SSOT.py (13 May, sha256 fad19d22) _GLOBAL_CONTROLS_DEFAULTS / render_live_copy_control_panel | ARCH Full scope 4 | ARCH Full scope 6 | Boss decision, project chat 2026-10-09T12:21Z | HL_Live_Copy_Service_Core.py (7,705-line, sha256 5bda57be)",APPLIES,OD-06 | OD-10,UI/config value -> live_config.json -> engine read at decision time -> block/allow recorded in order_intents with reason -> exchange shows (no) order,Exchange orders/fills (absence or presence) plus independent recomputation of the limit from config,blank value | zero | negative | non-numeric | value changed while engine running | rejected save,,NOT_TESTED,,,,"Core: max_close_adverse_diff_pct has an accessor (L1942) but is only reported in status (L5675); no enforcement was found. Code-read of the 2 Jun backup, unconfirmed by run; PRs #4/#6/#7 (merged at main 114e8b4) changed this code, so re-check there. Earlier note (legacy file, superseded base): The engine reads global_controls only in global_order_cap (L2696-2716). The close guard uses the per-wallet key max_close_adverse_diff_pct else env HL_LIVE_MAX_CLOSE_ADVERSE_DIFF_PCT (L1162), not this global value. Inferred from source search; must be confirmed by execution. OD-21 decided: re-pointed to the certified 13 May UI."
RISK-007,RISK,Global control: Symbol allowlist,gcAllowlist -> symbol_allowlist; empty = all allowed. Saved value must be enforced by the running engine without restart (Boss 2026-10-09: the controls must function; values may be retuned).,"HL_Copy_App_SSOT.py (13 May, sha256 fad19d22) _GLOBAL_CONTROLS_DEFAULTS / render_live_copy_control_panel | ARCH Full scope 4 | ARCH Full scope 6 | Boss decision, project chat 2026-10-09T12:21Z | HL_Live_Copy_Service_Core.py (7,705-line, sha256 5bda57be)",APPLIES,OD-06,UI/config value -> live_config.json -> engine read at decision time -> block/allow recorded in order_intents with reason -> exchange shows (no) order,Exchange orders/fills (absence or presence) plus independent recomputation of the limit from config,blank value | zero | negative | non-numeric | value changed while engine running | rejected save,,NOT_TESTED,,,,"Core: symbol_allowlist (also allow_symbols / allowlist) read at L1944 and applied at L2430. Code-read of the 2 Jun backup, unconfirmed by run; PRs #4/#6/#7 (merged at main 114e8b4) changed this code, so re-check there. Earlier note (legacy file, superseded base): Source census at Build 3 main 5599415: key has NO reader in HL_Live_Copy_Service.py (0 occurrences); the UI saves it but the engine does not enforce it. Inferred from source search; must be confirmed by execution. OD-21 decided: re-pointed to the certified 13 May UI."
RISK-008,RISK,Global control: Symbol blocklist,gcBlocklist -> symbol_blocklist. Saved value must be enforced by the running engine without restart (Boss 2026-10-09: the controls must function; values may be retuned).,"HL_Copy_App_SSOT.py (13 May, sha256 fad19d22) _GLOBAL_CONTROLS_DEFAULTS / render_live_copy_control_panel | ARCH Full scope 4 | ARCH Full scope 6 | Boss decision, project chat 2026-10-09T12:21Z | HL_Live_Copy_Service_Core.py (7,705-line, sha256 5bda57be)",APPLIES,OD-06,UI/config value -> live_config.json -> engine read at decision time -> block/allow recorded in order_intents with reason -> exchange shows (no) order,Exchange orders/fills (absence or presence) plus independent recomputation of the limit from config,blank value | zero | negative | non-numeric | value changed while engine running | rejected save,,NOT_TESTED,,,,"Core: symbol_blocklist (also block_symbols / blocklist) read at L1944 and applied at L2430. Code-read of the 2 Jun backup, unconfirmed by run; PRs #4/#6/#7 (merged at main 114e8b4) changed this code, so re-check there. Earlier note (legacy file, superseded base): Source census at Build 3 main 5599415: key has NO reader in HL_Live_Copy_Service.py (0 occurrences); the UI saves it but the engine does not enforce it. Inferred from source search; must be confirmed by execution. OD-21 decided: re-pointed to the certified 13 May UI."
RISK-009,RISK,Per-wallet daily loss limit,"daily_loss_limit stops new entries for that wallet when breached, or is labelled display-only. Source census: stored and logged only; no enforcement found.","legacy HL_Live_Copy_Service.py LiveWalletConfig.daily_loss_limit | HL_Copy_App_SSOT.py (13 May, sha256 fad19d22) Add-wallet modal 'Daily loss' | HL_Live_Copy_Service_Core.py (7,705-line, sha256 5bda57be)",OPEN_DECISION,OD-07,UI/config value -> live_config.json -> engine read at decision time -> block/allow recorded in order_intents with reason -> exchange shows (no) order,Exchange orders/fills (absence or presence) plus independent recomputation of the limit from config,blank value | zero | negative | non-numeric | value changed while engine running | rejected save,,NOT_TESTED,,,,"Core: daily loss is not referenced anywhere. Code-read of the 2 Jun backup, unconfirmed by run; PRs #4/#6/#7 (merged at main 114e8b4) changed this code, so re-check there. OD-21 decided: re-pointed to the certified 13 May UI."
RISK-010,RISK,Per-wallet max diff %,max_diff_pct applied as the entry price bound for that wallet.,"legacy HL_Live_Copy_Service.py max_diff_pct | HL_Copy_App_SSOT.py (13 May, sha256 fad19d22) Add-wallet modal 'Max diff %'",OPEN_DECISION,OD-10,UI/config value -> live_config.json -> engine read at decision time -> block/allow recorded in order_intents with reason -> exchange shows (no) order,Exchange orders/fills (absence or presence) plus independent recomputation of the limit from config,blank value | zero | negative | non-numeric | value changed while engine running | rejected save,,NOT_TESTED,,,,"Source refs are to the legacy file; re-derive against HL_Live_Copy_Service_Core.py (7,705-line, sha256 5bda57be). OD-21 decided: re-pointed to the certified 13 May UI."
RISK-011,RISK,Live wallet cap,At most 10 service-eligible wallets; 11th is rejected with MAX_WALLETS_EXCEEDED and config unchanged.,"HL_Copy_App_SSOT.py (13 May, sha256 fad19d22) _enforce_live_copy_cap | legacy HL_Live_Copy_Service.py MAX_LIVE_WALLETS=10 | HL_Live_Copy_Service_Core.py (7,705-line, sha256 5bda57be)",OPEN_DECISION,OD-14,UI/config value -> live_config.json -> engine read at decision time -> block/allow recorded in order_intents with reason -> exchange shows (no) order,Exchange orders/fills (absence or presence) plus independent recomputation of the limit from config,blank value | zero | negative | non-numeric | value changed while engine running | rejected save,,NOT_TESTED,,,,"Core: MAX_WALLETS (env HL_LIVE_WS_MAX_WALLETS, default 10, L145) truncates the leader WS subscription list (L4537, L5757, L6052). A wallet beyond the 10th would be silently unsubscribed rather than rejected. Code-read of the 2 Jun backup, unconfirmed by run; PRs #4/#6/#7 (merged at main 114e8b4) changed this code, so re-check there. OD-21 decided: re-pointed to the certified 13 May UI."
RISK-012,RISK,Global safe stop,One operator action stops all new sends account-wide and is acknowledged by the running engine; it creates zero orders.,ARCH Full scope 4 'global enable/disable / safe stop' | GUT I12 | hyperliquid-build4/BUILD4_FINAL_AUTHORITY_MAP.md Modes,OPEN_DECISION,OD-05,UI/config value -> live_config.json -> engine read at decision time -> block/allow recorded in order_intents with reason -> exchange shows (no) order,Exchange orders/fills (absence or presence) plus independent recomputation of the limit from config,blank value | zero | negative | non-numeric | value changed while engine running | rejected save,,NOT_TESTED,,,,
RISK-013,RISK,Live / paper / testnet mode boundaries,Testnet and mainnet cannot be confused; dry-run/paper sends nothing; mode change itself creates zero orders.,ARCH Full scope 4 | GUT I12,OPEN_DECISION,OD-05 | OD-08,UI/config value -> live_config.json -> engine read at decision time -> block/allow recorded in order_intents with reason -> exchange shows (no) order,Exchange orders/fills (absence or presence) plus independent recomputation of the limit from config,blank value | zero | negative | non-numeric | value changed while engine running | rejected save,,NOT_TESTED,,,,
RISK-014,RISK,Stale/uncertain state containment,"UNKNOWN / UNCLASSIFIED / stale state fails closed locally (wallet/coin), never green, never global unless one of the five account-wide hazards.",FAILURES LOGIC-015 | FAILURES EXC-020 | GUT I10 | hyperliquid-build4/BUILD4_FINAL_AUTHORITY_MAP.md Failure scope,APPLIES,,UI/config value -> live_config.json -> engine read at decision time -> block/allow recorded in order_intents with reason -> exchange shows (no) order,Exchange orders/fills (absence or presence) plus independent recomputation of the limit from config,blank value | zero | negative | non-numeric | value changed while engine running | rejected save,,NOT_TESTED,,,,
RISK-015,RISK,Emergency close only where intended,No control closes positions unless explicitly intended; no control bypasses convergence or the single sender.,ARCH Full scope 4,APPLIES,,UI/config value -> live_config.json -> engine read at decision time -> block/allow recorded in order_intents with reason -> exchange shows (no) order,Exchange orders/fills (absence or presence) plus independent recomputation of the limit from config,blank value | zero | negative | non-numeric | value changed while engine running | rejected save,,NOT_TESTED,,,,
RISK-016,RISK,Manual order cap,HL_LIVE_MAX_MANUAL_ORDER_NOTIONAL_USD (default 25) caps manual sends.,legacy HL_Live_Copy_Service.py LIVE_MAX_MANUAL_ORDER_NOTIONAL_USD,APPLIES,,UI/config value -> live_config.json -> engine read at decision time -> block/allow recorded in order_intents with reason -> exchange shows (no) order,Exchange orders/fills (absence or presence) plus independent recomputation of the limit from config,blank value | zero | negative | non-numeric | value changed while engine running | rejected save,,NOT_TESTED,,,,"Source refs are to the legacy file; re-derive against HL_Live_Copy_Service_Core.py (7,705-line, sha256 5bda57be)."
UI-WALLET-001,WALLET,Add a leader wallet,"Valid address added via Add-wallet modal: baseline at onboarding, future genuine events only, no historical replay or position catch-up; hot (no restart).","ARCH Full scope 3 | GUT I17 | GUT I19 | HL_Copy_App_SSOT.py (13 May, sha256 fad19d22) /api/live-config/add-wallet",APPLIES,,UI action -> live_config.json / wallet_gate.json write -> running engine reads it (no restart) -> testnet behaviour,"Exchange positions, orders and fills; config file content hash before/after",restart after change | stale configuration | rejected update | API failure during change | invalid address | duplicate wallet,,NOT_TESTED,,,,OD-21 decided: re-pointed to the certified 13 May UI.
UI-WALLET-002,WALLET,Remove / archive a leader wallet,Archive stops future intake; existing owned exposure stays managed until legitimately closed (tombstone); archived wallet can be restored.,"ARCH Full scope 3 | GUT I18 | HL_Copy_App_SSOT.py (13 May, sha256 fad19d22) /api/live-config/remove-wallet",OPEN_DECISION,OD-13,UI action -> live_config.json / wallet_gate.json write -> running engine reads it (no restart) -> testnet behaviour,"Exchange positions, orders and fills; config file content hash before/after",restart after change | stale configuration | rejected update | API failure during change | invalid address | duplicate wallet,,NOT_TESTED,,,,OD-21 decided: re-pointed to the certified 13 May UI.
UI-WALLET-003,WALLET,Enable a leader wallet (LIVE),Setting LIVE enables new entries from the next genuine post-change event only; no catch-up to current leader position.,"ARCH Full scope 3 | GUT I02 | HL_Copy_App_SSOT.py (13 May, sha256 fad19d22) /api/live-config/set-mode",APPLIES,,UI action -> live_config.json / wallet_gate.json write -> running engine reads it (no restart) -> testnet behaviour,"Exchange positions, orders and fills; config file content hash before/after",restart after change | stale configuration | rejected update | API failure during change | invalid address | duplicate wallet,,NOT_TESTED,,,,OD-21 decided: re-pointed to the certified 13 May UI.
UI-WALLET-004,WALLET,Disable a leader wallet,New entries blocked; existing owned exposure remains safely managed.,"ARCH Full scope 3 | GUT I18 | HL_Copy_App_SSOT.py (13 May, sha256 fad19d22) OFF button / set-mode | test_g4_ui_controls.py B_UI_OFF_AFFECTS_ENGINE_TRUTH",APPLIES,,UI action -> config -> running engine -> testnet behaviour,"Exchange positions, orders and fills",Restart | Stale configuration | Rejected update | API failure,,NOT_TESTED,,,,OD-21 decided: re-pointed to the certified 13 May UI. Prior evidence void: 'test_g4_ui_controls.py B1/B2 in-process (wallet_gate path) — not testnet-certified' ran against the superseded UI file.
UI-WALLET-005,WALLET,Close-only a leader wallet (CLO),Reductions/closes still follow the leader; new entries/increases blocked; applied to the entry component before netting.,GUT I12 | hyperliquid-build4/BUILD4_FINAL_AUTHORITY_MAP.md 'operator switch applied to the entry component' | test_g4_ui_controls.py B_UI_CLOSE_ONLY_BLOCKS_NEW_ENTRIES,APPLIES,,UI action -> live_config.json / wallet_gate.json write -> running engine reads it (no restart) -> testnet behaviour,"Exchange positions, orders and fills; config file content hash before/after",restart after change | stale configuration | rejected update | API failure during change | invalid address | duplicate wallet,,NOT_TESTED,,,,
UI-WALLET-006,WALLET,Copy model proportional/fixed,Per-wallet copy_mode select persists and changes engine sizing; fixed is HOLD fail-closed until OD-02 ruled and the UI says so.,ARCH Full scope 3 | PRODUCT_SEMANTICS §5 FIXED-MODE HOLD,OPEN_DECISION,OD-02,UI action -> live_config.json / wallet_gate.json write -> running engine reads it (no restart) -> testnet behaviour,"Exchange positions, orders and fills; config file content hash before/after",restart after change | stale configuration | rejected update | API failure during change | invalid address | duplicate wallet,,NOT_TESTED,,,,
UI-WALLET-007,WALLET,Norm base (N),norm_base >= 1 persists and changes proportional copy scale as documented.,"HL_Copy_App_SSOT.py (13 May, sha256 fad19d22) _normalise_live_wallet_payload",APPLIES,,UI action -> live_config.json / wallet_gate.json write -> running engine reads it (no restart) -> testnet behaviour,"Exchange positions, orders and fills; config file content hash before/after",restart after change | stale configuration | rejected update | API failure during change | invalid address | duplicate wallet,,NOT_TESTED,,,,OD-21 decided: re-pointed to the certified 13 May UI.
UI-WALLET-008,WALLET,Fixed notional (F),fixed_notional >= 0.01 persists; used only by ruled fixed semantics.,"HL_Copy_App_SSOT.py (13 May, sha256 fad19d22) _normalise_live_wallet_payload",OPEN_DECISION,OD-02,UI action -> live_config.json / wallet_gate.json write -> running engine reads it (no restart) -> testnet behaviour,"Exchange positions, orders and fills; config file content hash before/after",restart after change | stale configuration | rejected update | API failure during change | invalid address | duplicate wallet,,NOT_TESTED,,,,OD-21 decided: re-pointed to the certified 13 May UI.
UI-WALLET-009,WALLET,Leader equity base (B),"leader_equity_base >= 1 persists and is a sizing input only, never truth or target authority.","GUT I13 | HL_Copy_App_SSOT.py (13 May, sha256 fad19d22) _normalise_live_wallet_payload",APPLIES,,UI action -> live_config.json / wallet_gate.json write -> running engine reads it (no restart) -> testnet behaviour,"Exchange positions, orders and fills; config file content hash before/after",restart after change | stale configuration | rejected update | API failure during change | invalid address | duplicate wallet,,NOT_TESTED,,,,OD-21 decided: re-pointed to the certified 13 May UI.
UI-WALLET-010,WALLET,Wallet status and position/target representation,"Each wallet row shows mode, health, current exposure, owned position and target that match engine/exchange truth.",ARCH Full scope 3,APPLIES,,UI action -> live_config.json / wallet_gate.json write -> running engine reads it (no restart) -> testnet behaviour,"Exchange positions, orders and fills; config file content hash before/after",restart after change | stale configuration | rejected update | API failure during change | invalid address | duplicate wallet,,NOT_TESTED,,,,
UI-WALLET-011,WALLET,Persistence and restart,All wallet settings survive engine and UI restart exactly; restart creates no orders.,ARCH Full scope 3 | GUT I24,APPLIES,,UI action -> live_config.json / wallet_gate.json write -> running engine reads it (no restart) -> testnet behaviour,"Exchange positions, orders and fills; config file content hash before/after",restart after change | stale configuration | rejected update | API failure during change | invalid address | duplicate wallet,,NOT_TESTED,,,,
UI-WALLET-012,WALLET,Invalid input handling,"Bad address, bad mode (BAD_MODE), bad copy mode (BAD_COPY_MODE), non-numeric/negative values are rejected or clamped exactly as documented, the UI shows the error, config unchanged.","ARCH Full scope 3 | HL_Copy_App_SSOT.py (13 May, sha256 fad19d22) _normalise_live_wallet_payload | test_g4_ui_controls.py B_UNKNOWN_MODE_FAILS_CLOSED",APPLIES,,UI action -> live_config.json / wallet_gate.json write -> running engine reads it (no restart) -> testnet behaviour,"Exchange positions, orders and fills; config file content hash before/after",restart after change | stale configuration | rejected update | API failure during change | invalid address | duplicate wallet,,NOT_TESTED,,,,OD-21 decided: re-pointed to the certified 13 May UI.
UI-WALLET-013,WALLET,USER/account wallet can never be enabled,Account wallet forced OFF by set-wallet-mode; cannot be purged.,"test_g4_ui_controls.py B_USER_WALLET_NEVER_ENABLES | HL_Copy_App_SSOT.py (13 May, sha256 fad19d22) purge_wallet_everywhere",APPLIES,,UI action -> live_config.json / wallet_gate.json write -> running engine reads it (no restart) -> testnet behaviour,"Exchange positions, orders and fills; config file content hash before/after",restart after change | stale configuration | rejected update | API failure during change | invalid address | duplicate wallet,,NOT_TESTED,,,,OD-21 decided: re-pointed to the certified 13 May UI.
UI-WALLET-014,WALLET,Two mode writers agree,Legacy /api/set-wallet-mode and /api/set-all-modes (wallet_gate.json ON/OFF/CLOSE_ONLY) and Live Copy /api/live-config/set-mode (live_config.json LIVE/CLO/OFF) cannot leave the engine with contradictory authority; the effective mode is shown.,"HL_Copy_App_SSOT.py (13 May, sha256 fad19d22) set_wallet_mode / set_live_config_mode | legacy HL_Live_Copy_Service.py apply_wallet_gate | HL_Live_Copy_Service_Core.py (7,705-line, sha256 5bda57be)",OPEN_DECISION,OD-05,UI action -> live_config.json / wallet_gate.json write -> running engine reads it (no restart) -> testnet behaviour,"Exchange positions, orders and fills; config file content hash before/after",restart after change | stale configuration | rejected update | API failure during change | invalid address | duplicate wallet,,NOT_TESTED,,,,"Core: wallet_gate.json is reloaded each cycle (L6049); CLOSE_ONLY maps to CLO (L1909) and CLO blocks ENTRY/ADD (L2428). Code-read of the 2 Jun backup, unconfirmed by run; PRs #4/#6/#7 (merged at main 114e8b4) changed this code, so re-check there. OD-21 decided: re-pointed to the certified 13 May UI."
UI-WALLET-015,WALLET,PURGE (admin),Purge removes the wallet from app/engine-loaded files; must be refused or safe when the wallet owns exposure.,"HL_Copy_App_SSOT.py (13 May, sha256 fad19d22) /api/admin/purge-wallet",OPEN_DECISION,OD-13,UI action -> live_config.json / wallet_gate.json write -> running engine reads it (no restart) -> testnet behaviour,"Exchange positions, orders and fills; config file content hash before/after",restart after change | stale configuration | rejected update | API failure during change | invalid address | duplicate wallet,,NOT_TESTED,,,,OD-21 decided: re-pointed to the certified 13 May UI.
UI-WALLET-016,WALLET,Include in portfolio (INC),"INC checkbox only changes combined graph/header aggregation, never trading.","HL_Copy_App_SSOT.py (13 May, sha256 fad19d22) /api/wallet-include",APPLIES,,UI action -> live_config.json / wallet_gate.json write -> running engine reads it (no restart) -> testnet behaviour,"Exchange positions, orders and fills; config file content hash before/after",restart after change | stale configuration | rejected update | API failure during change | invalid address | duplicate wallet,,NOT_TESTED,,,,OD-21 decided: re-pointed to the certified 13 May UI.
UI-WALLET-017,WALLET,Wallet meta (tag/colour/note),Meta edits are display-only and persist.,"HL_Copy_App_SSOT.py (13 May, sha256 fad19d22) /api/wallet-meta",APPLIES,,UI action -> live_config.json / wallet_gate.json write -> running engine reads it (no restart) -> testnet behaviour,"Exchange positions, orders and fills; config file content hash before/after",restart after change | stale configuration | rejected update | API failure during change | invalid address | duplicate wallet,,NOT_TESTED,,,,OD-21 decided: re-pointed to the certified 13 May UI.
UI-WALLET-018,WALLET,Duplicate add / re-add archived,Adding an existing or archived wallet restores the existing record rather than creating a second.,"HL_Copy_App_SSOT.py (13 May, sha256 fad19d22) add_live_config_wallet",APPLIES,,UI action -> live_config.json / wallet_gate.json write -> running engine reads it (no restart) -> testnet behaviour,"Exchange positions, orders and fills; config file content hash before/after",restart after change | stale configuration | rejected update | API failure during change | invalid address | duplicate wallet,,NOT_TESTED,,,,OD-21 decided: re-pointed to the certified 13 May UI.
UI-WALLET-019,WALLET,Wallet subscription coverage,A wallet is live only with proven WS subscription + poll coverage + freshness; mismatch blocks that wallet.,FAILURES LOGIC-007 | FAILURES EXC-011,APPLIES,,UI action -> live_config.json / wallet_gate.json write -> running engine reads it (no restart) -> testnet behaviour,"Exchange positions, orders and fills; config file content hash before/after",restart after change | stale configuration | rejected update | API failure during change | invalid address | duplicate wallet,,NOT_TESTED,,,,
UI-LCC-HDR-01,UI,Command Centre header: Wallets n / 10,"Shows engine truth (configured/eligible wallets, auto-send env state, WS health aggregate); unknown -> n/a/OFFLINE, never green.","HL_Copy_App_SSOT.py (13 May, sha256 fad19d22) render_live_copy_control_panel header | ARCH Full scope 2 | ARCH Full scope 6 | FAILURES UI-001..003",APPLIES,,Engine/exchange truth at time T -> API endpoint payload -> rendered cell text at time T (DOM capture),Independent read of the same exchange/engine truth recomputed by a script that does not import HL_Copy_App_SSOT.py,source unavailable shows n/a/Unavailable not 0 | stale source flagged | API error surfaced,,NOT_TESTED,,,,OD-21 decided: re-pointed to the certified 13 May UI.
UI-LCC-HDR-02,UI,Command Centre header: Mode counts,"Shows engine truth (configured/eligible wallets, auto-send env state, WS health aggregate); unknown -> n/a/OFFLINE, never green.","HL_Copy_App_SSOT.py (13 May, sha256 fad19d22) render_live_copy_control_panel header | ARCH Full scope 2 | ARCH Full scope 6 | FAILURES UI-001..003",APPLIES,,Engine/exchange truth at time T -> API endpoint payload -> rendered cell text at time T (DOM capture),Independent read of the same exchange/engine truth recomputed by a script that does not import HL_Copy_App_SSOT.py,source unavailable shows n/a/Unavailable not 0 | stale source flagged | API error surfaced,,NOT_TESTED,,,,OD-21 decided: re-pointed to the certified 13 May UI.
UI-LCC-HDR-03,UI,Command Centre header: Real order sending,"Shows engine truth (configured/eligible wallets, auto-send env state, WS health aggregate); unknown -> n/a/OFFLINE, never green.","HL_Copy_App_SSOT.py (13 May, sha256 fad19d22) render_live_copy_control_panel header | ARCH Full scope 2 | ARCH Full scope 6 | FAILURES UI-001..003",APPLIES,,Engine/exchange truth at time T -> API endpoint payload -> rendered cell text at time T (DOM capture),Independent read of the same exchange/engine truth recomputed by a script that does not import HL_Copy_App_SSOT.py,source unavailable shows n/a/Unavailable not 0 | stale source flagged | API error surfaced,,NOT_TESTED,,,,OD-21 decided: re-pointed to the certified 13 May UI.
UI-LCC-HDR-04,UI,Command Centre header: WS overall,"Shows engine truth (configured/eligible wallets, auto-send env state, WS health aggregate); unknown -> n/a/OFFLINE, never green.","HL_Copy_App_SSOT.py (13 May, sha256 fad19d22) render_live_copy_control_panel header | ARCH Full scope 2 | ARCH Full scope 6 | FAILURES UI-001..003",APPLIES,,Engine/exchange truth at time T -> API endpoint payload -> rendered cell text at time T (DOM capture),Independent read of the same exchange/engine truth recomputed by a script that does not import HL_Copy_App_SSOT.py,source unavailable shows n/a/Unavailable not 0 | stale source flagged | API error surfaced,,NOT_TESTED,,,,OD-21 decided: re-pointed to the certified 13 May UI.
UI-LCC-HDR-05,UI,Command Centre header: REAL ORDERS safety pill,"Shows engine truth (configured/eligible wallets, auto-send env state, WS health aggregate); unknown -> n/a/OFFLINE, never green.","HL_Copy_App_SSOT.py (13 May, sha256 fad19d22) render_live_copy_control_panel header | ARCH Full scope 2 | ARCH Full scope 6 | FAILURES UI-001..003",APPLIES,,Engine/exchange truth at time T -> API endpoint payload -> rendered cell text at time T (DOM capture),Independent read of the same exchange/engine truth recomputed by a script that does not import HL_Copy_App_SSOT.py,source unavailable shows n/a/Unavailable not 0 | stale source flagged | API error surfaced,,NOT_TESTED,,,,OD-21 decided: re-pointed to the certified 13 May UI.
UI-LCC-HDR-06,UI,Command Centre header: Status message line,"Shows engine truth (configured/eligible wallets, auto-send env state, WS health aggregate); unknown -> n/a/OFFLINE, never green.","HL_Copy_App_SSOT.py (13 May, sha256 fad19d22) render_live_copy_control_panel header | ARCH Full scope 2 | ARCH Full scope 6 | FAILURES UI-001..003",APPLIES,,Engine/exchange truth at time T -> API endpoint payload -> rendered cell text at time T (DOM capture),Independent read of the same exchange/engine truth recomputed by a script that does not import HL_Copy_App_SSOT.py,source unavailable shows n/a/Unavailable not 0 | stale source flagged | API error surfaced,,NOT_TESTED,,,,OD-21 decided: re-pointed to the certified 13 May UI.
UI-LCC-BTN-01,UI,Command Centre button: Refresh,Button performs exactly its action; errors are shown in lcStatus/lcGcStatus.,"HL_Copy_App_SSOT.py (13 May, sha256 fad19d22) render_live_copy_control_panel header-actions | ARCH Full scope 2 | ARCH Full scope 6 | FAILURES UI-001..003",APPLIES,,Engine/exchange truth at time T -> API endpoint payload -> rendered cell text at time T (DOM capture),Independent read of the same exchange/engine truth recomputed by a script that does not import HL_Copy_App_SSOT.py,source unavailable shows n/a/Unavailable not 0 | stale source flagged | API error surfaced,,NOT_TESTED,,,,OD-21 decided: re-pointed to the certified 13 May UI.
UI-LCC-BTN-02,UI,Command Centre button: Global Controls (toggle),Button performs exactly its action; errors are shown in lcStatus/lcGcStatus.,"HL_Copy_App_SSOT.py (13 May, sha256 fad19d22) render_live_copy_control_panel header-actions | ARCH Full scope 2 | ARCH Full scope 6 | FAILURES UI-001..003",APPLIES,,Engine/exchange truth at time T -> API endpoint payload -> rendered cell text at time T (DOM capture),Independent read of the same exchange/engine truth recomputed by a script that does not import HL_Copy_App_SSOT.py,source unavailable shows n/a/Unavailable not 0 | stale source flagged | API error surfaced,,NOT_TESTED,,,,OD-21 decided: re-pointed to the certified 13 May UI.
UI-LCC-BTN-03,UI,Command Centre button: Add wallet (opens modal),Button performs exactly its action; errors are shown in lcStatus/lcGcStatus.,"HL_Copy_App_SSOT.py (13 May, sha256 fad19d22) render_live_copy_control_panel header-actions | ARCH Full scope 2 | ARCH Full scope 6 | FAILURES UI-001..003",APPLIES,,Engine/exchange truth at time T -> API endpoint payload -> rendered cell text at time T (DOM capture),Independent read of the same exchange/engine truth recomputed by a script that does not import HL_Copy_App_SSOT.py,source unavailable shows n/a/Unavailable not 0 | stale source flagged | API error surfaced,,NOT_TESTED,,,,OD-21 decided: re-pointed to the certified 13 May UI.
UI-LCC-BTN-04,UI,Command Centre button: Global Controls close,Button performs exactly its action; errors are shown in lcStatus/lcGcStatus.,"HL_Copy_App_SSOT.py (13 May, sha256 fad19d22) render_live_copy_control_panel header-actions | ARCH Full scope 2 | ARCH Full scope 6 | FAILURES UI-001..003",APPLIES,,Engine/exchange truth at time T -> API endpoint payload -> rendered cell text at time T (DOM capture),Independent read of the same exchange/engine truth recomputed by a script that does not import HL_Copy_App_SSOT.py,source unavailable shows n/a/Unavailable not 0 | stale source flagged | API error surfaced,,NOT_TESTED,,,,OD-21 decided: re-pointed to the certified 13 May UI.
UI-LCC-BTN-05,UI,Command Centre button: Save Global Controls,Button performs exactly its action; errors are shown in lcStatus/lcGcStatus.,"HL_Copy_App_SSOT.py (13 May, sha256 fad19d22) render_live_copy_control_panel header-actions | ARCH Full scope 2 | ARCH Full scope 6 | FAILURES UI-001..003",APPLIES,,Engine/exchange truth at time T -> API endpoint payload -> rendered cell text at time T (DOM capture),Independent read of the same exchange/engine truth recomputed by a script that does not import HL_Copy_App_SSOT.py,source unavailable shows n/a/Unavailable not 0 | stale source flagged | API error surfaced,,NOT_TESTED,,,,OD-21 decided: re-pointed to the certified 13 May UI.
UI-LCC-CARD-01,UI,Real Account card: Portfolio Value,Value equals MASTER exchange truth at snapshot time (Live Exposure currently from manual_live_exposure_estimate — must be labelled or replaced by exchange truth); unavailable -> 'Unavailable'/'n/a'.,"HL_Copy_App_SSOT.py (13 May, sha256 fad19d22) renderCards | ARCH Full scope 2 | ARCH Full scope 6 | FAILURES UI-001..003",APPLIES,,Engine/exchange truth at time T -> API endpoint payload -> rendered cell text at time T (DOM capture),Independent read of the same exchange/engine truth recomputed by a script that does not import HL_Copy_App_SSOT.py,source unavailable shows n/a/Unavailable not 0 | stale source flagged | API error surfaced,,NOT_TESTED,,,,OD-21 decided: re-pointed to the certified 13 May UI.
UI-LCC-CARD-02,UI,Real Account card: Unrealized PnL,Value equals MASTER exchange truth at snapshot time (Live Exposure currently from manual_live_exposure_estimate — must be labelled or replaced by exchange truth); unavailable -> 'Unavailable'/'n/a'.,"HL_Copy_App_SSOT.py (13 May, sha256 fad19d22) renderCards | ARCH Full scope 2 | ARCH Full scope 6 | FAILURES UI-001..003",APPLIES,,Engine/exchange truth at time T -> API endpoint payload -> rendered cell text at time T (DOM capture),Independent read of the same exchange/engine truth recomputed by a script that does not import HL_Copy_App_SSOT.py,source unavailable shows n/a/Unavailable not 0 | stale source flagged | API error surfaced,,NOT_TESTED,,,,OD-21 decided: re-pointed to the certified 13 May UI.
UI-LCC-CARD-03,UI,Real Account card: Realized PnL,Value equals MASTER exchange truth at snapshot time (Live Exposure currently from manual_live_exposure_estimate — must be labelled or replaced by exchange truth); unavailable -> 'Unavailable'/'n/a'.,"HL_Copy_App_SSOT.py (13 May, sha256 fad19d22) renderCards | ARCH Full scope 2 | ARCH Full scope 6 | FAILURES UI-001..003",APPLIES,,Engine/exchange truth at time T -> API endpoint payload -> rendered cell text at time T (DOM capture),Independent read of the same exchange/engine truth recomputed by a script that does not import HL_Copy_App_SSOT.py,source unavailable shows n/a/Unavailable not 0 | stale source flagged | API error surfaced,,NOT_TESTED,,,,OD-21 decided: re-pointed to the certified 13 May UI.
UI-LCC-CARD-04,UI,Real Account card: Open Positions,Value equals MASTER exchange truth at snapshot time (Live Exposure currently from manual_live_exposure_estimate — must be labelled or replaced by exchange truth); unavailable -> 'Unavailable'/'n/a'.,"HL_Copy_App_SSOT.py (13 May, sha256 fad19d22) renderCards | ARCH Full scope 2 | ARCH Full scope 6 | FAILURES UI-001..003",APPLIES,,Engine/exchange truth at time T -> API endpoint payload -> rendered cell text at time T (DOM capture),Independent read of the same exchange/engine truth recomputed by a script that does not import HL_Copy_App_SSOT.py,source unavailable shows n/a/Unavailable not 0 | stale source flagged | API error surfaced,,NOT_TESTED,,,,OD-21 decided: re-pointed to the certified 13 May UI.
UI-LCC-CARD-05,UI,Real Account card: Live Exposure,Value equals MASTER exchange truth at snapshot time (Live Exposure currently from manual_live_exposure_estimate — must be labelled or replaced by exchange truth); unavailable -> 'Unavailable'/'n/a'.,"HL_Copy_App_SSOT.py (13 May, sha256 fad19d22) renderCards | ARCH Full scope 2 | ARCH Full scope 6 | FAILURES UI-001..003",APPLIES,,Engine/exchange truth at time T -> API endpoint payload -> rendered cell text at time T (DOM capture),Independent read of the same exchange/engine truth recomputed by a script that does not import HL_Copy_App_SSOT.py,source unavailable shows n/a/Unavailable not 0 | stale source flagged | API error surfaced,,NOT_TESTED,,,,OD-21 decided: re-pointed to the certified 13 May UI.
UI-LCC-CARD-06,UI,Real Account card: Last Fill,Value equals MASTER exchange truth at snapshot time (Live Exposure currently from manual_live_exposure_estimate — must be labelled or replaced by exchange truth); unavailable -> 'Unavailable'/'n/a'.,"HL_Copy_App_SSOT.py (13 May, sha256 fad19d22) renderCards | ARCH Full scope 2 | ARCH Full scope 6 | FAILURES UI-001..003",APPLIES,,Engine/exchange truth at time T -> API endpoint payload -> rendered cell text at time T (DOM capture),Independent read of the same exchange/engine truth recomputed by a script that does not import HL_Copy_App_SSOT.py,source unavailable shows n/a/Unavailable not 0 | stale source flagged | API error surfaced,,NOT_TESTED,,,,OD-21 decided: re-pointed to the certified 13 May UI.
UI-LCC-CARD-07,UI,Real Account card: Last Reject,Value equals MASTER exchange truth at snapshot time (Live Exposure currently from manual_live_exposure_estimate — must be labelled or replaced by exchange truth); unavailable -> 'Unavailable'/'n/a'.,"HL_Copy_App_SSOT.py (13 May, sha256 fad19d22) renderCards | ARCH Full scope 2 | ARCH Full scope 6 | FAILURES UI-001..003",APPLIES,,Engine/exchange truth at time T -> API endpoint payload -> rendered cell text at time T (DOM capture),Independent read of the same exchange/engine truth recomputed by a script that does not import HL_Copy_App_SSOT.py,source unavailable shows n/a/Unavailable not 0 | stale source flagged | API error surfaced,,NOT_TESTED,,,,OD-21 decided: re-pointed to the certified 13 May UI.
UI-LCC-GRAPH-01,UI,Live graph control: Account mode,"Series derive from exchange account history (unified_portfolio_value, else clearinghouse fallback, labelled) and user closedPnl; ranges filter correctly; <2 points shows the explicit message.","HL_Copy_App_SSOT.py (13 May, sha256 fad19d22) renderGraph | ARCH Full scope 2 | ARCH Full scope 6 | FAILURES UI-001..003",APPLIES,,Engine/exchange truth at time T -> API endpoint payload -> rendered cell text at time T (DOM capture),Independent read of the same exchange/engine truth recomputed by a script that does not import HL_Copy_App_SSOT.py,source unavailable shows n/a/Unavailable not 0 | stale source flagged | API error surfaced,,NOT_TESTED,,,,OD-21 decided: re-pointed to the certified 13 May UI.
UI-LCC-GRAPH-02,UI,Live graph control: Selected Wallet PnL mode,"Series derive from exchange account history (unified_portfolio_value, else clearinghouse fallback, labelled) and user closedPnl; ranges filter correctly; <2 points shows the explicit message.","HL_Copy_App_SSOT.py (13 May, sha256 fad19d22) renderGraph | ARCH Full scope 2 | ARCH Full scope 6 | FAILURES UI-001..003",APPLIES,,Engine/exchange truth at time T -> API endpoint payload -> rendered cell text at time T (DOM capture),Independent read of the same exchange/engine truth recomputed by a script that does not import HL_Copy_App_SSOT.py,source unavailable shows n/a/Unavailable not 0 | stale source flagged | API error surfaced,,NOT_TESTED,,,,OD-21 decided: re-pointed to the certified 13 May UI.
UI-LCC-GRAPH-03,UI,Live graph control: Exposure mode,"Series derive from exchange account history (unified_portfolio_value, else clearinghouse fallback, labelled) and user closedPnl; ranges filter correctly; <2 points shows the explicit message.","HL_Copy_App_SSOT.py (13 May, sha256 fad19d22) renderGraph | ARCH Full scope 2 | ARCH Full scope 6 | FAILURES UI-001..003",APPLIES,,Engine/exchange truth at time T -> API endpoint payload -> rendered cell text at time T (DOM capture),Independent read of the same exchange/engine truth recomputed by a script that does not import HL_Copy_App_SSOT.py,source unavailable shows n/a/Unavailable not 0 | stale source flagged | API error surfaced,,NOT_TESTED,,,,OD-21 decided: re-pointed to the certified 13 May UI.
UI-LCC-GRAPH-04,UI,Live graph control: 1D,"Series derive from exchange account history (unified_portfolio_value, else clearinghouse fallback, labelled) and user closedPnl; ranges filter correctly; <2 points shows the explicit message.","HL_Copy_App_SSOT.py (13 May, sha256 fad19d22) renderGraph | ARCH Full scope 2 | ARCH Full scope 6 | FAILURES UI-001..003",APPLIES,,Engine/exchange truth at time T -> API endpoint payload -> rendered cell text at time T (DOM capture),Independent read of the same exchange/engine truth recomputed by a script that does not import HL_Copy_App_SSOT.py,source unavailable shows n/a/Unavailable not 0 | stale source flagged | API error surfaced,,NOT_TESTED,,,,OD-21 decided: re-pointed to the certified 13 May UI.
UI-LCC-GRAPH-05,UI,Live graph control: 7D,"Series derive from exchange account history (unified_portfolio_value, else clearinghouse fallback, labelled) and user closedPnl; ranges filter correctly; <2 points shows the explicit message.","HL_Copy_App_SSOT.py (13 May, sha256 fad19d22) renderGraph | ARCH Full scope 2 | ARCH Full scope 6 | FAILURES UI-001..003",APPLIES,,Engine/exchange truth at time T -> API endpoint payload -> rendered cell text at time T (DOM capture),Independent read of the same exchange/engine truth recomputed by a script that does not import HL_Copy_App_SSOT.py,source unavailable shows n/a/Unavailable not 0 | stale source flagged | API error surfaced,,NOT_TESTED,,,,OD-21 decided: re-pointed to the certified 13 May UI.
UI-LCC-GRAPH-06,UI,Live graph control: ALL,"Series derive from exchange account history (unified_portfolio_value, else clearinghouse fallback, labelled) and user closedPnl; ranges filter correctly; <2 points shows the explicit message.","HL_Copy_App_SSOT.py (13 May, sha256 fad19d22) renderGraph | ARCH Full scope 2 | ARCH Full scope 6 | FAILURES UI-001..003",APPLIES,,Engine/exchange truth at time T -> API endpoint payload -> rendered cell text at time T (DOM capture),Independent read of the same exchange/engine truth recomputed by a script that does not import HL_Copy_App_SSOT.py,source unavailable shows n/a/Unavailable not 0 | stale source flagged | API error surfaced,,NOT_TESTED,,,,OD-21 decided: re-pointed to the certified 13 May UI.
UI-LCC-GRAPH-07,UI,Live graph control: Start datetime,"Series derive from exchange account history (unified_portfolio_value, else clearinghouse fallback, labelled) and user closedPnl; ranges filter correctly; <2 points shows the explicit message.","HL_Copy_App_SSOT.py (13 May, sha256 fad19d22) renderGraph | ARCH Full scope 2 | ARCH Full scope 6 | FAILURES UI-001..003",APPLIES,,Engine/exchange truth at time T -> API endpoint payload -> rendered cell text at time T (DOM capture),Independent read of the same exchange/engine truth recomputed by a script that does not import HL_Copy_App_SSOT.py,source unavailable shows n/a/Unavailable not 0 | stale source flagged | API error surfaced,,NOT_TESTED,,,,OD-21 decided: re-pointed to the certified 13 May UI.
UI-LCC-GRAPH-08,UI,Live graph control: End datetime,"Series derive from exchange account history (unified_portfolio_value, else clearinghouse fallback, labelled) and user closedPnl; ranges filter correctly; <2 points shows the explicit message.","HL_Copy_App_SSOT.py (13 May, sha256 fad19d22) renderGraph | ARCH Full scope 2 | ARCH Full scope 6 | FAILURES UI-001..003",APPLIES,,Engine/exchange truth at time T -> API endpoint payload -> rendered cell text at time T (DOM capture),Independent read of the same exchange/engine truth recomputed by a script that does not import HL_Copy_App_SSOT.py,source unavailable shows n/a/Unavailable not 0 | stale source flagged | API error surfaced,,NOT_TESTED,,,,OD-21 decided: re-pointed to the certified 13 May UI.
UI-LCC-GRAPH-09,UI,Live graph control: Apply,"Series derive from exchange account history (unified_portfolio_value, else clearinghouse fallback, labelled) and user closedPnl; ranges filter correctly; <2 points shows the explicit message.","HL_Copy_App_SSOT.py (13 May, sha256 fad19d22) renderGraph | ARCH Full scope 2 | ARCH Full scope 6 | FAILURES UI-001..003",APPLIES,,Engine/exchange truth at time T -> API endpoint payload -> rendered cell text at time T (DOM capture),Independent read of the same exchange/engine truth recomputed by a script that does not import HL_Copy_App_SSOT.py,source unavailable shows n/a/Unavailable not 0 | stale source flagged | API error surfaced,,NOT_TESTED,,,,OD-21 decided: re-pointed to the certified 13 May UI.
UI-LCC-GRAPH-10,UI,Live graph control: Reset,"Series derive from exchange account history (unified_portfolio_value, else clearinghouse fallback, labelled) and user closedPnl; ranges filter correctly; <2 points shows the explicit message.","HL_Copy_App_SSOT.py (13 May, sha256 fad19d22) renderGraph | ARCH Full scope 2 | ARCH Full scope 6 | FAILURES UI-001..003",APPLIES,,Engine/exchange truth at time T -> API endpoint payload -> rendered cell text at time T (DOM capture),Independent read of the same exchange/engine truth recomputed by a script that does not import HL_Copy_App_SSOT.py,source unavailable shows n/a/Unavailable not 0 | stale source flagged | API error surfaced,,NOT_TESTED,,,,OD-21 decided: re-pointed to the certified 13 May UI.
UI-LCC-GRAPH-11,UI,Live graph control: Total PnL line,"Series derive from exchange account history (unified_portfolio_value, else clearinghouse fallback, labelled) and user closedPnl; ranges filter correctly; <2 points shows the explicit message.","HL_Copy_App_SSOT.py (13 May, sha256 fad19d22) renderGraph | ARCH Full scope 2 | ARCH Full scope 6 | FAILURES UI-001..003",APPLIES,,Engine/exchange truth at time T -> API endpoint payload -> rendered cell text at time T (DOM capture),Independent read of the same exchange/engine truth recomputed by a script that does not import HL_Copy_App_SSOT.py,source unavailable shows n/a/Unavailable not 0 | stale source flagged | API error surfaced,,NOT_TESTED,,,,OD-21 decided: re-pointed to the certified 13 May UI.
UI-LCC-GRAPH-12,UI,Live graph control: Realized PnL line,"Series derive from exchange account history (unified_portfolio_value, else clearinghouse fallback, labelled) and user closedPnl; ranges filter correctly; <2 points shows the explicit message.","HL_Copy_App_SSOT.py (13 May, sha256 fad19d22) renderGraph | ARCH Full scope 2 | ARCH Full scope 6 | FAILURES UI-001..003",APPLIES,,Engine/exchange truth at time T -> API endpoint payload -> rendered cell text at time T (DOM capture),Independent read of the same exchange/engine truth recomputed by a script that does not import HL_Copy_App_SSOT.py,source unavailable shows n/a/Unavailable not 0 | stale source flagged | API error surfaced,,NOT_TESTED,,,,OD-21 decided: re-pointed to the certified 13 May UI.
UI-LCC-GRAPH-13,UI,Live graph control: Drawdown line,"Series derive from exchange account history (unified_portfolio_value, else clearinghouse fallback, labelled) and user closedPnl; ranges filter correctly; <2 points shows the explicit message.","HL_Copy_App_SSOT.py (13 May, sha256 fad19d22) renderGraph | ARCH Full scope 2 | ARCH Full scope 6 | FAILURES UI-001..003",APPLIES,,Engine/exchange truth at time T -> API endpoint payload -> rendered cell text at time T (DOM capture),Independent read of the same exchange/engine truth recomputed by a script that does not import HL_Copy_App_SSOT.py,source unavailable shows n/a/Unavailable not 0 | stale source flagged | API error surfaced,,NOT_TESTED,,,,OD-21 decided: re-pointed to the certified 13 May UI.
UI-LCC-GRAPH-14,UI,Live graph control: Y axis labels,"Series derive from exchange account history (unified_portfolio_value, else clearinghouse fallback, labelled) and user closedPnl; ranges filter correctly; <2 points shows the explicit message.","HL_Copy_App_SSOT.py (13 May, sha256 fad19d22) renderGraph | ARCH Full scope 2 | ARCH Full scope 6 | FAILURES UI-001..003",APPLIES,,Engine/exchange truth at time T -> API endpoint payload -> rendered cell text at time T (DOM capture),Independent read of the same exchange/engine truth recomputed by a script that does not import HL_Copy_App_SSOT.py,source unavailable shows n/a/Unavailable not 0 | stale source flagged | API error surfaced,,NOT_TESTED,,,,OD-21 decided: re-pointed to the certified 13 May UI.
UI-LCC-GRAPH-15,UI,Live graph control: X axis ticks,"Series derive from exchange account history (unified_portfolio_value, else clearinghouse fallback, labelled) and user closedPnl; ranges filter correctly; <2 points shows the explicit message.","HL_Copy_App_SSOT.py (13 May, sha256 fad19d22) renderGraph | ARCH Full scope 2 | ARCH Full scope 6 | FAILURES UI-001..003",APPLIES,,Engine/exchange truth at time T -> API endpoint payload -> rendered cell text at time T (DOM capture),Independent read of the same exchange/engine truth recomputed by a script that does not import HL_Copy_App_SSOT.py,source unavailable shows n/a/Unavailable not 0 | stale source flagged | API error surfaced,,NOT_TESTED,,,,OD-21 decided: re-pointed to the certified 13 May UI.
UI-LCC-GRAPH-16,UI,Live graph control: Subtitle point counts,"Series derive from exchange account history (unified_portfolio_value, else clearinghouse fallback, labelled) and user closedPnl; ranges filter correctly; <2 points shows the explicit message.","HL_Copy_App_SSOT.py (13 May, sha256 fad19d22) renderGraph | ARCH Full scope 2 | ARCH Full scope 6 | FAILURES UI-001..003",APPLIES,,Engine/exchange truth at time T -> API endpoint payload -> rendered cell text at time T (DOM capture),Independent read of the same exchange/engine truth recomputed by a script that does not import HL_Copy_App_SSOT.py,source unavailable shows n/a/Unavailable not 0 | stale source flagged | API error surfaced,,NOT_TESTED,,,,OD-21 decided: re-pointed to the certified 13 May UI.
UI-LCC-WTBL-01,UI,Live Copy Wallets column: Wallet (+LIVE COPY/TRACKED/HISTORICAL),Each value matches engine/exchange truth for that wallet; controls write live_config.json and the engine applies them.,"HL_Copy_App_SSOT.py (13 May, sha256 fad19d22) renderWallets | ARCH Full scope 2 | ARCH Full scope 6 | FAILURES UI-001..003",APPLIES,,Engine/exchange truth at time T -> API endpoint payload -> rendered cell text at time T (DOM capture),Independent read of the same exchange/engine truth recomputed by a script that does not import HL_Copy_App_SSOT.py,source unavailable shows n/a/Unavailable not 0 | stale source flagged | API error surfaced,,NOT_TESTED,,,,OD-21 decided: re-pointed to the certified 13 May UI.
UI-LCC-WTBL-02,UI,"Live Copy Wallets column: Mode / Health (mode, eligibility, WS pill)",Each value matches engine/exchange truth for that wallet; controls write live_config.json and the engine applies them.,"HL_Copy_App_SSOT.py (13 May, sha256 fad19d22) renderWallets | ARCH Full scope 2 | ARCH Full scope 6 | FAILURES UI-001..003",APPLIES,,Engine/exchange truth at time T -> API endpoint payload -> rendered cell text at time T (DOM capture),Independent read of the same exchange/engine truth recomputed by a script that does not import HL_Copy_App_SSOT.py,source unavailable shows n/a/Unavailable not 0 | stale source flagged | API error surfaced,,NOT_TESTED,,,,OD-21 decided: re-pointed to the certified 13 May UI.
UI-LCC-WTBL-03,UI,Live Copy Wallets column: Live PnL R/U/Net + PnL status,Each value matches engine/exchange truth for that wallet; controls write live_config.json and the engine applies them.,"HL_Copy_App_SSOT.py (13 May, sha256 fad19d22) renderWallets | ARCH Full scope 2 | ARCH Full scope 6 | FAILURES UI-001..003",APPLIES,,Engine/exchange truth at time T -> API endpoint payload -> rendered cell text at time T (DOM capture),Independent read of the same exchange/engine truth recomputed by a script that does not import HL_Copy_App_SSOT.py,source unavailable shows n/a/Unavailable not 0 | stale source flagged | API error surfaced,,NOT_TESTED,,,,OD-21 decided: re-pointed to the certified 13 May UI.
UI-LCC-WTBL-04,UI,Live Copy Wallets column: Lead<->Copy Diff Total/Avg/Avg bps/Worst bps,Each value matches engine/exchange truth for that wallet; controls write live_config.json and the engine applies them.,"HL_Copy_App_SSOT.py (13 May, sha256 fad19d22) renderWallets | ARCH Full scope 2 | ARCH Full scope 6 | FAILURES UI-001..003",APPLIES,,Engine/exchange truth at time T -> API endpoint payload -> rendered cell text at time T (DOM capture),Independent read of the same exchange/engine truth recomputed by a script that does not import HL_Copy_App_SSOT.py,source unavailable shows n/a/Unavailable not 0 | stale source flagged | API error surfaced,,NOT_TESTED,,,,OD-21 decided: re-pointed to the certified 13 May UI.
UI-LCC-WTBL-05,UI,Live Copy Wallets column: Execution filled/exits/rejects/blocks,Each value matches engine/exchange truth for that wallet; controls write live_config.json and the engine applies them.,"HL_Copy_App_SSOT.py (13 May, sha256 fad19d22) renderWallets | ARCH Full scope 2 | ARCH Full scope 6 | FAILURES UI-001..003",APPLIES,,Engine/exchange truth at time T -> API endpoint payload -> rendered cell text at time T (DOM capture),Independent read of the same exchange/engine truth recomputed by a script that does not import HL_Copy_App_SSOT.py,source unavailable shows n/a/Unavailable not 0 | stale source flagged | API error surfaced,,NOT_TESTED,,,,OD-21 decided: re-pointed to the certified 13 May UI.
UI-LCC-WTBL-06,UI,Live Copy Wallets column: Risk/Exposure exposure/open pos/DD/MaxDD,Each value matches engine/exchange truth for that wallet; controls write live_config.json and the engine applies them.,"HL_Copy_App_SSOT.py (13 May, sha256 fad19d22) renderWallets | ARCH Full scope 2 | ARCH Full scope 6 | FAILURES UI-001..003",APPLIES,,Engine/exchange truth at time T -> API endpoint payload -> rendered cell text at time T (DOM capture),Independent read of the same exchange/engine truth recomputed by a script that does not import HL_Copy_App_SSOT.py,source unavailable shows n/a/Unavailable not 0 | stale source flagged | API error surfaced,,NOT_TESTED,,,,OD-21 decided: re-pointed to the certified 13 May UI.
UI-LCC-WTBL-07,UI,Live Copy Wallets column: Last Fill,Each value matches engine/exchange truth for that wallet; controls write live_config.json and the engine applies them.,"HL_Copy_App_SSOT.py (13 May, sha256 fad19d22) renderWallets | ARCH Full scope 2 | ARCH Full scope 6 | FAILURES UI-001..003",APPLIES,,Engine/exchange truth at time T -> API endpoint payload -> rendered cell text at time T (DOM capture),Independent read of the same exchange/engine truth recomputed by a script that does not import HL_Copy_App_SSOT.py,source unavailable shows n/a/Unavailable not 0 | stale source flagged | API error surfaced,,NOT_TESTED,,,,OD-21 decided: re-pointed to the certified 13 May UI.
UI-LCC-WTBL-08,UI,Live Copy Wallets column: Controls mode select,Each value matches engine/exchange truth for that wallet; controls write live_config.json and the engine applies them.,"HL_Copy_App_SSOT.py (13 May, sha256 fad19d22) renderWallets | ARCH Full scope 2 | ARCH Full scope 6 | FAILURES UI-001..003",APPLIES,,Engine/exchange truth at time T -> API endpoint payload -> rendered cell text at time T (DOM capture),Independent read of the same exchange/engine truth recomputed by a script that does not import HL_Copy_App_SSOT.py,source unavailable shows n/a/Unavailable not 0 | stale source flagged | API error surfaced,,NOT_TESTED,,,,OD-21 decided: re-pointed to the certified 13 May UI.
UI-LCC-WTBL-09,UI,Live Copy Wallets column: Controls copy model select,Each value matches engine/exchange truth for that wallet; controls write live_config.json and the engine applies them.,"HL_Copy_App_SSOT.py (13 May, sha256 fad19d22) renderWallets | ARCH Full scope 2 | ARCH Full scope 6 | FAILURES UI-001..003",APPLIES,,Engine/exchange truth at time T -> API endpoint payload -> rendered cell text at time T (DOM capture),Independent read of the same exchange/engine truth recomputed by a script that does not import HL_Copy_App_SSOT.py,source unavailable shows n/a/Unavailable not 0 | stale source flagged | API error surfaced,,NOT_TESTED,,,,OD-21 decided: re-pointed to the certified 13 May UI.
UI-LCC-WTBL-10,UI,Live Copy Wallets column: Controls F/N/B inputs,Each value matches engine/exchange truth for that wallet; controls write live_config.json and the engine applies them.,"HL_Copy_App_SSOT.py (13 May, sha256 fad19d22) renderWallets | ARCH Full scope 2 | ARCH Full scope 6 | FAILURES UI-001..003",APPLIES,,Engine/exchange truth at time T -> API endpoint payload -> rendered cell text at time T (DOM capture),Independent read of the same exchange/engine truth recomputed by a script that does not import HL_Copy_App_SSOT.py,source unavailable shows n/a/Unavailable not 0 | stale source flagged | API error surfaced,,NOT_TESTED,,,,OD-21 decided: re-pointed to the certified 13 May UI.
UI-LCC-WTBL-11,UI,Live Copy Wallets column: Save,Each value matches engine/exchange truth for that wallet; controls write live_config.json and the engine applies them.,"HL_Copy_App_SSOT.py (13 May, sha256 fad19d22) renderWallets | ARCH Full scope 2 | ARCH Full scope 6 | FAILURES UI-001..003",APPLIES,,Engine/exchange truth at time T -> API endpoint payload -> rendered cell text at time T (DOM capture),Independent read of the same exchange/engine truth recomputed by a script that does not import HL_Copy_App_SSOT.py,source unavailable shows n/a/Unavailable not 0 | stale source flagged | API error surfaced,,NOT_TESTED,,,,OD-21 decided: re-pointed to the certified 13 May UI.
UI-LCC-WTBL-12,UI,Live Copy Wallets column: CLO,Each value matches engine/exchange truth for that wallet; controls write live_config.json and the engine applies them.,"HL_Copy_App_SSOT.py (13 May, sha256 fad19d22) renderWallets | ARCH Full scope 2 | ARCH Full scope 6 | FAILURES UI-001..003",APPLIES,,Engine/exchange truth at time T -> API endpoint payload -> rendered cell text at time T (DOM capture),Independent read of the same exchange/engine truth recomputed by a script that does not import HL_Copy_App_SSOT.py,source unavailable shows n/a/Unavailable not 0 | stale source flagged | API error surfaced,,NOT_TESTED,,,,OD-21 decided: re-pointed to the certified 13 May UI.
UI-LCC-WTBL-13,UI,Live Copy Wallets column: OFF,Each value matches engine/exchange truth for that wallet; controls write live_config.json and the engine applies them.,"HL_Copy_App_SSOT.py (13 May, sha256 fad19d22) renderWallets | ARCH Full scope 2 | ARCH Full scope 6 | FAILURES UI-001..003",APPLIES,,Engine/exchange truth at time T -> API endpoint payload -> rendered cell text at time T (DOM capture),Independent read of the same exchange/engine truth recomputed by a script that does not import HL_Copy_App_SSOT.py,source unavailable shows n/a/Unavailable not 0 | stale source flagged | API error surfaced,,NOT_TESTED,,,,OD-21 decided: re-pointed to the certified 13 May UI.
UI-LCC-WTBL-14,UI,Live Copy Wallets column: Archive,Each value matches engine/exchange truth for that wallet; controls write live_config.json and the engine applies them.,"HL_Copy_App_SSOT.py (13 May, sha256 fad19d22) renderWallets | ARCH Full scope 2 | ARCH Full scope 6 | FAILURES UI-001..003",APPLIES,,Engine/exchange truth at time T -> API endpoint payload -> rendered cell text at time T (DOM capture),Independent read of the same exchange/engine truth recomputed by a script that does not import HL_Copy_App_SSOT.py,source unavailable shows n/a/Unavailable not 0 | stale source flagged | API error surfaced,,NOT_TESTED,,,,OD-21 decided: re-pointed to the certified 13 May UI.
UI-LCC-DETAIL-01,UI,Wallet detail section: A Live Performance,Per-wallet detail matches exchange fills/positions attributed to that leader; attribution quality shown.,"HL_Copy_App_SSOT.py (13 May, sha256 fad19d22) walletDetailHtml | ARCH Full scope 2 | ARCH Full scope 6 | FAILURES UI-001..003",APPLIES,,Engine/exchange truth at time T -> API endpoint payload -> rendered cell text at time T (DOM capture),Independent read of the same exchange/engine truth recomputed by a script that does not import HL_Copy_App_SSOT.py,source unavailable shows n/a/Unavailable not 0 | stale source flagged | API error surfaced,,NOT_TESTED,,,,OD-21 decided: re-pointed to the certified 13 May UI.
UI-LCC-DETAIL-02,UI,Wallet detail section: B Open Positions (Coin/Side/Size/Entry/Mark/uPnL/Exposure/Exchange match),Per-wallet detail matches exchange fills/positions attributed to that leader; attribution quality shown.,"HL_Copy_App_SSOT.py (13 May, sha256 fad19d22) walletDetailHtml | ARCH Full scope 2 | ARCH Full scope 6 | FAILURES UI-001..003",APPLIES,,Engine/exchange truth at time T -> API endpoint payload -> rendered cell text at time T (DOM capture),Independent read of the same exchange/engine truth recomputed by a script that does not import HL_Copy_App_SSOT.py,source unavailable shows n/a/Unavailable not 0 | stale source flagged | API error surfaced,,NOT_TESTED,,,,OD-21 decided: re-pointed to the certified 13 May UI.
UI-LCC-DETAIL-03,UI,Wallet detail section: C Lead vs Copy / Friction,Per-wallet detail matches exchange fills/positions attributed to that leader; attribution quality shown.,"HL_Copy_App_SSOT.py (13 May, sha256 fad19d22) walletDetailHtml | ARCH Full scope 2 | ARCH Full scope 6 | FAILURES UI-001..003",APPLIES,,Engine/exchange truth at time T -> API endpoint payload -> rendered cell text at time T (DOM capture),Independent read of the same exchange/engine truth recomputed by a script that does not import HL_Copy_App_SSOT.py,source unavailable shows n/a/Unavailable not 0 | stale source flagged | API error surfaced,,NOT_TESTED,,,,OD-21 decided: re-pointed to the certified 13 May UI.
UI-LCC-DETAIL-04,UI,Wallet detail section: D Execution Audit,Per-wallet detail matches exchange fills/positions attributed to that leader; attribution quality shown.,"HL_Copy_App_SSOT.py (13 May, sha256 fad19d22) walletDetailHtml | ARCH Full scope 2 | ARCH Full scope 6 | FAILURES UI-001..003",APPLIES,,Engine/exchange truth at time T -> API endpoint payload -> rendered cell text at time T (DOM capture),Independent read of the same exchange/engine truth recomputed by a script that does not import HL_Copy_App_SSOT.py,source unavailable shows n/a/Unavailable not 0 | stale source flagged | API error surfaced,,NOT_TESTED,,,,OD-21 decided: re-pointed to the certified 13 May UI.
UI-LCC-POS-01,UI,Real Copy Positions column: Coin,Exchange columns equal MASTER clearinghouseState (all DEX scopes); ledger columns labelled non-authoritative; mismatch visible.,"HL_Copy_App_SSOT.py (13 May, sha256 fad19d22) lcPositionRows | ARCH Full scope 2 | ARCH Full scope 6 | FAILURES UI-001..003",SUPERSEDED,OD-08,Engine/exchange truth at time T -> API endpoint payload -> rendered cell text at time T (DOM capture),Independent read of the same exchange/engine truth recomputed by a script that does not import HL_Copy_App_SSOT.py,source unavailable shows n/a/Unavailable not 0 | stale source flagged | API error surfaced,,NOT_TESTED,,,,OD-21 decided: element(s) ['lcPositionRows'] not found in the certified 13 May UI; requirement void. The 13 May positions tab splits OWNED COPY and ACCOUNT-LEVEL rows; its fields are certified by the UI-FP 'Real User Copy Positions' records.
UI-LCC-POS-02,UI,Real Copy Positions column: Side,Exchange columns equal MASTER clearinghouseState (all DEX scopes); ledger columns labelled non-authoritative; mismatch visible.,"HL_Copy_App_SSOT.py (13 May, sha256 fad19d22) lcPositionRows | ARCH Full scope 2 | ARCH Full scope 6 | FAILURES UI-001..003",SUPERSEDED,OD-08,Engine/exchange truth at time T -> API endpoint payload -> rendered cell text at time T (DOM capture),Independent read of the same exchange/engine truth recomputed by a script that does not import HL_Copy_App_SSOT.py,source unavailable shows n/a/Unavailable not 0 | stale source flagged | API error surfaced,,NOT_TESTED,,,,OD-21 decided: element(s) ['lcPositionRows'] not found in the certified 13 May UI; requirement void. The 13 May positions tab splits OWNED COPY and ACCOUNT-LEVEL rows; its fields are certified by the UI-FP 'Real User Copy Positions' records.
UI-LCC-POS-03,UI,Real Copy Positions column: Ledger size,Exchange columns equal MASTER clearinghouseState (all DEX scopes); ledger columns labelled non-authoritative; mismatch visible.,"HL_Copy_App_SSOT.py (13 May, sha256 fad19d22) lcPositionRows | ARCH Full scope 2 | ARCH Full scope 6 | FAILURES UI-001..003",SUPERSEDED,OD-08,Engine/exchange truth at time T -> API endpoint payload -> rendered cell text at time T (DOM capture),Independent read of the same exchange/engine truth recomputed by a script that does not import HL_Copy_App_SSOT.py,source unavailable shows n/a/Unavailable not 0 | stale source flagged | API error surfaced,,NOT_TESTED,,,,OD-21 decided: element(s) ['lcPositionRows'] not found in the certified 13 May UI; requirement void. The 13 May positions tab splits OWNED COPY and ACCOUNT-LEVEL rows; its fields are certified by the UI-FP 'Real User Copy Positions' records.
UI-LCC-POS-04,UI,Real Copy Positions column: Exchange size,Exchange columns equal MASTER clearinghouseState (all DEX scopes); ledger columns labelled non-authoritative; mismatch visible.,"HL_Copy_App_SSOT.py (13 May, sha256 fad19d22) lcPositionRows | ARCH Full scope 2 | ARCH Full scope 6 | FAILURES UI-001..003",SUPERSEDED,OD-08,Engine/exchange truth at time T -> API endpoint payload -> rendered cell text at time T (DOM capture),Independent read of the same exchange/engine truth recomputed by a script that does not import HL_Copy_App_SSOT.py,source unavailable shows n/a/Unavailable not 0 | stale source flagged | API error surfaced,,NOT_TESTED,,,,OD-21 decided: element(s) ['lcPositionRows'] not found in the certified 13 May UI; requirement void. The 13 May positions tab splits OWNED COPY and ACCOUNT-LEVEL rows; its fields are certified by the UI-FP 'Real User Copy Positions' records.
UI-LCC-POS-05,UI,Real Copy Positions column: Entry px,Exchange columns equal MASTER clearinghouseState (all DEX scopes); ledger columns labelled non-authoritative; mismatch visible.,"HL_Copy_App_SSOT.py (13 May, sha256 fad19d22) lcPositionRows | ARCH Full scope 2 | ARCH Full scope 6 | FAILURES UI-001..003",SUPERSEDED,OD-08,Engine/exchange truth at time T -> API endpoint payload -> rendered cell text at time T (DOM capture),Independent read of the same exchange/engine truth recomputed by a script that does not import HL_Copy_App_SSOT.py,source unavailable shows n/a/Unavailable not 0 | stale source flagged | API error surfaced,,NOT_TESTED,,,,OD-21 decided: element(s) ['lcPositionRows'] not found in the certified 13 May UI; requirement void. The 13 May positions tab splits OWNED COPY and ACCOUNT-LEVEL rows; its fields are certified by the UI-FP 'Real User Copy Positions' records.
UI-LCC-POS-06,UI,Real Copy Positions column: Mark px,Exchange columns equal MASTER clearinghouseState (all DEX scopes); ledger columns labelled non-authoritative; mismatch visible.,"HL_Copy_App_SSOT.py (13 May, sha256 fad19d22) lcPositionRows | ARCH Full scope 2 | ARCH Full scope 6 | FAILURES UI-001..003",SUPERSEDED,OD-08,Engine/exchange truth at time T -> API endpoint payload -> rendered cell text at time T (DOM capture),Independent read of the same exchange/engine truth recomputed by a script that does not import HL_Copy_App_SSOT.py,source unavailable shows n/a/Unavailable not 0 | stale source flagged | API error surfaced,,NOT_TESTED,,,,OD-21 decided: element(s) ['lcPositionRows'] not found in the certified 13 May UI; requirement void. The 13 May positions tab splits OWNED COPY and ACCOUNT-LEVEL rows; its fields are certified by the UI-FP 'Real User Copy Positions' records.
UI-LCC-POS-07,UI,Real Copy Positions column: Pos value,Exchange columns equal MASTER clearinghouseState (all DEX scopes); ledger columns labelled non-authoritative; mismatch visible.,"HL_Copy_App_SSOT.py (13 May, sha256 fad19d22) lcPositionRows | ARCH Full scope 2 | ARCH Full scope 6 | FAILURES UI-001..003",SUPERSEDED,OD-08,Engine/exchange truth at time T -> API endpoint payload -> rendered cell text at time T (DOM capture),Independent read of the same exchange/engine truth recomputed by a script that does not import HL_Copy_App_SSOT.py,source unavailable shows n/a/Unavailable not 0 | stale source flagged | API error surfaced,,NOT_TESTED,,,,OD-21 decided: element(s) ['lcPositionRows'] not found in the certified 13 May UI; requirement void. The 13 May positions tab splits OWNED COPY and ACCOUNT-LEVEL rows; its fields are certified by the UI-FP 'Real User Copy Positions' records.
UI-LCC-POS-08,UI,Real Copy Positions column: Unrealized PnL,Exchange columns equal MASTER clearinghouseState (all DEX scopes); ledger columns labelled non-authoritative; mismatch visible.,"HL_Copy_App_SSOT.py (13 May, sha256 fad19d22) lcPositionRows | ARCH Full scope 2 | ARCH Full scope 6 | FAILURES UI-001..003",SUPERSEDED,OD-08,Engine/exchange truth at time T -> API endpoint payload -> rendered cell text at time T (DOM capture),Independent read of the same exchange/engine truth recomputed by a script that does not import HL_Copy_App_SSOT.py,source unavailable shows n/a/Unavailable not 0 | stale source flagged | API error surfaced,,NOT_TESTED,,,,OD-21 decided: element(s) ['lcPositionRows'] not found in the certified 13 May UI; requirement void. The 13 May positions tab splits OWNED COPY and ACCOUNT-LEVEL rows; its fields are certified by the UI-FP 'Real User Copy Positions' records.
UI-LCC-POS-09,UI,Real Copy Positions column: Leader wallet,Exchange columns equal MASTER clearinghouseState (all DEX scopes); ledger columns labelled non-authoritative; mismatch visible.,"HL_Copy_App_SSOT.py (13 May, sha256 fad19d22) lcPositionRows | ARCH Full scope 2 | ARCH Full scope 6 | FAILURES UI-001..003",SUPERSEDED,OD-08,Engine/exchange truth at time T -> API endpoint payload -> rendered cell text at time T (DOM capture),Independent read of the same exchange/engine truth recomputed by a script that does not import HL_Copy_App_SSOT.py,source unavailable shows n/a/Unavailable not 0 | stale source flagged | API error surfaced,,NOT_TESTED,,,,OD-21 decided: element(s) ['lcPositionRows'] not found in the certified 13 May UI; requirement void. The 13 May positions tab splits OWNED COPY and ACCOUNT-LEVEL rows; its fields are certified by the UI-FP 'Real User Copy Positions' records.
UI-LCC-POS-10,UI,Real Copy Positions column: Status,Exchange columns equal MASTER clearinghouseState (all DEX scopes); ledger columns labelled non-authoritative; mismatch visible.,"HL_Copy_App_SSOT.py (13 May, sha256 fad19d22) lcPositionRows | ARCH Full scope 2 | ARCH Full scope 6 | FAILURES UI-001..003",SUPERSEDED,OD-08,Engine/exchange truth at time T -> API endpoint payload -> rendered cell text at time T (DOM capture),Independent read of the same exchange/engine truth recomputed by a script that does not import HL_Copy_App_SSOT.py,source unavailable shows n/a/Unavailable not 0 | stale source flagged | API error surfaced,,NOT_TESTED,,,,OD-21 decided: element(s) ['lcPositionRows'] not found in the certified 13 May UI; requirement void. The 13 May positions tab splits OWNED COPY and ACCOUNT-LEVEL rows; its fields are certified by the UI-FP 'Real User Copy Positions' records.
UI-LCC-POS-11,UI,Real Copy Positions column: Last OID,Exchange columns equal MASTER clearinghouseState (all DEX scopes); ledger columns labelled non-authoritative; mismatch visible.,"HL_Copy_App_SSOT.py (13 May, sha256 fad19d22) lcPositionRows | ARCH Full scope 2 | ARCH Full scope 6 | FAILURES UI-001..003",SUPERSEDED,OD-08,Engine/exchange truth at time T -> API endpoint payload -> rendered cell text at time T (DOM capture),Independent read of the same exchange/engine truth recomputed by a script that does not import HL_Copy_App_SSOT.py,source unavailable shows n/a/Unavailable not 0 | stale source flagged | API error surfaced,,NOT_TESTED,,,,OD-21 decided: element(s) ['lcPositionRows'] not found in the certified 13 May UI; requirement void. The 13 May positions tab splits OWNED COPY and ACCOUNT-LEVEL rows; its fields are certified by the UI-FP 'Real User Copy Positions' records.
UI-LCC-POS-12,UI,Real Copy Positions column: Last updated,Exchange columns equal MASTER clearinghouseState (all DEX scopes); ledger columns labelled non-authoritative; mismatch visible.,"HL_Copy_App_SSOT.py (13 May, sha256 fad19d22) lcPositionRows | ARCH Full scope 2 | ARCH Full scope 6 | FAILURES UI-001..003",SUPERSEDED,OD-08,Engine/exchange truth at time T -> API endpoint payload -> rendered cell text at time T (DOM capture),Independent read of the same exchange/engine truth recomputed by a script that does not import HL_Copy_App_SSOT.py,source unavailable shows n/a/Unavailable not 0 | stale source flagged | API error surfaced,,NOT_TESTED,,,,OD-21 decided: element(s) ['lcPositionRows'] not found in the certified 13 May UI; requirement void. The 13 May positions tab splits OWNED COPY and ACCOUNT-LEVEL rows; its fields are certified by the UI-FP 'Real User Copy Positions' records.
UI-LCC-EXQ-01,UI,Execution Quality column: Time,Rows equal send_attempts joined to order_intents and agree with exchange userFills for each OID.,"HL_Copy_App_SSOT.py (13 May, sha256 fad19d22) lcExecQualRows | ARCH Full scope 2 | ARCH Full scope 6 | FAILURES UI-001..003",APPLIES,,Engine/exchange truth at time T -> API endpoint payload -> rendered cell text at time T (DOM capture),Independent read of the same exchange/engine truth recomputed by a script that does not import HL_Copy_App_SSOT.py,source unavailable shows n/a/Unavailable not 0 | stale source flagged | API error surfaced,,NOT_TESTED,,,,"OD-01 ruled (Boss, 2026-10-09): OPEN/INCREASE/FLIP are priced from a fresh follower-market mid at most 5 s old; with no fresh mid no order is sent. OD-21 decided: re-pointed to the certified 13 May UI."
UI-LCC-EXQ-02,UI,Execution Quality column: Wallet,Rows equal send_attempts joined to order_intents and agree with exchange userFills for each OID.,"HL_Copy_App_SSOT.py (13 May, sha256 fad19d22) lcExecQualRows | ARCH Full scope 2 | ARCH Full scope 6 | FAILURES UI-001..003",APPLIES,,Engine/exchange truth at time T -> API endpoint payload -> rendered cell text at time T (DOM capture),Independent read of the same exchange/engine truth recomputed by a script that does not import HL_Copy_App_SSOT.py,source unavailable shows n/a/Unavailable not 0 | stale source flagged | API error surfaced,,NOT_TESTED,,,,"OD-01 ruled (Boss, 2026-10-09): OPEN/INCREASE/FLIP are priced from a fresh follower-market mid at most 5 s old; with no fresh mid no order is sent. OD-21 decided: re-pointed to the certified 13 May UI."
UI-LCC-EXQ-03,UI,Execution Quality column: Coin,Rows equal send_attempts joined to order_intents and agree with exchange userFills for each OID.,"HL_Copy_App_SSOT.py (13 May, sha256 fad19d22) lcExecQualRows | ARCH Full scope 2 | ARCH Full scope 6 | FAILURES UI-001..003",APPLIES,,Engine/exchange truth at time T -> API endpoint payload -> rendered cell text at time T (DOM capture),Independent read of the same exchange/engine truth recomputed by a script that does not import HL_Copy_App_SSOT.py,source unavailable shows n/a/Unavailable not 0 | stale source flagged | API error surfaced,,NOT_TESTED,,,,"OD-01 ruled (Boss, 2026-10-09): OPEN/INCREASE/FLIP are priced from a fresh follower-market mid at most 5 s old; with no fresh mid no order is sent. OD-21 decided: re-pointed to the certified 13 May UI."
UI-LCC-EXQ-04,UI,Execution Quality column: Side,Rows equal send_attempts joined to order_intents and agree with exchange userFills for each OID.,"HL_Copy_App_SSOT.py (13 May, sha256 fad19d22) lcExecQualRows | ARCH Full scope 2 | ARCH Full scope 6 | FAILURES UI-001..003",APPLIES,,Engine/exchange truth at time T -> API endpoint payload -> rendered cell text at time T (DOM capture),Independent read of the same exchange/engine truth recomputed by a script that does not import HL_Copy_App_SSOT.py,source unavailable shows n/a/Unavailable not 0 | stale source flagged | API error surfaced,,NOT_TESTED,,,,"OD-01 ruled (Boss, 2026-10-09): OPEN/INCREASE/FLIP are priced from a fresh follower-market mid at most 5 s old; with no fresh mid no order is sent. OD-21 decided: re-pointed to the certified 13 May UI."
UI-LCC-EXQ-05,UI,Execution Quality column: Status,Rows equal send_attempts joined to order_intents and agree with exchange userFills for each OID.,"HL_Copy_App_SSOT.py (13 May, sha256 fad19d22) lcExecQualRows | ARCH Full scope 2 | ARCH Full scope 6 | FAILURES UI-001..003",APPLIES,,Engine/exchange truth at time T -> API endpoint payload -> rendered cell text at time T (DOM capture),Independent read of the same exchange/engine truth recomputed by a script that does not import HL_Copy_App_SSOT.py,source unavailable shows n/a/Unavailable not 0 | stale source flagged | API error surfaced,,NOT_TESTED,,,,"OD-01 ruled (Boss, 2026-10-09): OPEN/INCREASE/FLIP are priced from a fresh follower-market mid at most 5 s old; with no fresh mid no order is sent. OD-21 decided: re-pointed to the certified 13 May UI."
UI-LCC-EXQ-06,UI,Execution Quality column: Limit px,Rows equal send_attempts joined to order_intents and agree with exchange userFills for each OID.,"HL_Copy_App_SSOT.py (13 May, sha256 fad19d22) lcExecQualRows | ARCH Full scope 2 | ARCH Full scope 6 | FAILURES UI-001..003",APPLIES,,Engine/exchange truth at time T -> API endpoint payload -> rendered cell text at time T (DOM capture),Independent read of the same exchange/engine truth recomputed by a script that does not import HL_Copy_App_SSOT.py,source unavailable shows n/a/Unavailable not 0 | stale source flagged | API error surfaced,,NOT_TESTED,,,,"OD-01 ruled (Boss, 2026-10-09): OPEN/INCREASE/FLIP are priced from a fresh follower-market mid at most 5 s old; with no fresh mid no order is sent. OD-21 decided: re-pointed to the certified 13 May UI."
UI-LCC-EXQ-07,UI,Execution Quality column: Fill avg px,Rows equal send_attempts joined to order_intents and agree with exchange userFills for each OID.,"HL_Copy_App_SSOT.py (13 May, sha256 fad19d22) lcExecQualRows | ARCH Full scope 2 | ARCH Full scope 6 | FAILURES UI-001..003",APPLIES,,Engine/exchange truth at time T -> API endpoint payload -> rendered cell text at time T (DOM capture),Independent read of the same exchange/engine truth recomputed by a script that does not import HL_Copy_App_SSOT.py,source unavailable shows n/a/Unavailable not 0 | stale source flagged | API error surfaced,,NOT_TESTED,,,,"OD-01 ruled (Boss, 2026-10-09): OPEN/INCREASE/FLIP are priced from a fresh follower-market mid at most 5 s old; with no fresh mid no order is sent. OD-21 decided: re-pointed to the certified 13 May UI."
UI-LCC-EXQ-08,UI,Execution Quality column: Size,Rows equal send_attempts joined to order_intents and agree with exchange userFills for each OID.,"HL_Copy_App_SSOT.py (13 May, sha256 fad19d22) lcExecQualRows | ARCH Full scope 2 | ARCH Full scope 6 | FAILURES UI-001..003",APPLIES,,Engine/exchange truth at time T -> API endpoint payload -> rendered cell text at time T (DOM capture),Independent read of the same exchange/engine truth recomputed by a script that does not import HL_Copy_App_SSOT.py,source unavailable shows n/a/Unavailable not 0 | stale source flagged | API error surfaced,,NOT_TESTED,,,,"OD-01 ruled (Boss, 2026-10-09): OPEN/INCREASE/FLIP are priced from a fresh follower-market mid at most 5 s old; with no fresh mid no order is sent. OD-21 decided: re-pointed to the certified 13 May UI."
UI-LCC-EXQ-09,UI,Execution Quality column: OID,Rows equal send_attempts joined to order_intents and agree with exchange userFills for each OID.,"HL_Copy_App_SSOT.py (13 May, sha256 fad19d22) lcExecQualRows | ARCH Full scope 2 | ARCH Full scope 6 | FAILURES UI-001..003",APPLIES,,Engine/exchange truth at time T -> API endpoint payload -> rendered cell text at time T (DOM capture),Independent read of the same exchange/engine truth recomputed by a script that does not import HL_Copy_App_SSOT.py,source unavailable shows n/a/Unavailable not 0 | stale source flagged | API error surfaced,,NOT_TESTED,,,,"OD-01 ruled (Boss, 2026-10-09): OPEN/INCREASE/FLIP are priced from a fresh follower-market mid at most 5 s old; with no fresh mid no order is sent. OD-21 decided: re-pointed to the certified 13 May UI."
UI-LCC-EXQ-10,UI,Execution Quality column: Fill-vs-limit %,Rows equal send_attempts joined to order_intents and agree with exchange userFills for each OID.,"HL_Copy_App_SSOT.py (13 May, sha256 fad19d22) lcExecQualRows | ARCH Full scope 2 | ARCH Full scope 6 | FAILURES UI-001..003",APPLIES,,Engine/exchange truth at time T -> API endpoint payload -> rendered cell text at time T (DOM capture),Independent read of the same exchange/engine truth recomputed by a script that does not import HL_Copy_App_SSOT.py,source unavailable shows n/a/Unavailable not 0 | stale source flagged | API error surfaced,,NOT_TESTED,,,,"OD-01 ruled (Boss, 2026-10-09): OPEN/INCREASE/FLIP are priced from a fresh follower-market mid at most 5 s old; with no fresh mid no order is sent. OD-21 decided: re-pointed to the certified 13 May UI."
UI-LCC-EXQ-11,UI,Execution Quality column: Leader-vs-user %,Rows equal send_attempts joined to order_intents and agree with exchange userFills for each OID.,"HL_Copy_App_SSOT.py (13 May, sha256 fad19d22) lcExecQualRows | ARCH Full scope 2 | ARCH Full scope 6 | FAILURES UI-001..003",APPLIES,,Engine/exchange truth at time T -> API endpoint payload -> rendered cell text at time T (DOM capture),Independent read of the same exchange/engine truth recomputed by a script that does not import HL_Copy_App_SSOT.py,source unavailable shows n/a/Unavailable not 0 | stale source flagged | API error surfaced,,NOT_TESTED,,,,"OD-01 ruled (Boss, 2026-10-09): OPEN/INCREASE/FLIP are priced from a fresh follower-market mid at most 5 s old; with no fresh mid no order is sent. OD-21 decided: re-pointed to the certified 13 May UI."
UI-LCC-EXQ-12,UI,Execution Quality column: Market slip %,Rows equal send_attempts joined to order_intents and agree with exchange userFills for each OID.,"HL_Copy_App_SSOT.py (13 May, sha256 fad19d22) lcExecQualRows | ARCH Full scope 2 | ARCH Full scope 6 | FAILURES UI-001..003",APPLIES,,Engine/exchange truth at time T -> API endpoint payload -> rendered cell text at time T (DOM capture),Independent read of the same exchange/engine truth recomputed by a script that does not import HL_Copy_App_SSOT.py,source unavailable shows n/a/Unavailable not 0 | stale source flagged | API error surfaced,,NOT_TESTED,,,,"OD-01 ruled (Boss, 2026-10-09): OPEN/INCREASE/FLIP are priced from a fresh follower-market mid at most 5 s old; with no fresh mid no order is sent. OD-21 decided: re-pointed to the certified 13 May UI."
UI-LCC-EXQ-13,UI,Execution Quality column: Error,Rows equal send_attempts joined to order_intents and agree with exchange userFills for each OID.,"HL_Copy_App_SSOT.py (13 May, sha256 fad19d22) lcExecQualRows | ARCH Full scope 2 | ARCH Full scope 6 | FAILURES UI-001..003",APPLIES,,Engine/exchange truth at time T -> API endpoint payload -> rendered cell text at time T (DOM capture),Independent read of the same exchange/engine truth recomputed by a script that does not import HL_Copy_App_SSOT.py,source unavailable shows n/a/Unavailable not 0 | stale source flagged | API error surfaced,,NOT_TESTED,,,,"OD-01 ruled (Boss, 2026-10-09): OPEN/INCREASE/FLIP are priced from a fresh follower-market mid at most 5 s old; with no fresh mid no order is sent. OD-21 decided: re-pointed to the certified 13 May UI."
UI-LCC-AUD-01,UI,Order Intents / Audit column: Time,Every intent shown with its real decision and real order result; no intent without a result after settlement window.,"HL_Copy_App_SSOT.py (13 May, sha256 fad19d22) lcAuditRows | ARCH Full scope 2 | ARCH Full scope 6 | FAILURES UI-001..003",APPLIES,,Engine/exchange truth at time T -> API endpoint payload -> rendered cell text at time T (DOM capture),Independent read of the same exchange/engine truth recomputed by a script that does not import HL_Copy_App_SSOT.py,source unavailable shows n/a/Unavailable not 0 | stale source flagged | API error surfaced,,NOT_TESTED,,,,OD-21 decided: re-pointed to the certified 13 May UI.
UI-LCC-AUD-02,UI,Order Intents / Audit column: Wallet,Every intent shown with its real decision and real order result; no intent without a result after settlement window.,"HL_Copy_App_SSOT.py (13 May, sha256 fad19d22) lcAuditRows | ARCH Full scope 2 | ARCH Full scope 6 | FAILURES UI-001..003",APPLIES,,Engine/exchange truth at time T -> API endpoint payload -> rendered cell text at time T (DOM capture),Independent read of the same exchange/engine truth recomputed by a script that does not import HL_Copy_App_SSOT.py,source unavailable shows n/a/Unavailable not 0 | stale source flagged | API error surfaced,,NOT_TESTED,,,,OD-21 decided: re-pointed to the certified 13 May UI.
UI-LCC-AUD-03,UI,Order Intents / Audit column: Coin,Every intent shown with its real decision and real order result; no intent without a result after settlement window.,"HL_Copy_App_SSOT.py (13 May, sha256 fad19d22) lcAuditRows | ARCH Full scope 2 | ARCH Full scope 6 | FAILURES UI-001..003",APPLIES,,Engine/exchange truth at time T -> API endpoint payload -> rendered cell text at time T (DOM capture),Independent read of the same exchange/engine truth recomputed by a script that does not import HL_Copy_App_SSOT.py,source unavailable shows n/a/Unavailable not 0 | stale source flagged | API error surfaced,,NOT_TESTED,,,,OD-21 decided: re-pointed to the certified 13 May UI.
UI-LCC-AUD-04,UI,Order Intents / Audit column: Side,Every intent shown with its real decision and real order result; no intent without a result after settlement window.,"HL_Copy_App_SSOT.py (13 May, sha256 fad19d22) lcAuditRows | ARCH Full scope 2 | ARCH Full scope 6 | FAILURES UI-001..003",APPLIES,,Engine/exchange truth at time T -> API endpoint payload -> rendered cell text at time T (DOM capture),Independent read of the same exchange/engine truth recomputed by a script that does not import HL_Copy_App_SSOT.py,source unavailable shows n/a/Unavailable not 0 | stale source flagged | API error surfaced,,NOT_TESTED,,,,OD-21 decided: re-pointed to the certified 13 May UI.
UI-LCC-AUD-05,UI,Order Intents / Audit column: Source/Reason,Every intent shown with its real decision and real order result; no intent without a result after settlement window.,"HL_Copy_App_SSOT.py (13 May, sha256 fad19d22) lcAuditRows | ARCH Full scope 2 | ARCH Full scope 6 | FAILURES UI-001..003",APPLIES,,Engine/exchange truth at time T -> API endpoint payload -> rendered cell text at time T (DOM capture),Independent read of the same exchange/engine truth recomputed by a script that does not import HL_Copy_App_SSOT.py,source unavailable shows n/a/Unavailable not 0 | stale source flagged | API error surfaced,,NOT_TESTED,,,,OD-21 decided: re-pointed to the certified 13 May UI.
UI-LCC-AUD-06,UI,Order Intents / Audit column: Status,Every intent shown with its real decision and real order result; no intent without a result after settlement window.,"HL_Copy_App_SSOT.py (13 May, sha256 fad19d22) lcAuditRows | ARCH Full scope 2 | ARCH Full scope 6 | FAILURES UI-001..003",APPLIES,,Engine/exchange truth at time T -> API endpoint payload -> rendered cell text at time T (DOM capture),Independent read of the same exchange/engine truth recomputed by a script that does not import HL_Copy_App_SSOT.py,source unavailable shows n/a/Unavailable not 0 | stale source flagged | API error surfaced,,NOT_TESTED,,,,OD-21 decided: re-pointed to the certified 13 May UI.
UI-LCC-AUD-07,UI,Order Intents / Audit column: Decision,Every intent shown with its real decision and real order result; no intent without a result after settlement window.,"HL_Copy_App_SSOT.py (13 May, sha256 fad19d22) lcAuditRows | ARCH Full scope 2 | ARCH Full scope 6 | FAILURES UI-001..003",APPLIES,,Engine/exchange truth at time T -> API endpoint payload -> rendered cell text at time T (DOM capture),Independent read of the same exchange/engine truth recomputed by a script that does not import HL_Copy_App_SSOT.py,source unavailable shows n/a/Unavailable not 0 | stale source flagged | API error surfaced,,NOT_TESTED,,,,OD-21 decided: re-pointed to the certified 13 May UI.
UI-LCC-AUD-08,UI,Order Intents / Audit column: Decision reason,Every intent shown with its real decision and real order result; no intent without a result after settlement window.,"HL_Copy_App_SSOT.py (13 May, sha256 fad19d22) lcAuditRows | ARCH Full scope 2 | ARCH Full scope 6 | FAILURES UI-001..003",APPLIES,,Engine/exchange truth at time T -> API endpoint payload -> rendered cell text at time T (DOM capture),Independent read of the same exchange/engine truth recomputed by a script that does not import HL_Copy_App_SSOT.py,source unavailable shows n/a/Unavailable not 0 | stale source flagged | API error surfaced,,NOT_TESTED,,,,OD-21 decided: re-pointed to the certified 13 May UI.
UI-LCC-AUD-09,UI,Order Intents / Audit column: Suggested limit,Every intent shown with its real decision and real order result; no intent without a result after settlement window.,"HL_Copy_App_SSOT.py (13 May, sha256 fad19d22) lcAuditRows | ARCH Full scope 2 | ARCH Full scope 6 | FAILURES UI-001..003",APPLIES,,Engine/exchange truth at time T -> API endpoint payload -> rendered cell text at time T (DOM capture),Independent read of the same exchange/engine truth recomputed by a script that does not import HL_Copy_App_SSOT.py,source unavailable shows n/a/Unavailable not 0 | stale source flagged | API error surfaced,,NOT_TESTED,,,,OD-21 decided: re-pointed to the certified 13 May UI.
UI-LCC-AUD-10,UI,Order Intents / Audit column: Diff %,Every intent shown with its real decision and real order result; no intent without a result after settlement window.,"HL_Copy_App_SSOT.py (13 May, sha256 fad19d22) lcAuditRows | ARCH Full scope 2 | ARCH Full scope 6 | FAILURES UI-001..003",APPLIES,,Engine/exchange truth at time T -> API endpoint payload -> rendered cell text at time T (DOM capture),Independent read of the same exchange/engine truth recomputed by a script that does not import HL_Copy_App_SSOT.py,source unavailable shows n/a/Unavailable not 0 | stale source flagged | API error surfaced,,NOT_TESTED,,,,OD-21 decided: re-pointed to the certified 13 May UI.
UI-LCC-AUD-11,UI,Order Intents / Audit column: Manual?,Every intent shown with its real decision and real order result; no intent without a result after settlement window.,"HL_Copy_App_SSOT.py (13 May, sha256 fad19d22) lcAuditRows | ARCH Full scope 2 | ARCH Full scope 6 | FAILURES UI-001..003",APPLIES,,Engine/exchange truth at time T -> API endpoint payload -> rendered cell text at time T (DOM capture),Independent read of the same exchange/engine truth recomputed by a script that does not import HL_Copy_App_SSOT.py,source unavailable shows n/a/Unavailable not 0 | stale source flagged | API error surfaced,,NOT_TESTED,,,,OD-21 decided: re-pointed to the certified 13 May UI.
UI-LCC-AUD-12,UI,Order Intents / Audit column: Intent note,Every intent shown with its real decision and real order result; no intent without a result after settlement window.,"HL_Copy_App_SSOT.py (13 May, sha256 fad19d22) lcAuditRows | ARCH Full scope 2 | ARCH Full scope 6 | FAILURES UI-001..003",APPLIES,,Engine/exchange truth at time T -> API endpoint payload -> rendered cell text at time T (DOM capture),Independent read of the same exchange/engine truth recomputed by a script that does not import HL_Copy_App_SSOT.py,source unavailable shows n/a/Unavailable not 0 | stale source flagged | API error surfaced,,NOT_TESTED,,,,OD-21 decided: re-pointed to the certified 13 May UI.
UI-LCC-AUD-13,UI,Order Intents / Audit column: Real order result,Every intent shown with its real decision and real order result; no intent without a result after settlement window.,"HL_Copy_App_SSOT.py (13 May, sha256 fad19d22) lcAuditRows | ARCH Full scope 2 | ARCH Full scope 6 | FAILURES UI-001..003",APPLIES,,Engine/exchange truth at time T -> API endpoint payload -> rendered cell text at time T (DOM capture),Independent read of the same exchange/engine truth recomputed by a script that does not import HL_Copy_App_SSOT.py,source unavailable shows n/a/Unavailable not 0 | stale source flagged | API error surfaced,,NOT_TESTED,,,,OD-21 decided: re-pointed to the certified 13 May UI.
UI-LCC-REC-01,UI,Reconciliation column: Severity,Lists every ledger-vs-exchange divergence; archive action touches only the manual ledger row and never trading authority.,"HL_Copy_App_SSOT.py (13 May, sha256 fad19d22) lcReconRows | ARCH Full scope 2 | ARCH Full scope 6 | FAILURES UI-001..003",APPLIES,,Engine/exchange truth at time T -> API endpoint payload -> rendered cell text at time T (DOM capture),Independent read of the same exchange/engine truth recomputed by a script that does not import HL_Copy_App_SSOT.py,source unavailable shows n/a/Unavailable not 0 | stale source flagged | API error surfaced,,NOT_TESTED,,,,OD-21 decided: re-pointed to the certified 13 May UI.
UI-LCC-REC-02,UI,Reconciliation column: Wallet,Lists every ledger-vs-exchange divergence; archive action touches only the manual ledger row and never trading authority.,"HL_Copy_App_SSOT.py (13 May, sha256 fad19d22) lcReconRows | ARCH Full scope 2 | ARCH Full scope 6 | FAILURES UI-001..003",APPLIES,,Engine/exchange truth at time T -> API endpoint payload -> rendered cell text at time T (DOM capture),Independent read of the same exchange/engine truth recomputed by a script that does not import HL_Copy_App_SSOT.py,source unavailable shows n/a/Unavailable not 0 | stale source flagged | API error surfaced,,NOT_TESTED,,,,OD-21 decided: re-pointed to the certified 13 May UI.
UI-LCC-REC-03,UI,Reconciliation column: Coin,Lists every ledger-vs-exchange divergence; archive action touches only the manual ledger row and never trading authority.,"HL_Copy_App_SSOT.py (13 May, sha256 fad19d22) lcReconRows | ARCH Full scope 2 | ARCH Full scope 6 | FAILURES UI-001..003",APPLIES,,Engine/exchange truth at time T -> API endpoint payload -> rendered cell text at time T (DOM capture),Independent read of the same exchange/engine truth recomputed by a script that does not import HL_Copy_App_SSOT.py,source unavailable shows n/a/Unavailable not 0 | stale source flagged | API error surfaced,,NOT_TESTED,,,,OD-21 decided: re-pointed to the certified 13 May UI.
UI-LCC-REC-04,UI,Reconciliation column: Issue,Lists every ledger-vs-exchange divergence; archive action touches only the manual ledger row and never trading authority.,"HL_Copy_App_SSOT.py (13 May, sha256 fad19d22) lcReconRows | ARCH Full scope 2 | ARCH Full scope 6 | FAILURES UI-001..003",APPLIES,,Engine/exchange truth at time T -> API endpoint payload -> rendered cell text at time T (DOM capture),Independent read of the same exchange/engine truth recomputed by a script that does not import HL_Copy_App_SSOT.py,source unavailable shows n/a/Unavailable not 0 | stale source flagged | API error surfaced,,NOT_TESTED,,,,OD-21 decided: re-pointed to the certified 13 May UI.
UI-LCC-REC-05,UI,Reconciliation column: Count,Lists every ledger-vs-exchange divergence; archive action touches only the manual ledger row and never trading authority.,"HL_Copy_App_SSOT.py (13 May, sha256 fad19d22) lcReconRows | ARCH Full scope 2 | ARCH Full scope 6 | FAILURES UI-001..003",APPLIES,,Engine/exchange truth at time T -> API endpoint payload -> rendered cell text at time T (DOM capture),Independent read of the same exchange/engine truth recomputed by a script that does not import HL_Copy_App_SSOT.py,source unavailable shows n/a/Unavailable not 0 | stale source flagged | API error surfaced,,NOT_TESTED,,,,OD-21 decided: re-pointed to the certified 13 May UI.
UI-LCC-REC-06,UI,Reconciliation column: Manual ledger,Lists every ledger-vs-exchange divergence; archive action touches only the manual ledger row and never trading authority.,"HL_Copy_App_SSOT.py (13 May, sha256 fad19d22) lcReconRows | ARCH Full scope 2 | ARCH Full scope 6 | FAILURES UI-001..003",APPLIES,,Engine/exchange truth at time T -> API endpoint payload -> rendered cell text at time T (DOM capture),Independent read of the same exchange/engine truth recomputed by a script that does not import HL_Copy_App_SSOT.py,source unavailable shows n/a/Unavailable not 0 | stale source flagged | API error surfaced,,NOT_TESTED,,,,OD-21 decided: re-pointed to the certified 13 May UI.
UI-LCC-REC-07,UI,Reconciliation column: Exchange,Lists every ledger-vs-exchange divergence; archive action touches only the manual ledger row and never trading authority.,"HL_Copy_App_SSOT.py (13 May, sha256 fad19d22) lcReconRows | ARCH Full scope 2 | ARCH Full scope 6 | FAILURES UI-001..003",APPLIES,,Engine/exchange truth at time T -> API endpoint payload -> rendered cell text at time T (DOM capture),Independent read of the same exchange/engine truth recomputed by a script that does not import HL_Copy_App_SSOT.py,source unavailable shows n/a/Unavailable not 0 | stale source flagged | API error surfaced,,NOT_TESTED,,,,OD-21 decided: re-pointed to the certified 13 May UI.
UI-LCC-REC-08,UI,Reconciliation column: Last intent,Lists every ledger-vs-exchange divergence; archive action touches only the manual ledger row and never trading authority.,"HL_Copy_App_SSOT.py (13 May, sha256 fad19d22) lcReconRows | ARCH Full scope 2 | ARCH Full scope 6 | FAILURES UI-001..003",APPLIES,,Engine/exchange truth at time T -> API endpoint payload -> rendered cell text at time T (DOM capture),Independent read of the same exchange/engine truth recomputed by a script that does not import HL_Copy_App_SSOT.py,source unavailable shows n/a/Unavailable not 0 | stale source flagged | API error surfaced,,NOT_TESTED,,,,OD-21 decided: re-pointed to the certified 13 May UI.
UI-LCC-REC-09,UI,Reconciliation column: Last oid,Lists every ledger-vs-exchange divergence; archive action touches only the manual ledger row and never trading authority.,"HL_Copy_App_SSOT.py (13 May, sha256 fad19d22) lcReconRows | ARCH Full scope 2 | ARCH Full scope 6 | FAILURES UI-001..003",APPLIES,,Engine/exchange truth at time T -> API endpoint payload -> rendered cell text at time T (DOM capture),Independent read of the same exchange/engine truth recomputed by a script that does not import HL_Copy_App_SSOT.py,source unavailable shows n/a/Unavailable not 0 | stale source flagged | API error surfaced,,NOT_TESTED,,,,OD-21 decided: re-pointed to the certified 13 May UI.
UI-LCC-REC-10,UI,Reconciliation column: Last updated,Lists every ledger-vs-exchange divergence; archive action touches only the manual ledger row and never trading authority.,"HL_Copy_App_SSOT.py (13 May, sha256 fad19d22) lcReconRows | ARCH Full scope 2 | ARCH Full scope 6 | FAILURES UI-001..003",APPLIES,,Engine/exchange truth at time T -> API endpoint payload -> rendered cell text at time T (DOM capture),Independent read of the same exchange/engine truth recomputed by a script that does not import HL_Copy_App_SSOT.py,source unavailable shows n/a/Unavailable not 0 | stale source flagged | API error surfaced,,NOT_TESTED,,,,OD-21 decided: re-pointed to the certified 13 May UI.
UI-LCC-REC-11,UI,Reconciliation column: Action: Archive ledger row,Lists every ledger-vs-exchange divergence; archive action touches only the manual ledger row and never trading authority.,"HL_Copy_App_SSOT.py (13 May, sha256 fad19d22) lcReconRows | ARCH Full scope 2 | ARCH Full scope 6 | FAILURES UI-001..003",SUPERSEDED,,Engine/exchange truth at time T -> API endpoint payload -> rendered cell text at time T (DOM capture),Independent read of the same exchange/engine truth recomputed by a script that does not import HL_Copy_App_SSOT.py,source unavailable shows n/a/Unavailable not 0 | stale source flagged | API error surfaced,,NOT_TESTED,,,,OD-21 decided: re-pointed to the certified 13 May UI. Not required: Boss reconciles diffs on the exchange; the UI must report them (UI-DIFF-01). If the button stays it must work or be labelled inactive.
UI-LCC-WS-01,UI,WS Health column: Wallet,Matches live WS health file and the engine's real subscription state; stale beyond HL_LIVE_WS_STALE_MS flagged.,"HL_Copy_App_SSOT.py (13 May, sha256 fad19d22) lcHealthRows | ARCH Full scope 2 | ARCH Full scope 6 | FAILURES UI-001..003",APPLIES,,Engine/exchange truth at time T -> API endpoint payload -> rendered cell text at time T (DOM capture),Independent read of the same exchange/engine truth recomputed by a script that does not import HL_Copy_App_SSOT.py,source unavailable shows n/a/Unavailable not 0 | stale source flagged | API error surfaced,,NOT_TESTED,,,,OD-21 decided: re-pointed to the certified 13 May UI.
UI-LCC-WS-02,UI,WS Health column: Current,Matches live WS health file and the engine's real subscription state; stale beyond HL_LIVE_WS_STALE_MS flagged.,"HL_Copy_App_SSOT.py (13 May, sha256 fad19d22) lcHealthRows | ARCH Full scope 2 | ARCH Full scope 6 | FAILURES UI-001..003",APPLIES,,Engine/exchange truth at time T -> API endpoint payload -> rendered cell text at time T (DOM capture),Independent read of the same exchange/engine truth recomputed by a script that does not import HL_Copy_App_SSOT.py,source unavailable shows n/a/Unavailable not 0 | stale source flagged | API error surfaced,,NOT_TESTED,,,,OD-21 decided: re-pointed to the certified 13 May UI.
UI-LCC-WS-03,UI,WS Health column: Grade,Matches live WS health file and the engine's real subscription state; stale beyond HL_LIVE_WS_STALE_MS flagged.,"HL_Copy_App_SSOT.py (13 May, sha256 fad19d22) lcHealthRows | ARCH Full scope 2 | ARCH Full scope 6 | FAILURES UI-001..003",APPLIES,,Engine/exchange truth at time T -> API endpoint payload -> rendered cell text at time T (DOM capture),Independent read of the same exchange/engine truth recomputed by a script that does not import HL_Copy_App_SSOT.py,source unavailable shows n/a/Unavailable not 0 | stale source flagged | API error surfaced,,NOT_TESTED,,,,OD-21 decided: re-pointed to the certified 13 May UI.
UI-LCC-WS-04,UI,WS Health column: Thread,Matches live WS health file and the engine's real subscription state; stale beyond HL_LIVE_WS_STALE_MS flagged.,"HL_Copy_App_SSOT.py (13 May, sha256 fad19d22) lcHealthRows | ARCH Full scope 2 | ARCH Full scope 6 | FAILURES UI-001..003",APPLIES,,Engine/exchange truth at time T -> API endpoint payload -> rendered cell text at time T (DOM capture),Independent read of the same exchange/engine truth recomputed by a script that does not import HL_Copy_App_SSOT.py,source unavailable shows n/a/Unavailable not 0 | stale source flagged | API error surfaced,,NOT_TESTED,,,,OD-21 decided: re-pointed to the certified 13 May UI.
UI-LCC-WS-05,UI,WS Health column: Reconnect/min,Matches live WS health file and the engine's real subscription state; stale beyond HL_LIVE_WS_STALE_MS flagged.,"HL_Copy_App_SSOT.py (13 May, sha256 fad19d22) lcHealthRows | ARCH Full scope 2 | ARCH Full scope 6 | FAILURES UI-001..003",APPLIES,,Engine/exchange truth at time T -> API endpoint payload -> rendered cell text at time T (DOM capture),Independent read of the same exchange/engine truth recomputed by a script that does not import HL_Copy_App_SSOT.py,source unavailable shows n/a/Unavailable not 0 | stale source flagged | API error surfaced,,NOT_TESTED,,,,OD-21 decided: re-pointed to the certified 13 May UI.
UI-LCC-WS-06,UI,WS Health column: Processed,Matches live WS health file and the engine's real subscription state; stale beyond HL_LIVE_WS_STALE_MS flagged.,"HL_Copy_App_SSOT.py (13 May, sha256 fad19d22) lcHealthRows | ARCH Full scope 2 | ARCH Full scope 6 | FAILURES UI-001..003",APPLIES,,Engine/exchange truth at time T -> API endpoint payload -> rendered cell text at time T (DOM capture),Independent read of the same exchange/engine truth recomputed by a script that does not import HL_Copy_App_SSOT.py,source unavailable shows n/a/Unavailable not 0 | stale source flagged | API error surfaced,,NOT_TESTED,,,,OD-21 decided: re-pointed to the certified 13 May UI.
UI-LCC-WS-07,UI,WS Health column: Raw msg,Matches live WS health file and the engine's real subscription state; stale beyond HL_LIVE_WS_STALE_MS flagged.,"HL_Copy_App_SSOT.py (13 May, sha256 fad19d22) lcHealthRows | ARCH Full scope 2 | ARCH Full scope 6 | FAILURES UI-001..003",APPLIES,,Engine/exchange truth at time T -> API endpoint payload -> rendered cell text at time T (DOM capture),Independent read of the same exchange/engine truth recomputed by a script that does not import HL_Copy_App_SSOT.py,source unavailable shows n/a/Unavailable not 0 | stale source flagged | API error surfaced,,NOT_TESTED,,,,OD-21 decided: re-pointed to the certified 13 May UI.
UI-LCC-WS-08,UI,WS Health column: Parsed,Matches live WS health file and the engine's real subscription state; stale beyond HL_LIVE_WS_STALE_MS flagged.,"HL_Copy_App_SSOT.py (13 May, sha256 fad19d22) lcHealthRows | ARCH Full scope 2 | ARCH Full scope 6 | FAILURES UI-001..003",APPLIES,,Engine/exchange truth at time T -> API endpoint payload -> rendered cell text at time T (DOM capture),Independent read of the same exchange/engine truth recomputed by a script that does not import HL_Copy_App_SSOT.py,source unavailable shows n/a/Unavailable not 0 | stale source flagged | API error surfaced,,NOT_TESTED,,,,OD-21 decided: re-pointed to the certified 13 May UI.
UI-LCC-WS-09,UI,WS Health column: Snap seen,Matches live WS health file and the engine's real subscription state; stale beyond HL_LIVE_WS_STALE_MS flagged.,"HL_Copy_App_SSOT.py (13 May, sha256 fad19d22) lcHealthRows | ARCH Full scope 2 | ARCH Full scope 6 | FAILURES UI-001..003",APPLIES,,Engine/exchange truth at time T -> API endpoint payload -> rendered cell text at time T (DOM capture),Independent read of the same exchange/engine truth recomputed by a script that does not import HL_Copy_App_SSOT.py,source unavailable shows n/a/Unavailable not 0 | stale source flagged | API error surfaced,,NOT_TESTED,,,,OD-21 decided: re-pointed to the certified 13 May UI.
UI-LCC-WS-10,UI,WS Health column: Snap recovered,Matches live WS health file and the engine's real subscription state; stale beyond HL_LIVE_WS_STALE_MS flagged.,"HL_Copy_App_SSOT.py (13 May, sha256 fad19d22) lcHealthRows | ARCH Full scope 2 | ARCH Full scope 6 | FAILURES UI-001..003",APPLIES,,Engine/exchange truth at time T -> API endpoint payload -> rendered cell text at time T (DOM capture),Independent read of the same exchange/engine truth recomputed by a script that does not import HL_Copy_App_SSOT.py,source unavailable shows n/a/Unavailable not 0 | stale source flagged | API error surfaced,,NOT_TESTED,,,,OD-21 decided: re-pointed to the certified 13 May UI.
UI-LCC-WS-11,UI,WS Health column: Ignored,Matches live WS health file and the engine's real subscription state; stale beyond HL_LIVE_WS_STALE_MS flagged.,"HL_Copy_App_SSOT.py (13 May, sha256 fad19d22) lcHealthRows | ARCH Full scope 2 | ARCH Full scope 6 | FAILURES UI-001..003",APPLIES,,Engine/exchange truth at time T -> API endpoint payload -> rendered cell text at time T (DOM capture),Independent read of the same exchange/engine truth recomputed by a script that does not import HL_Copy_App_SSOT.py,source unavailable shows n/a/Unavailable not 0 | stale source flagged | API error surfaced,,NOT_TESTED,,,,OD-21 decided: re-pointed to the certified 13 May UI.
UI-LCC-WS-12,UI,WS Health column: Recent errors,Matches live WS health file and the engine's real subscription state; stale beyond HL_LIVE_WS_STALE_MS flagged.,"HL_Copy_App_SSOT.py (13 May, sha256 fad19d22) lcHealthRows | ARCH Full scope 2 | ARCH Full scope 6 | FAILURES UI-001..003",APPLIES,,Engine/exchange truth at time T -> API endpoint payload -> rendered cell text at time T (DOM capture),Independent read of the same exchange/engine truth recomputed by a script that does not import HL_Copy_App_SSOT.py,source unavailable shows n/a/Unavailable not 0 | stale source flagged | API error surfaced,,NOT_TESTED,,,,OD-21 decided: re-pointed to the certified 13 May UI.
UI-LCC-WS-13,UI,WS Health column: Lifetime errors,Matches live WS health file and the engine's real subscription state; stale beyond HL_LIVE_WS_STALE_MS flagged.,"HL_Copy_App_SSOT.py (13 May, sha256 fad19d22) lcHealthRows | ARCH Full scope 2 | ARCH Full scope 6 | FAILURES UI-001..003",APPLIES,,Engine/exchange truth at time T -> API endpoint payload -> rendered cell text at time T (DOM capture),Independent read of the same exchange/engine truth recomputed by a script that does not import HL_Copy_App_SSOT.py,source unavailable shows n/a/Unavailable not 0 | stale source flagged | API error surfaced,,NOT_TESTED,,,,OD-21 decided: re-pointed to the certified 13 May UI.
UI-LCC-WS-14,UI,WS Health column: Stale ms,Matches live WS health file and the engine's real subscription state; stale beyond HL_LIVE_WS_STALE_MS flagged.,"HL_Copy_App_SSOT.py (13 May, sha256 fad19d22) lcHealthRows | ARCH Full scope 2 | ARCH Full scope 6 | FAILURES UI-001..003",APPLIES,,Engine/exchange truth at time T -> API endpoint payload -> rendered cell text at time T (DOM capture),Independent read of the same exchange/engine truth recomputed by a script that does not import HL_Copy_App_SSOT.py,source unavailable shows n/a/Unavailable not 0 | stale source flagged | API error surfaced,,NOT_TESTED,,,,OD-21 decided: re-pointed to the certified 13 May UI.
UI-LCC-WS-15,UI,WS Health column: Data status,Matches live WS health file and the engine's real subscription state; stale beyond HL_LIVE_WS_STALE_MS flagged.,"HL_Copy_App_SSOT.py (13 May, sha256 fad19d22) lcHealthRows | ARCH Full scope 2 | ARCH Full scope 6 | FAILURES UI-001..003",APPLIES,,Engine/exchange truth at time T -> API endpoint payload -> rendered cell text at time T (DOM capture),Independent read of the same exchange/engine truth recomputed by a script that does not import HL_Copy_App_SSOT.py,source unavailable shows n/a/Unavailable not 0 | stale source flagged | API error surfaced,,NOT_TESTED,,,,OD-21 decided: re-pointed to the certified 13 May UI.
UI-LCC-WS-16,UI,WS Health column: Last close/error,Matches live WS health file and the engine's real subscription state; stale beyond HL_LIVE_WS_STALE_MS flagged.,"HL_Copy_App_SSOT.py (13 May, sha256 fad19d22) lcHealthRows | ARCH Full scope 2 | ARCH Full scope 6 | FAILURES UI-001..003",APPLIES,,Engine/exchange truth at time T -> API endpoint payload -> rendered cell text at time T (DOM capture),Independent read of the same exchange/engine truth recomputed by a script that does not import HL_Copy_App_SSOT.py,source unavailable shows n/a/Unavailable not 0 | stale source flagged | API error surfaced,,NOT_TESTED,,,,OD-21 decided: re-pointed to the certified 13 May UI.
UI-LCC-TAB-01,UI,Tab: Real Copy Positions,Tab switches panel without changing data.,"HL_Copy_App_SSOT.py (13 May, sha256 fad19d22) lc-tabbar | ARCH Full scope 2 | ARCH Full scope 6 | FAILURES UI-001..003",APPLIES,,Engine/exchange truth at time T -> API endpoint payload -> rendered cell text at time T (DOM capture),Independent read of the same exchange/engine truth recomputed by a script that does not import HL_Copy_App_SSOT.py,source unavailable shows n/a/Unavailable not 0 | stale source flagged | API error surfaced,,NOT_TESTED,,,,OD-21 decided: re-pointed to the certified 13 May UI.
UI-LCC-TAB-02,UI,Tab: Execution Quality,Tab switches panel without changing data.,"HL_Copy_App_SSOT.py (13 May, sha256 fad19d22) lc-tabbar | ARCH Full scope 2 | ARCH Full scope 6 | FAILURES UI-001..003",APPLIES,,Engine/exchange truth at time T -> API endpoint payload -> rendered cell text at time T (DOM capture),Independent read of the same exchange/engine truth recomputed by a script that does not import HL_Copy_App_SSOT.py,source unavailable shows n/a/Unavailable not 0 | stale source flagged | API error surfaced,,NOT_TESTED,,,,OD-21 decided: re-pointed to the certified 13 May UI.
UI-LCC-TAB-03,UI,Tab: Order Intents / Audit,Tab switches panel without changing data.,"HL_Copy_App_SSOT.py (13 May, sha256 fad19d22) lc-tabbar | ARCH Full scope 2 | ARCH Full scope 6 | FAILURES UI-001..003",APPLIES,,Engine/exchange truth at time T -> API endpoint payload -> rendered cell text at time T (DOM capture),Independent read of the same exchange/engine truth recomputed by a script that does not import HL_Copy_App_SSOT.py,source unavailable shows n/a/Unavailable not 0 | stale source flagged | API error surfaced,,NOT_TESTED,,,,OD-21 decided: re-pointed to the certified 13 May UI.
UI-LCC-TAB-04,UI,Tab: Reconciliation,Tab switches panel without changing data.,"HL_Copy_App_SSOT.py (13 May, sha256 fad19d22) lc-tabbar | ARCH Full scope 2 | ARCH Full scope 6 | FAILURES UI-001..003",APPLIES,,Engine/exchange truth at time T -> API endpoint payload -> rendered cell text at time T (DOM capture),Independent read of the same exchange/engine truth recomputed by a script that does not import HL_Copy_App_SSOT.py,source unavailable shows n/a/Unavailable not 0 | stale source flagged | API error surfaced,,NOT_TESTED,,,,OD-21 decided: re-pointed to the certified 13 May UI.
UI-LCC-TAB-05,UI,Tab: WS Health,Tab switches panel without changing data.,"HL_Copy_App_SSOT.py (13 May, sha256 fad19d22) lc-tabbar | ARCH Full scope 2 | ARCH Full scope 6 | FAILURES UI-001..003",APPLIES,,Engine/exchange truth at time T -> API endpoint payload -> rendered cell text at time T (DOM capture),Independent read of the same exchange/engine truth recomputed by a script that does not import HL_Copy_App_SSOT.py,source unavailable shows n/a/Unavailable not 0 | stale source flagged | API error surfaced,,NOT_TESTED,,,,OD-21 decided: re-pointed to the certified 13 May UI.
UI-LCC-ADD-01,UI,Add-wallet modal field: Wallet address,Field value persists exactly to live_config.json via /api/live-config/add-wallet; invalid input rejected with visible error.,"HL_Copy_App_SSOT.py (13 May, sha256 fad19d22) lcAddForm | ARCH Full scope 2 | ARCH Full scope 6 | FAILURES UI-001..003",APPLIES,OD-07 | OD-10,Engine/exchange truth at time T -> API endpoint payload -> rendered cell text at time T (DOM capture),Independent read of the same exchange/engine truth recomputed by a script that does not import HL_Copy_App_SSOT.py,source unavailable shows n/a/Unavailable not 0 | stale source flagged | API error surfaced,,NOT_TESTED,,,,OD-21 decided: re-pointed to the certified 13 May UI.
UI-LCC-ADD-02,UI,Add-wallet modal field: Initial mode,Field value persists exactly to live_config.json via /api/live-config/add-wallet; invalid input rejected with visible error.,"HL_Copy_App_SSOT.py (13 May, sha256 fad19d22) lcAddForm | ARCH Full scope 2 | ARCH Full scope 6 | FAILURES UI-001..003",APPLIES,OD-07 | OD-10,Engine/exchange truth at time T -> API endpoint payload -> rendered cell text at time T (DOM capture),Independent read of the same exchange/engine truth recomputed by a script that does not import HL_Copy_App_SSOT.py,source unavailable shows n/a/Unavailable not 0 | stale source flagged | API error surfaced,,NOT_TESTED,,,,OD-21 decided: re-pointed to the certified 13 May UI.
UI-LCC-ADD-03,UI,Add-wallet modal field: Copy model,Field value persists exactly to live_config.json via /api/live-config/add-wallet; invalid input rejected with visible error.,"HL_Copy_App_SSOT.py (13 May, sha256 fad19d22) lcAddForm | ARCH Full scope 2 | ARCH Full scope 6 | FAILURES UI-001..003",APPLIES,OD-07 | OD-10,Engine/exchange truth at time T -> API endpoint payload -> rendered cell text at time T (DOM capture),Independent read of the same exchange/engine truth recomputed by a script that does not import HL_Copy_App_SSOT.py,source unavailable shows n/a/Unavailable not 0 | stale source flagged | API error surfaced,,NOT_TESTED,,,,OD-21 decided: re-pointed to the certified 13 May UI.
UI-LCC-ADD-04,UI,Add-wallet modal field: Norm base,Field value persists exactly to live_config.json via /api/live-config/add-wallet; invalid input rejected with visible error.,"HL_Copy_App_SSOT.py (13 May, sha256 fad19d22) lcAddForm | ARCH Full scope 2 | ARCH Full scope 6 | FAILURES UI-001..003",APPLIES,OD-07 | OD-10,Engine/exchange truth at time T -> API endpoint payload -> rendered cell text at time T (DOM capture),Independent read of the same exchange/engine truth recomputed by a script that does not import HL_Copy_App_SSOT.py,source unavailable shows n/a/Unavailable not 0 | stale source flagged | API error surfaced,,NOT_TESTED,,,,OD-21 decided: re-pointed to the certified 13 May UI.
UI-LCC-ADD-05,UI,Add-wallet modal field: Fixed notional,Field value persists exactly to live_config.json via /api/live-config/add-wallet; invalid input rejected with visible error.,"HL_Copy_App_SSOT.py (13 May, sha256 fad19d22) lcAddForm | ARCH Full scope 2 | ARCH Full scope 6 | FAILURES UI-001..003",APPLIES,OD-07 | OD-10,Engine/exchange truth at time T -> API endpoint payload -> rendered cell text at time T (DOM capture),Independent read of the same exchange/engine truth recomputed by a script that does not import HL_Copy_App_SSOT.py,source unavailable shows n/a/Unavailable not 0 | stale source flagged | API error surfaced,,NOT_TESTED,,,,OD-21 decided: re-pointed to the certified 13 May UI.
UI-LCC-ADD-06,UI,Add-wallet modal field: Leader equity base,Field value persists exactly to live_config.json via /api/live-config/add-wallet; invalid input rejected with visible error.,"HL_Copy_App_SSOT.py (13 May, sha256 fad19d22) lcAddForm | ARCH Full scope 2 | ARCH Full scope 6 | FAILURES UI-001..003",APPLIES,OD-07 | OD-10,Engine/exchange truth at time T -> API endpoint payload -> rendered cell text at time T (DOM capture),Independent read of the same exchange/engine truth recomputed by a script that does not import HL_Copy_App_SSOT.py,source unavailable shows n/a/Unavailable not 0 | stale source flagged | API error surfaced,,NOT_TESTED,,,,OD-21 decided: re-pointed to the certified 13 May UI.
UI-LCC-ADD-07,UI,Add-wallet modal field: Max diff %,Field value persists exactly to live_config.json via /api/live-config/add-wallet; invalid input rejected with visible error.,"HL_Copy_App_SSOT.py (13 May, sha256 fad19d22) lcAddForm | ARCH Full scope 2 | ARCH Full scope 6 | FAILURES UI-001..003",APPLIES,OD-07 | OD-10,Engine/exchange truth at time T -> API endpoint payload -> rendered cell text at time T (DOM capture),Independent read of the same exchange/engine truth recomputed by a script that does not import HL_Copy_App_SSOT.py,source unavailable shows n/a/Unavailable not 0 | stale source flagged | API error surfaced,,NOT_TESTED,,,,OD-21 decided: re-pointed to the certified 13 May UI.
UI-LCC-ADD-08,UI,Add-wallet modal field: Daily loss,Field value persists exactly to live_config.json via /api/live-config/add-wallet; invalid input rejected with visible error.,"HL_Copy_App_SSOT.py (13 May, sha256 fad19d22) lcAddForm | ARCH Full scope 2 | ARCH Full scope 6 | FAILURES UI-001..003",APPLIES,OD-07 | OD-10,Engine/exchange truth at time T -> API endpoint payload -> rendered cell text at time T (DOM capture),Independent read of the same exchange/engine truth recomputed by a script that does not import HL_Copy_App_SSOT.py,source unavailable shows n/a/Unavailable not 0 | stale source flagged | API error surfaced,,NOT_TESTED,,,,OD-21 decided: re-pointed to the certified 13 May UI.
UI-LCC-ADD-09,UI,Add-wallet modal field: Cancel,Field value persists exactly to live_config.json via /api/live-config/add-wallet; invalid input rejected with visible error.,"HL_Copy_App_SSOT.py (13 May, sha256 fad19d22) lcAddForm | ARCH Full scope 2 | ARCH Full scope 6 | FAILURES UI-001..003",APPLIES,OD-07 | OD-10,Engine/exchange truth at time T -> API endpoint payload -> rendered cell text at time T (DOM capture),Independent read of the same exchange/engine truth recomputed by a script that does not import HL_Copy_App_SSOT.py,source unavailable shows n/a/Unavailable not 0 | stale source flagged | API error surfaced,,NOT_TESTED,,,,OD-21 decided: re-pointed to the certified 13 May UI.
UI-LCC-ADD-10,UI,Add-wallet modal field: Add wallet submit,Field value persists exactly to live_config.json via /api/live-config/add-wallet; invalid input rejected with visible error.,"HL_Copy_App_SSOT.py (13 May, sha256 fad19d22) lcAddForm | ARCH Full scope 2 | ARCH Full scope 6 | FAILURES UI-001..003",APPLIES,OD-07 | OD-10,Engine/exchange truth at time T -> API endpoint payload -> rendered cell text at time T (DOM capture),Independent read of the same exchange/engine truth recomputed by a script that does not import HL_Copy_App_SSOT.py,source unavailable shows n/a/Unavailable not 0 | stale source flagged | API error surfaced,,NOT_TESTED,,,,OD-21 decided: re-pointed to the certified 13 May UI.
UI-SSOT-TOP-01,UI,Analytics top bar: Normalisation Base,"Changes only the app-derived MODEL (ui_state.json), never live trading; must be labelled as model so it cannot be mistaken for live engine settings.","HL_Copy_App_SSOT.py (13 May, sha256 fad19d22) HTML_TEMPLATE top | ARCH Full scope 2 | ARCH Full scope 6 | FAILURES UI-001..003",APPLIES,OD-18,Engine/exchange truth at time T -> API endpoint payload -> rendered cell text at time T (DOM capture),Independent read of the same exchange/engine truth recomputed by a script that does not import HL_Copy_App_SSOT.py,source unavailable shows n/a/Unavailable not 0 | stale source flagged | API error surfaced,,NOT_TESTED,,,,OD-21 decided: re-pointed to the certified 13 May UI.
UI-SSOT-TOP-02,UI,Analytics top bar: Mode (proportional/fixed),"Changes only the app-derived MODEL (ui_state.json), never live trading; must be labelled as model so it cannot be mistaken for live engine settings.","HL_Copy_App_SSOT.py (13 May, sha256 fad19d22) HTML_TEMPLATE top | ARCH Full scope 2 | ARCH Full scope 6 | FAILURES UI-001..003",APPLIES,OD-18,Engine/exchange truth at time T -> API endpoint payload -> rendered cell text at time T (DOM capture),Independent read of the same exchange/engine truth recomputed by a script that does not import HL_Copy_App_SSOT.py,source unavailable shows n/a/Unavailable not 0 | stale source flagged | API error surfaced,,NOT_TESTED,,,,OD-21 decided: re-pointed to the certified 13 May UI.
UI-SSOT-TOP-03,UI,Analytics top bar: Fixed $,"Changes only the app-derived MODEL (ui_state.json), never live trading; must be labelled as model so it cannot be mistaken for live engine settings.","HL_Copy_App_SSOT.py (13 May, sha256 fad19d22) HTML_TEMPLATE top | ARCH Full scope 2 | ARCH Full scope 6 | FAILURES UI-001..003",APPLIES,OD-18,Engine/exchange truth at time T -> API endpoint payload -> rendered cell text at time T (DOM capture),Independent read of the same exchange/engine truth recomputed by a script that does not import HL_Copy_App_SSOT.py,source unavailable shows n/a/Unavailable not 0 | stale source flagged | API error surfaced,,NOT_TESTED,,,,OD-21 decided: re-pointed to the certified 13 May UI.
UI-SSOT-TOP-04,UI,Analytics top bar: Fee bps,"Changes only the app-derived MODEL (ui_state.json), never live trading; must be labelled as model so it cannot be mistaken for live engine settings.","HL_Copy_App_SSOT.py (13 May, sha256 fad19d22) HTML_TEMPLATE top | ARCH Full scope 2 | ARCH Full scope 6 | FAILURES UI-001..003",APPLIES,OD-18,Engine/exchange truth at time T -> API endpoint payload -> rendered cell text at time T (DOM capture),Independent read of the same exchange/engine truth recomputed by a script that does not import HL_Copy_App_SSOT.py,source unavailable shows n/a/Unavailable not 0 | stale source flagged | API error surfaced,,NOT_TESTED,,,,OD-21 decided: re-pointed to the certified 13 May UI.
UI-SSOT-TOP-05,UI,Analytics top bar: Copy friction bps,"Changes only the app-derived MODEL (ui_state.json), never live trading; must be labelled as model so it cannot be mistaken for live engine settings.","HL_Copy_App_SSOT.py (13 May, sha256 fad19d22) HTML_TEMPLATE top | ARCH Full scope 2 | ARCH Full scope 6 | FAILURES UI-001..003",APPLIES,OD-18,Engine/exchange truth at time T -> API endpoint payload -> rendered cell text at time T (DOM capture),Independent read of the same exchange/engine truth recomputed by a script that does not import HL_Copy_App_SSOT.py,source unavailable shows n/a/Unavailable not 0 | stale source flagged | API error surfaced,,NOT_TESTED,,,,OD-21 decided: re-pointed to the certified 13 May UI.
UI-SSOT-TOP-06,UI,Analytics top bar: Set,"Changes only the app-derived MODEL (ui_state.json), never live trading; must be labelled as model so it cannot be mistaken for live engine settings.","HL_Copy_App_SSOT.py (13 May, sha256 fad19d22) HTML_TEMPLATE top | ARCH Full scope 2 | ARCH Full scope 6 | FAILURES UI-001..003",APPLIES,OD-18,Engine/exchange truth at time T -> API endpoint payload -> rendered cell text at time T (DOM capture),Independent read of the same exchange/engine truth recomputed by a script that does not import HL_Copy_App_SSOT.py,source unavailable shows n/a/Unavailable not 0 | stale source flagged | API error surfaced,,NOT_TESTED,,,,OD-21 decided: re-pointed to the certified 13 May UI.
UI-SSOT-TOP-07,UI,Analytics top bar: Current mode label,"Changes only the app-derived MODEL (ui_state.json), never live trading; must be labelled as model so it cannot be mistaken for live engine settings.","HL_Copy_App_SSOT.py (13 May, sha256 fad19d22) HTML_TEMPLATE top | ARCH Full scope 2 | ARCH Full scope 6 | FAILURES UI-001..003",APPLIES,OD-18,Engine/exchange truth at time T -> API endpoint payload -> rendered cell text at time T (DOM capture),Independent read of the same exchange/engine truth recomputed by a script that does not import HL_Copy_App_SSOT.py,source unavailable shows n/a/Unavailable not 0 | stale source flagged | API error surfaced,,NOT_TESTED,,,,OD-21 decided: re-pointed to the certified 13 May UI.
UI-SSOT-TOP-08,UI,Analytics top bar: Updated timestamp,"Changes only the app-derived MODEL (ui_state.json), never live trading; must be labelled as model so it cannot be mistaken for live engine settings.","HL_Copy_App_SSOT.py (13 May, sha256 fad19d22) HTML_TEMPLATE top | ARCH Full scope 2 | ARCH Full scope 6 | FAILURES UI-001..003",APPLIES,OD-18,Engine/exchange truth at time T -> API endpoint payload -> rendered cell text at time T (DOM capture),Independent read of the same exchange/engine truth recomputed by a script that does not import HL_Copy_App_SSOT.py,source unavailable shows n/a/Unavailable not 0 | stale source flagged | API error surfaced,,NOT_TESTED,,,,OD-21 decided: re-pointed to the certified 13 May UI.
UI-SSOT-TOP-09,UI,Analytics top bar: POLL badge,"Changes only the app-derived MODEL (ui_state.json), never live trading; must be labelled as model so it cannot be mistaken for live engine settings.","HL_Copy_App_SSOT.py (13 May, sha256 fad19d22) HTML_TEMPLATE top | ARCH Full scope 2 | ARCH Full scope 6 | FAILURES UI-001..003",APPLIES,OD-18,Engine/exchange truth at time T -> API endpoint payload -> rendered cell text at time T (DOM capture),Independent read of the same exchange/engine truth recomputed by a script that does not import HL_Copy_App_SSOT.py,source unavailable shows n/a/Unavailable not 0 | stale source flagged | API error surfaced,,NOT_TESTED,,,,OD-21 decided: re-pointed to the certified 13 May UI.
UI-SSOT-CARD-01,UI,Analytics header card: PNL Lead/Copy/Delta,Aggregates only included wallets from engine_truth.json + raw fills; values recomputable independently; model-derived values labelled as model.,"HL_Copy_App_SSOT.py (13 May, sha256 fad19d22) render_page cards | ARCH Full scope 2 | ARCH Full scope 6 | FAILURES UI-001..003",SUPERSEDED,OD-18,Engine/exchange truth at time T -> API endpoint payload -> rendered cell text at time T (DOM capture),Independent read of the same exchange/engine truth recomputed by a script that does not import HL_Copy_App_SSOT.py,source unavailable shows n/a/Unavailable not 0 | stale source flagged | API error surfaced,,NOT_TESTED,,,,"OD-21 decided: element(s) ['render_page'] not found in the certified 13 May UI; requirement void. The 13 May modelling page is render_home (route /, /model); its labelling is OD-18."
UI-SSOT-CARD-02,UI,Analytics header card: REALISED Lead/Copy,Aggregates only included wallets from engine_truth.json + raw fills; values recomputable independently; model-derived values labelled as model.,"HL_Copy_App_SSOT.py (13 May, sha256 fad19d22) render_page cards | ARCH Full scope 2 | ARCH Full scope 6 | FAILURES UI-001..003",SUPERSEDED,OD-18,Engine/exchange truth at time T -> API endpoint payload -> rendered cell text at time T (DOM capture),Independent read of the same exchange/engine truth recomputed by a script that does not import HL_Copy_App_SSOT.py,source unavailable shows n/a/Unavailable not 0 | stale source flagged | API error surfaced,,NOT_TESTED,,,,"OD-21 decided: element(s) ['render_page'] not found in the certified 13 May UI; requirement void. The 13 May modelling page is render_home (route /, /model); its labelling is OD-18."
UI-SSOT-CARD-03,UI,Analytics header card: UNREALISED Lead/Copy,Aggregates only included wallets from engine_truth.json + raw fills; values recomputable independently; model-derived values labelled as model.,"HL_Copy_App_SSOT.py (13 May, sha256 fad19d22) render_page cards | ARCH Full scope 2 | ARCH Full scope 6 | FAILURES UI-001..003",SUPERSEDED,OD-18,Engine/exchange truth at time T -> API endpoint payload -> rendered cell text at time T (DOM capture),Independent read of the same exchange/engine truth recomputed by a script that does not import HL_Copy_App_SSOT.py,source unavailable shows n/a/Unavailable not 0 | stale source flagged | API error surfaced,,NOT_TESTED,,,,"OD-21 decided: element(s) ['render_page'] not found in the certified 13 May UI; requirement void. The 13 May modelling page is render_home (route /, /model); its labelling is OD-18."
UI-SSOT-CARD-04,UI,Analytics header card: DRAWDOWN Lead DD/Copy DD/Copy Max,Aggregates only included wallets from engine_truth.json + raw fills; values recomputable independently; model-derived values labelled as model.,"HL_Copy_App_SSOT.py (13 May, sha256 fad19d22) render_page cards | ARCH Full scope 2 | ARCH Full scope 6 | FAILURES UI-001..003",SUPERSEDED,OD-18,Engine/exchange truth at time T -> API endpoint payload -> rendered cell text at time T (DOM capture),Independent read of the same exchange/engine truth recomputed by a script that does not import HL_Copy_App_SSOT.py,source unavailable shows n/a/Unavailable not 0 | stale source flagged | API error surfaced,,NOT_TESTED,,,,"OD-21 decided: element(s) ['render_page'] not found in the certified 13 May UI; requirement void. The 13 May modelling page is render_home (route /, /model); its labelling is OD-18."
UI-SSOT-CARD-05,UI,Analytics header card: MAX DD Lead/Copy,Aggregates only included wallets from engine_truth.json + raw fills; values recomputable independently; model-derived values labelled as model.,"HL_Copy_App_SSOT.py (13 May, sha256 fad19d22) render_page cards | ARCH Full scope 2 | ARCH Full scope 6 | FAILURES UI-001..003",SUPERSEDED,OD-18,Engine/exchange truth at time T -> API endpoint payload -> rendered cell text at time T (DOM capture),Independent read of the same exchange/engine truth recomputed by a script that does not import HL_Copy_App_SSOT.py,source unavailable shows n/a/Unavailable not 0 | stale source flagged | API error surfaced,,NOT_TESTED,,,,"OD-21 decided: element(s) ['render_page'] not found in the certified 13 May UI; requirement void. The 13 May modelling page is render_home (route /, /model); its labelling is OD-18."
UI-SSOT-CARD-06,UI,Analytics header card: EXPOSURE Open/Max/Base,Aggregates only included wallets from engine_truth.json + raw fills; values recomputable independently; model-derived values labelled as model.,"HL_Copy_App_SSOT.py (13 May, sha256 fad19d22) render_page cards | ARCH Full scope 2 | ARCH Full scope 6 | FAILURES UI-001..003",SUPERSEDED,OD-18,Engine/exchange truth at time T -> API endpoint payload -> rendered cell text at time T (DOM capture),Independent read of the same exchange/engine truth recomputed by a script that does not import HL_Copy_App_SSOT.py,source unavailable shows n/a/Unavailable not 0 | stale source flagged | API error surfaced,,NOT_TESTED,,,,"OD-21 decided: element(s) ['render_page'] not found in the certified 13 May UI; requirement void. The 13 May modelling page is render_home (route /, /model); its labelling is OD-18."
UI-SSOT-CARD-07,UI,Analytics header card: COPYABILITY Avg trade %/$ /Avg pos/Req lev,Aggregates only included wallets from engine_truth.json + raw fills; values recomputable independently; model-derived values labelled as model.,"HL_Copy_App_SSOT.py (13 May, sha256 fad19d22) render_page cards | ARCH Full scope 2 | ARCH Full scope 6 | FAILURES UI-001..003",SUPERSEDED,OD-18,Engine/exchange truth at time T -> API endpoint payload -> rendered cell text at time T (DOM capture),Independent read of the same exchange/engine truth recomputed by a script that does not import HL_Copy_App_SSOT.py,source unavailable shows n/a/Unavailable not 0 | stale source flagged | API error surfaced,,NOT_TESTED,,,,"OD-21 decided: element(s) ['render_page'] not found in the certified 13 May UI; requirement void. The 13 May modelling page is render_home (route /, /model); its labelling is OD-18."
UI-SSOT-CARD-08,UI,Analytics header card: ACTIVITY Fills/Exits/Open pos/Win,Aggregates only included wallets from engine_truth.json + raw fills; values recomputable independently; model-derived values labelled as model.,"HL_Copy_App_SSOT.py (13 May, sha256 fad19d22) render_page cards | ARCH Full scope 2 | ARCH Full scope 6 | FAILURES UI-001..003",SUPERSEDED,OD-18,Engine/exchange truth at time T -> API endpoint payload -> rendered cell text at time T (DOM capture),Independent read of the same exchange/engine truth recomputed by a script that does not import HL_Copy_App_SSOT.py,source unavailable shows n/a/Unavailable not 0 | stale source flagged | API error surfaced,,NOT_TESTED,,,,"OD-21 decided: element(s) ['render_page'] not found in the certified 13 May UI; requirement void. The 13 May modelling page is render_home (route /, /model); its labelling is OD-18."
UI-SSOT-CARD-09,UI,Analytics header card: DB HEALTH status/cache/builds,Aggregates only included wallets from engine_truth.json + raw fills; values recomputable independently; model-derived values labelled as model.,"HL_Copy_App_SSOT.py (13 May, sha256 fad19d22) render_page cards | ARCH Full scope 2 | ARCH Full scope 6 | FAILURES UI-001..003",SUPERSEDED,OD-18,Engine/exchange truth at time T -> API endpoint payload -> rendered cell text at time T (DOM capture),Independent read of the same exchange/engine truth recomputed by a script that does not import HL_Copy_App_SSOT.py,source unavailable shows n/a/Unavailable not 0 | stale source flagged | API error surfaced,,NOT_TESTED,,,,"OD-21 decided: element(s) ['render_page'] not found in the certified 13 May UI; requirement void. The 13 May modelling page is render_home (route /, /model); its labelling is OD-18."
UI-SSOT-TBL-01,UI,Analytics table column: WALLET,Each cell recomputable from engine SSOT; L/C mismatches flagged DIFF; sort is stable and persists.,"HL_Copy_App_SSOT.py (13 May, sha256 fad19d22) render_page table_head / render_row | ARCH Full scope 2 | ARCH Full scope 6 | FAILURES UI-001..003",APPLIES,OD-18,Engine/exchange truth at time T -> API endpoint payload -> rendered cell text at time T (DOM capture),Independent read of the same exchange/engine truth recomputed by a script that does not import HL_Copy_App_SSOT.py,source unavailable shows n/a/Unavailable not 0 | stale source flagged | API error surfaced,,NOT_TESTED,,,,OD-21 decided: re-pointed to the certified 13 May UI.
UI-SSOT-TBL-02,UI,Analytics table column: LEAD EQ,Each cell recomputable from engine SSOT; L/C mismatches flagged DIFF; sort is stable and persists.,"HL_Copy_App_SSOT.py (13 May, sha256 fad19d22) render_page table_head / render_row | ARCH Full scope 2 | ARCH Full scope 6 | FAILURES UI-001..003",APPLIES,OD-18,Engine/exchange truth at time T -> API endpoint payload -> rendered cell text at time T (DOM capture),Independent read of the same exchange/engine truth recomputed by a script that does not import HL_Copy_App_SSOT.py,source unavailable shows n/a/Unavailable not 0 | stale source flagged | API error surfaced,,NOT_TESTED,,,,OD-21 decided: re-pointed to the certified 13 May UI.
UI-SSOT-TBL-03,UI,Analytics table column: COPY EQ,Each cell recomputable from engine SSOT; L/C mismatches flagged DIFF; sort is stable and persists.,"HL_Copy_App_SSOT.py (13 May, sha256 fad19d22) render_page table_head / render_row | ARCH Full scope 2 | ARCH Full scope 6 | FAILURES UI-001..003",APPLIES,OD-18,Engine/exchange truth at time T -> API endpoint payload -> rendered cell text at time T (DOM capture),Independent read of the same exchange/engine truth recomputed by a script that does not import HL_Copy_App_SSOT.py,source unavailable shows n/a/Unavailable not 0 | stale source flagged | API error surfaced,,NOT_TESTED,,,,OD-21 decided: re-pointed to the certified 13 May UI.
UI-SSOT-TBL-04,UI,Analytics table column: LEAD REAL,Each cell recomputable from engine SSOT; L/C mismatches flagged DIFF; sort is stable and persists.,"HL_Copy_App_SSOT.py (13 May, sha256 fad19d22) render_page table_head / render_row | ARCH Full scope 2 | ARCH Full scope 6 | FAILURES UI-001..003",APPLIES,OD-18,Engine/exchange truth at time T -> API endpoint payload -> rendered cell text at time T (DOM capture),Independent read of the same exchange/engine truth recomputed by a script that does not import HL_Copy_App_SSOT.py,source unavailable shows n/a/Unavailable not 0 | stale source flagged | API error surfaced,,NOT_TESTED,,,,OD-21 decided: re-pointed to the certified 13 May UI.
UI-SSOT-TBL-05,UI,Analytics table column: COPY REAL,Each cell recomputable from engine SSOT; L/C mismatches flagged DIFF; sort is stable and persists.,"HL_Copy_App_SSOT.py (13 May, sha256 fad19d22) render_page table_head / render_row | ARCH Full scope 2 | ARCH Full scope 6 | FAILURES UI-001..003",APPLIES,OD-18,Engine/exchange truth at time T -> API endpoint payload -> rendered cell text at time T (DOM capture),Independent read of the same exchange/engine truth recomputed by a script that does not import HL_Copy_App_SSOT.py,source unavailable shows n/a/Unavailable not 0 | stale source flagged | API error surfaced,,NOT_TESTED,,,,OD-21 decided: re-pointed to the certified 13 May UI.
UI-SSOT-TBL-06,UI,Analytics table column: LEAD UNREAL,Each cell recomputable from engine SSOT; L/C mismatches flagged DIFF; sort is stable and persists.,"HL_Copy_App_SSOT.py (13 May, sha256 fad19d22) render_page table_head / render_row | ARCH Full scope 2 | ARCH Full scope 6 | FAILURES UI-001..003",APPLIES,OD-18,Engine/exchange truth at time T -> API endpoint payload -> rendered cell text at time T (DOM capture),Independent read of the same exchange/engine truth recomputed by a script that does not import HL_Copy_App_SSOT.py,source unavailable shows n/a/Unavailable not 0 | stale source flagged | API error surfaced,,NOT_TESTED,,,,OD-21 decided: re-pointed to the certified 13 May UI.
UI-SSOT-TBL-07,UI,Analytics table column: COPY UNREAL,Each cell recomputable from engine SSOT; L/C mismatches flagged DIFF; sort is stable and persists.,"HL_Copy_App_SSOT.py (13 May, sha256 fad19d22) render_page table_head / render_row | ARCH Full scope 2 | ARCH Full scope 6 | FAILURES UI-001..003",APPLIES,OD-18,Engine/exchange truth at time T -> API endpoint payload -> rendered cell text at time T (DOM capture),Independent read of the same exchange/engine truth recomputed by a script that does not import HL_Copy_App_SSOT.py,source unavailable shows n/a/Unavailable not 0 | stale source flagged | API error surfaced,,NOT_TESTED,,,,OD-21 decided: re-pointed to the certified 13 May UI.
UI-SSOT-TBL-08,UI,Analytics table column: LEAD DD,Each cell recomputable from engine SSOT; L/C mismatches flagged DIFF; sort is stable and persists.,"HL_Copy_App_SSOT.py (13 May, sha256 fad19d22) render_page table_head / render_row | ARCH Full scope 2 | ARCH Full scope 6 | FAILURES UI-001..003",APPLIES,OD-18,Engine/exchange truth at time T -> API endpoint payload -> rendered cell text at time T (DOM capture),Independent read of the same exchange/engine truth recomputed by a script that does not import HL_Copy_App_SSOT.py,source unavailable shows n/a/Unavailable not 0 | stale source flagged | API error surfaced,,NOT_TESTED,,,,OD-21 decided: re-pointed to the certified 13 May UI.
UI-SSOT-TBL-09,UI,Analytics table column: COPY DD,Each cell recomputable from engine SSOT; L/C mismatches flagged DIFF; sort is stable and persists.,"HL_Copy_App_SSOT.py (13 May, sha256 fad19d22) render_page table_head / render_row | ARCH Full scope 2 | ARCH Full scope 6 | FAILURES UI-001..003",APPLIES,OD-18,Engine/exchange truth at time T -> API endpoint payload -> rendered cell text at time T (DOM capture),Independent read of the same exchange/engine truth recomputed by a script that does not import HL_Copy_App_SSOT.py,source unavailable shows n/a/Unavailable not 0 | stale source flagged | API error surfaced,,NOT_TESTED,,,,OD-21 decided: re-pointed to the certified 13 May UI.
UI-SSOT-TBL-10,UI,Analytics table column: LEAD MAXDD,Each cell recomputable from engine SSOT; L/C mismatches flagged DIFF; sort is stable and persists.,"HL_Copy_App_SSOT.py (13 May, sha256 fad19d22) render_page table_head / render_row | ARCH Full scope 2 | ARCH Full scope 6 | FAILURES UI-001..003",APPLIES,OD-18,Engine/exchange truth at time T -> API endpoint payload -> rendered cell text at time T (DOM capture),Independent read of the same exchange/engine truth recomputed by a script that does not import HL_Copy_App_SSOT.py,source unavailable shows n/a/Unavailable not 0 | stale source flagged | API error surfaced,,NOT_TESTED,,,,OD-21 decided: re-pointed to the certified 13 May UI.
UI-SSOT-TBL-11,UI,Analytics table column: COPY MAXDD,Each cell recomputable from engine SSOT; L/C mismatches flagged DIFF; sort is stable and persists.,"HL_Copy_App_SSOT.py (13 May, sha256 fad19d22) render_page table_head / render_row | ARCH Full scope 2 | ARCH Full scope 6 | FAILURES UI-001..003",APPLIES,OD-18,Engine/exchange truth at time T -> API endpoint payload -> rendered cell text at time T (DOM capture),Independent read of the same exchange/engine truth recomputed by a script that does not import HL_Copy_App_SSOT.py,source unavailable shows n/a/Unavailable not 0 | stale source flagged | API error surfaced,,NOT_TESTED,,,,OD-21 decided: re-pointed to the certified 13 May UI.
UI-SSOT-TBL-12,UI,Analytics table column: Delta $/%,Each cell recomputable from engine SSOT; L/C mismatches flagged DIFF; sort is stable and persists.,"HL_Copy_App_SSOT.py (13 May, sha256 fad19d22) render_page table_head / render_row | ARCH Full scope 2 | ARCH Full scope 6 | FAILURES UI-001..003",APPLIES,OD-18,Engine/exchange truth at time T -> API endpoint payload -> rendered cell text at time T (DOM capture),Independent read of the same exchange/engine truth recomputed by a script that does not import HL_Copy_App_SSOT.py,source unavailable shows n/a/Unavailable not 0 | stale source flagged | API error surfaced,,NOT_TESTED,,,,OD-21 decided: re-pointed to the certified 13 May UI.
UI-SSOT-TBL-13,UI,Analytics table column: PNL/HR,Each cell recomputable from engine SSOT; L/C mismatches flagged DIFF; sort is stable and persists.,"HL_Copy_App_SSOT.py (13 May, sha256 fad19d22) render_page table_head / render_row | ARCH Full scope 2 | ARCH Full scope 6 | FAILURES UI-001..003",APPLIES,OD-18,Engine/exchange truth at time T -> API endpoint payload -> rendered cell text at time T (DOM capture),Independent read of the same exchange/engine truth recomputed by a script that does not import HL_Copy_App_SSOT.py,source unavailable shows n/a/Unavailable not 0 | stale source flagged | API error surfaced,,NOT_TESTED,,,,OD-21 decided: re-pointed to the certified 13 May UI.
UI-SSOT-TBL-14,UI,Analytics table column: AVG TRADE %,Each cell recomputable from engine SSOT; L/C mismatches flagged DIFF; sort is stable and persists.,"HL_Copy_App_SSOT.py (13 May, sha256 fad19d22) render_page table_head / render_row | ARCH Full scope 2 | ARCH Full scope 6 | FAILURES UI-001..003",APPLIES,OD-18,Engine/exchange truth at time T -> API endpoint payload -> rendered cell text at time T (DOM capture),Independent read of the same exchange/engine truth recomputed by a script that does not import HL_Copy_App_SSOT.py,source unavailable shows n/a/Unavailable not 0 | stale source flagged | API error surfaced,,NOT_TESTED,,,,OD-21 decided: re-pointed to the certified 13 May UI.
UI-SSOT-TBL-15,UI,Analytics table column: WIN%,Each cell recomputable from engine SSOT; L/C mismatches flagged DIFF; sort is stable and persists.,"HL_Copy_App_SSOT.py (13 May, sha256 fad19d22) render_page table_head / render_row | ARCH Full scope 2 | ARCH Full scope 6 | FAILURES UI-001..003",APPLIES,OD-18,Engine/exchange truth at time T -> API endpoint payload -> rendered cell text at time T (DOM capture),Independent read of the same exchange/engine truth recomputed by a script that does not import HL_Copy_App_SSOT.py,source unavailable shows n/a/Unavailable not 0 | stale source flagged | API error surfaced,,NOT_TESTED,,,,OD-21 decided: re-pointed to the certified 13 May UI.
UI-SSOT-TBL-16,UI,Analytics table column: AVG POS $,Each cell recomputable from engine SSOT; L/C mismatches flagged DIFF; sort is stable and persists.,"HL_Copy_App_SSOT.py (13 May, sha256 fad19d22) render_page table_head / render_row | ARCH Full scope 2 | ARCH Full scope 6 | FAILURES UI-001..003",APPLIES,OD-18,Engine/exchange truth at time T -> API endpoint payload -> rendered cell text at time T (DOM capture),Independent read of the same exchange/engine truth recomputed by a script that does not import HL_Copy_App_SSOT.py,source unavailable shows n/a/Unavailable not 0 | stale source flagged | API error surfaced,,NOT_TESTED,,,,OD-21 decided: re-pointed to the certified 13 May UI.
UI-SSOT-TBL-17,UI,Analytics table column: MAX POS $,Each cell recomputable from engine SSOT; L/C mismatches flagged DIFF; sort is stable and persists.,"HL_Copy_App_SSOT.py (13 May, sha256 fad19d22) render_page table_head / render_row | ARCH Full scope 2 | ARCH Full scope 6 | FAILURES UI-001..003",APPLIES,OD-18,Engine/exchange truth at time T -> API endpoint payload -> rendered cell text at time T (DOM capture),Independent read of the same exchange/engine truth recomputed by a script that does not import HL_Copy_App_SSOT.py,source unavailable shows n/a/Unavailable not 0 | stale source flagged | API error surfaced,,NOT_TESTED,,,,OD-21 decided: re-pointed to the certified 13 May UI.
UI-SSOT-TBL-18,UI,Analytics table column: AVG NOTIONAL,Each cell recomputable from engine SSOT; L/C mismatches flagged DIFF; sort is stable and persists.,"HL_Copy_App_SSOT.py (13 May, sha256 fad19d22) render_page table_head / render_row | ARCH Full scope 2 | ARCH Full scope 6 | FAILURES UI-001..003",APPLIES,OD-18,Engine/exchange truth at time T -> API endpoint payload -> rendered cell text at time T (DOM capture),Independent read of the same exchange/engine truth recomputed by a script that does not import HL_Copy_App_SSOT.py,source unavailable shows n/a/Unavailable not 0 | stale source flagged | API error surfaced,,NOT_TESTED,,,,OD-21 decided: re-pointed to the certified 13 May UI.
UI-SSOT-TBL-19,UI,Analytics table column: % >= $10,Each cell recomputable from engine SSOT; L/C mismatches flagged DIFF; sort is stable and persists.,"HL_Copy_App_SSOT.py (13 May, sha256 fad19d22) render_page table_head / render_row | ARCH Full scope 2 | ARCH Full scope 6 | FAILURES UI-001..003",APPLIES,OD-18,Engine/exchange truth at time T -> API endpoint payload -> rendered cell text at time T (DOM capture),Independent read of the same exchange/engine truth recomputed by a script that does not import HL_Copy_App_SSOT.py,source unavailable shows n/a/Unavailable not 0 | stale source flagged | API error surfaced,,NOT_TESTED,,,,OD-21 decided: re-pointed to the certified 13 May UI.
UI-SSOT-TBL-20,UI,Analytics table column: REQ LEV,Each cell recomputable from engine SSOT; L/C mismatches flagged DIFF; sort is stable and persists.,"HL_Copy_App_SSOT.py (13 May, sha256 fad19d22) render_page table_head / render_row | ARCH Full scope 2 | ARCH Full scope 6 | FAILURES UI-001..003",APPLIES,OD-18,Engine/exchange truth at time T -> API endpoint payload -> rendered cell text at time T (DOM capture),Independent read of the same exchange/engine truth recomputed by a script that does not import HL_Copy_App_SSOT.py,source unavailable shows n/a/Unavailable not 0 | stale source flagged | API error surfaced,,NOT_TESTED,,,,OD-21 decided: re-pointed to the certified 13 May UI.
UI-SSOT-TBL-21,UI,Analytics table column: FILLS L/C,Each cell recomputable from engine SSOT; L/C mismatches flagged DIFF; sort is stable and persists.,"HL_Copy_App_SSOT.py (13 May, sha256 fad19d22) render_page table_head / render_row | ARCH Full scope 2 | ARCH Full scope 6 | FAILURES UI-001..003",APPLIES,OD-18,Engine/exchange truth at time T -> API endpoint payload -> rendered cell text at time T (DOM capture),Independent read of the same exchange/engine truth recomputed by a script that does not import HL_Copy_App_SSOT.py,source unavailable shows n/a/Unavailable not 0 | stale source flagged | API error surfaced,,NOT_TESTED,,,,OD-21 decided: re-pointed to the certified 13 May UI.
UI-SSOT-TBL-22,UI,Analytics table column: EXITS L/C,Each cell recomputable from engine SSOT; L/C mismatches flagged DIFF; sort is stable and persists.,"HL_Copy_App_SSOT.py (13 May, sha256 fad19d22) render_page table_head / render_row | ARCH Full scope 2 | ARCH Full scope 6 | FAILURES UI-001..003",APPLIES,OD-18,Engine/exchange truth at time T -> API endpoint payload -> rendered cell text at time T (DOM capture),Independent read of the same exchange/engine truth recomputed by a script that does not import HL_Copy_App_SSOT.py,source unavailable shows n/a/Unavailable not 0 | stale source flagged | API error surfaced,,NOT_TESTED,,,,OD-21 decided: re-pointed to the certified 13 May UI.
UI-SSOT-TBL-23,UI,Analytics table column: POS L/C,Each cell recomputable from engine SSOT; L/C mismatches flagged DIFF; sort is stable and persists.,"HL_Copy_App_SSOT.py (13 May, sha256 fad19d22) render_page table_head / render_row | ARCH Full scope 2 | ARCH Full scope 6 | FAILURES UI-001..003",APPLIES,OD-18,Engine/exchange truth at time T -> API endpoint payload -> rendered cell text at time T (DOM capture),Independent read of the same exchange/engine truth recomputed by a script that does not import HL_Copy_App_SSOT.py,source unavailable shows n/a/Unavailable not 0 | stale source flagged | API error surfaced,,NOT_TESTED,,,,OD-21 decided: re-pointed to the certified 13 May UI.
UI-SSOT-TBL-24,UI,Analytics table column: INC / WALLET MODEL controls,Each cell recomputable from engine SSOT; L/C mismatches flagged DIFF; sort is stable and persists.,"HL_Copy_App_SSOT.py (13 May, sha256 fad19d22) render_page table_head / render_row | ARCH Full scope 2 | ARCH Full scope 6 | FAILURES UI-001..003",APPLIES,OD-18,Engine/exchange truth at time T -> API endpoint payload -> rendered cell text at time T (DOM capture),Independent read of the same exchange/engine truth recomputed by a script that does not import HL_Copy_App_SSOT.py,source unavailable shows n/a/Unavailable not 0 | stale source flagged | API error surfaced,,NOT_TESTED,,,,OD-21 decided: re-pointed to the certified 13 May UI.
UI-SSOT-TBL-25,UI,Analytics table column: Column sort (/sort/{column}),Each cell recomputable from engine SSOT; L/C mismatches flagged DIFF; sort is stable and persists.,"HL_Copy_App_SSOT.py (13 May, sha256 fad19d22) render_page table_head / render_row | ARCH Full scope 2 | ARCH Full scope 6 | FAILURES UI-001..003",APPLIES,OD-18,Engine/exchange truth at time T -> API endpoint payload -> rendered cell text at time T (DOM capture),Independent read of the same exchange/engine truth recomputed by a script that does not import HL_Copy_App_SSOT.py,source unavailable shows n/a/Unavailable not 0 | stale source flagged | API error surfaced,,NOT_TESTED,,,,OD-21 decided: re-pointed to the certified 13 May UI.
UI-SSOT-PAGE-01,UI,Other page/endpoint: /wallet/{wallet} detail page (closed trades + actions tables),Endpoint returns data consistent with the rendered UI; reset/snapshot touch no engine truth (test_g4_ui_controls B_RESET_SAFE / B_SNAPSHOT); contract banner appears on any render-contract error.,"HL_Copy_App_SSOT.py (13 May, sha256 fad19d22) @app routes | ARCH Full scope 2 | ARCH Full scope 6 | FAILURES UI-001..003",APPLIES,,Engine/exchange truth at time T -> API endpoint payload -> rendered cell text at time T (DOM capture),Independent read of the same exchange/engine truth recomputed by a script that does not import HL_Copy_App_SSOT.py,source unavailable shows n/a/Unavailable not 0 | stale source flagged | API error surfaced,,NOT_TESTED,,,,OD-21 decided: re-pointed to the certified 13 May UI.
UI-SSOT-PAGE-02,UI,Other page/endpoint: /wallet-meta/{wallet} editor,Endpoint returns data consistent with the rendered UI; reset/snapshot touch no engine truth (test_g4_ui_controls B_RESET_SAFE / B_SNAPSHOT); contract banner appears on any render-contract error.,"HL_Copy_App_SSOT.py (13 May, sha256 fad19d22) @app routes | ARCH Full scope 2 | ARCH Full scope 6 | FAILURES UI-001..003",APPLIES,,Engine/exchange truth at time T -> API endpoint payload -> rendered cell text at time T (DOM capture),Independent read of the same exchange/engine truth recomputed by a script that does not import HL_Copy_App_SSOT.py,source unavailable shows n/a/Unavailable not 0 | stale source flagged | API error surfaced,,NOT_TESTED,,,,OD-21 decided: re-pointed to the certified 13 May UI.
UI-SSOT-PAGE-03,UI,Other page/endpoint: /api/state,Endpoint returns data consistent with the rendered UI; reset/snapshot touch no engine truth (test_g4_ui_controls B_RESET_SAFE / B_SNAPSHOT); contract banner appears on any render-contract error.,"HL_Copy_App_SSOT.py (13 May, sha256 fad19d22) @app routes | ARCH Full scope 2 | ARCH Full scope 6 | FAILURES UI-001..003",APPLIES,,Engine/exchange truth at time T -> API endpoint payload -> rendered cell text at time T (DOM capture),Independent read of the same exchange/engine truth recomputed by a script that does not import HL_Copy_App_SSOT.py,source unavailable shows n/a/Unavailable not 0 | stale source flagged | API error surfaced,,NOT_TESTED,,,,OD-21 decided: re-pointed to the certified 13 May UI.
UI-SSOT-PAGE-04,UI,Other page/endpoint: /api/metrics,Endpoint returns data consistent with the rendered UI; reset/snapshot touch no engine truth (test_g4_ui_controls B_RESET_SAFE / B_SNAPSHOT); contract banner appears on any render-contract error.,"HL_Copy_App_SSOT.py (13 May, sha256 fad19d22) @app routes | ARCH Full scope 2 | ARCH Full scope 6 | FAILURES UI-001..003",APPLIES,,Engine/exchange truth at time T -> API endpoint payload -> rendered cell text at time T (DOM capture),Independent read of the same exchange/engine truth recomputed by a script that does not import HL_Copy_App_SSOT.py,source unavailable shows n/a/Unavailable not 0 | stale source flagged | API error surfaced,,NOT_TESTED,,,,OD-21 decided: re-pointed to the certified 13 May UI.
UI-SSOT-PAGE-05,UI,Other page/endpoint: /api/trades/{wallet},Endpoint returns data consistent with the rendered UI; reset/snapshot touch no engine truth (test_g4_ui_controls B_RESET_SAFE / B_SNAPSHOT); contract banner appears on any render-contract error.,"HL_Copy_App_SSOT.py (13 May, sha256 fad19d22) @app routes | ARCH Full scope 2 | ARCH Full scope 6 | FAILURES UI-001..003",APPLIES,,Engine/exchange truth at time T -> API endpoint payload -> rendered cell text at time T (DOM capture),Independent read of the same exchange/engine truth recomputed by a script that does not import HL_Copy_App_SSOT.py,source unavailable shows n/a/Unavailable not 0 | stale source flagged | API error surfaced,,NOT_TESTED,,,,OD-21 decided: re-pointed to the certified 13 May UI.
UI-SSOT-PAGE-06,UI,Other page/endpoint: /api/equity/{wallet},Endpoint returns data consistent with the rendered UI; reset/snapshot touch no engine truth (test_g4_ui_controls B_RESET_SAFE / B_SNAPSHOT); contract banner appears on any render-contract error.,"HL_Copy_App_SSOT.py (13 May, sha256 fad19d22) @app routes | ARCH Full scope 2 | ARCH Full scope 6 | FAILURES UI-001..003",APPLIES,,Engine/exchange truth at time T -> API endpoint payload -> rendered cell text at time T (DOM capture),Independent read of the same exchange/engine truth recomputed by a script that does not import HL_Copy_App_SSOT.py,source unavailable shows n/a/Unavailable not 0 | stale source flagged | API error surfaced,,NOT_TESTED,,,,OD-21 decided: re-pointed to the certified 13 May UI.
UI-SSOT-PAGE-07,UI,Other page/endpoint: /api/ui-state GET/POST,Endpoint returns data consistent with the rendered UI; reset/snapshot touch no engine truth (test_g4_ui_controls B_RESET_SAFE / B_SNAPSHOT); contract banner appears on any render-contract error.,"HL_Copy_App_SSOT.py (13 May, sha256 fad19d22) @app routes | ARCH Full scope 2 | ARCH Full scope 6 | FAILURES UI-001..003",APPLIES,,Engine/exchange truth at time T -> API endpoint payload -> rendered cell text at time T (DOM capture),Independent read of the same exchange/engine truth recomputed by a script that does not import HL_Copy_App_SSOT.py,source unavailable shows n/a/Unavailable not 0 | stale source flagged | API error surfaced,,NOT_TESTED,,,,OD-21 decided: re-pointed to the certified 13 May UI.
UI-SSOT-PAGE-08,UI,Other page/endpoint: /api/norm,Endpoint returns data consistent with the rendered UI; reset/snapshot touch no engine truth (test_g4_ui_controls B_RESET_SAFE / B_SNAPSHOT); contract banner appears on any render-contract error.,"HL_Copy_App_SSOT.py (13 May, sha256 fad19d22) @app routes | ARCH Full scope 2 | ARCH Full scope 6 | FAILURES UI-001..003",APPLIES,,Engine/exchange truth at time T -> API endpoint payload -> rendered cell text at time T (DOM capture),Independent read of the same exchange/engine truth recomputed by a script that does not import HL_Copy_App_SSOT.py,source unavailable shows n/a/Unavailable not 0 | stale source flagged | API error surfaced,,NOT_TESTED,,,,OD-21 decided: re-pointed to the certified 13 May UI.
UI-SSOT-PAGE-09,UI,Other page/endpoint: /api/reset-app-history,Endpoint returns data consistent with the rendered UI; reset/snapshot touch no engine truth (test_g4_ui_controls B_RESET_SAFE / B_SNAPSHOT); contract banner appears on any render-contract error.,"HL_Copy_App_SSOT.py (13 May, sha256 fad19d22) @app routes | ARCH Full scope 2 | ARCH Full scope 6 | FAILURES UI-001..003",APPLIES,,Engine/exchange truth at time T -> API endpoint payload -> rendered cell text at time T (DOM capture),Independent read of the same exchange/engine truth recomputed by a script that does not import HL_Copy_App_SSOT.py,source unavailable shows n/a/Unavailable not 0 | stale source flagged | API error surfaced,,NOT_TESTED,,,,OD-21 decided: re-pointed to the certified 13 May UI.
UI-SSOT-PAGE-10,UI,Other page/endpoint: /api/snapshot,Endpoint returns data consistent with the rendered UI; reset/snapshot touch no engine truth (test_g4_ui_controls B_RESET_SAFE / B_SNAPSHOT); contract banner appears on any render-contract error.,"HL_Copy_App_SSOT.py (13 May, sha256 fad19d22) @app routes | ARCH Full scope 2 | ARCH Full scope 6 | FAILURES UI-001..003",APPLIES,,Engine/exchange truth at time T -> API endpoint payload -> rendered cell text at time T (DOM capture),Independent read of the same exchange/engine truth recomputed by a script that does not import HL_Copy_App_SSOT.py,source unavailable shows n/a/Unavailable not 0 | stale source flagged | API error surfaced,,NOT_TESTED,,,,OD-21 decided: re-pointed to the certified 13 May UI.
UI-SSOT-PAGE-11,UI,Other page/endpoint: /api/live-config,Endpoint returns data consistent with the rendered UI; reset/snapshot touch no engine truth (test_g4_ui_controls B_RESET_SAFE / B_SNAPSHOT); contract banner appears on any render-contract error.,"HL_Copy_App_SSOT.py (13 May, sha256 fad19d22) @app routes | ARCH Full scope 2 | ARCH Full scope 6 | FAILURES UI-001..003",APPLIES,,Engine/exchange truth at time T -> API endpoint payload -> rendered cell text at time T (DOM capture),Independent read of the same exchange/engine truth recomputed by a script that does not import HL_Copy_App_SSOT.py,source unavailable shows n/a/Unavailable not 0 | stale source flagged | API error surfaced,,NOT_TESTED,,,,OD-21 decided: re-pointed to the certified 13 May UI.
UI-SSOT-PAGE-12,UI,Other page/endpoint: /api/global-controls GET,Endpoint returns data consistent with the rendered UI; reset/snapshot touch no engine truth (test_g4_ui_controls B_RESET_SAFE / B_SNAPSHOT); contract banner appears on any render-contract error.,"HL_Copy_App_SSOT.py (13 May, sha256 fad19d22) @app routes | ARCH Full scope 2 | ARCH Full scope 6 | FAILURES UI-001..003",APPLIES,,Engine/exchange truth at time T -> API endpoint payload -> rendered cell text at time T (DOM capture),Independent read of the same exchange/engine truth recomputed by a script that does not import HL_Copy_App_SSOT.py,source unavailable shows n/a/Unavailable not 0 | stale source flagged | API error surfaced,,NOT_TESTED,,,,OD-21 decided: re-pointed to the certified 13 May UI.
UI-SSOT-PAGE-13,UI,Other page/endpoint: /api/live-ws-health,Endpoint returns data consistent with the rendered UI; reset/snapshot touch no engine truth (test_g4_ui_controls B_RESET_SAFE / B_SNAPSHOT); contract banner appears on any render-contract error.,"HL_Copy_App_SSOT.py (13 May, sha256 fad19d22) @app routes | ARCH Full scope 2 | ARCH Full scope 6 | FAILURES UI-001..003",APPLIES,,Engine/exchange truth at time T -> API endpoint payload -> rendered cell text at time T (DOM capture),Independent read of the same exchange/engine truth recomputed by a script that does not import HL_Copy_App_SSOT.py,source unavailable shows n/a/Unavailable not 0 | stale source flagged | API error surfaced,,NOT_TESTED,,,,OD-21 decided: re-pointed to the certified 13 May UI.
UI-SSOT-PAGE-14,UI,Other page/endpoint: /api/live-audit-summary,Endpoint returns data consistent with the rendered UI; reset/snapshot touch no engine truth (test_g4_ui_controls B_RESET_SAFE / B_SNAPSHOT); contract banner appears on any render-contract error.,"HL_Copy_App_SSOT.py (13 May, sha256 fad19d22) @app routes | ARCH Full scope 2 | ARCH Full scope 6 | FAILURES UI-001..003",APPLIES,,Engine/exchange truth at time T -> API endpoint payload -> rendered cell text at time T (DOM capture),Independent read of the same exchange/engine truth recomputed by a script that does not import HL_Copy_App_SSOT.py,source unavailable shows n/a/Unavailable not 0 | stale source flagged | API error surfaced,,NOT_TESTED,,,,OD-21 decided: re-pointed to the certified 13 May UI.
UI-SSOT-PAGE-15,UI,Other page/endpoint: Contract warning banner (validate_render_contract),Endpoint returns data consistent with the rendered UI; reset/snapshot touch no engine truth (test_g4_ui_controls B_RESET_SAFE / B_SNAPSHOT); contract banner appears on any render-contract error.,"HL_Copy_App_SSOT.py (13 May, sha256 fad19d22) @app routes | ARCH Full scope 2 | ARCH Full scope 6 | FAILURES UI-001..003",APPLIES,,Engine/exchange truth at time T -> API endpoint payload -> rendered cell text at time T (DOM capture),Independent read of the same exchange/engine truth recomputed by a script that does not import HL_Copy_App_SSOT.py,source unavailable shows n/a/Unavailable not 0 | stale source flagged | API error surfaced,,NOT_TESTED,,,,OD-21 decided: re-pointed to the certified 13 May UI.
UI-TRUTH-001,UI,Truth tier and freshness on every value,Every cell carries truth tier (AUTHORITATIVE_EXCHANGE / LOCAL_LEDGER / LEADER_SIGNAL / DISPLAY_ONLY / STALE / BLOCKED / SKIPPED) and age; stale/unavailable affects status.,FAILURES UI-001 | FAILURES UI-002 | FAILURES LOGIC-012,APPLIES,,Engine/exchange truth at time T -> API endpoint payload -> rendered cell text at time T (DOM capture),Independent read of the same exchange/engine truth recomputed by a script that does not import HL_Copy_App_SSOT.py,source unavailable shows n/a/Unavailable not 0 | stale source flagged | API error surfaced,,NOT_TESTED,,,,
UI-TRUTH-002,UI,No cosmetic green,"Green derives only from GREEN-ONLY-001 (fresh exchange actual == independently computed desired within tolerance, open orders accounted, one master gate).",FAILURES GREEN-ONLY-001 | FAILURES UI-003 | ARCH Full scope 2,APPLIES,,Engine/exchange truth at time T -> API endpoint payload -> rendered cell text at time T (DOM capture),Independent read of the same exchange/engine truth recomputed by a script that does not import HL_Copy_App_SSOT.py,source unavailable shows n/a/Unavailable not 0 | stale source flagged | API error surfaced,,NOT_TESTED,,,,
UI-TRUTH-003,UI,UI is read-only observer,UI never becomes position or target authority; UI outage is not a trading fault; diagnostics never block execution.,FAILURES ARCH-006 | GUT I16 | hyperliquid-build4/BUILD4_FINAL_AUTHORITY_MAP.md Failure scope,APPLIES,,Engine/exchange truth at time T -> API endpoint payload -> rendered cell text at time T (DOM capture),Independent read of the same exchange/engine truth recomputed by a script that does not import HL_Copy_App_SSOT.py,source unavailable shows n/a/Unavailable not 0 | stale source flagged | API error surfaced,,NOT_TESTED,,,,
UI-TRUTH-004,UI,"At-a-glance wallet, portfolio and system health","One screen shows key wallet metrics, overall portfolio performance and system health (engine alive, sending state, truth freshness, WS health, current blocker).",Project topic | ARCH Full scope 2,OPEN_DECISION,OD-20,Engine/exchange truth at time T -> API endpoint payload -> rendered cell text at time T (DOM capture),Independent read of the same exchange/engine truth recomputed by a script that does not import HL_Copy_App_SSOT.py,source unavailable shows n/a/Unavailable not 0 | stale source flagged | API error surfaced,,NOT_TESTED,,,,
UI-TRUTH-005,UI,"Historical Build 3 UI restored, not rebuilt",The certified UI is the located historical Build 3 UI (HL_Copy_App_SSOT.py) reused with the repaired engine.,ARCH Full scope 2,APPLIES,,Engine/exchange truth at time T -> API endpoint payload -> rendered cell text at time T (DOM capture),Independent read of the same exchange/engine truth recomputed by a script that does not import HL_Copy_App_SSOT.py,source unavailable shows n/a/Unavailable not 0 | stale source flagged | API error surfaced,,NOT_TESTED,,,,
LIFE-001,LIFECYCLE,Simple launch/start,One documented start command brings up exactly one engine process and the UI; second start does not create a duplicate sender.,ARCH Full scope 5 | hyperliquid-build4/OPERATIONS.md | hyperliquid-build4/FAILURES.md F25,APPLIES,OD-12,Operator command -> process table / PID / lock -> engine status endpoint -> exchange shows zero unintended orders,"OS process list, port bindings, exchange open orders/fills during the transition window",second start attempt | crash mid-transition | stale lock/PID | config from previous version,,NOT_TESTED,,,,"Requirement is binding (ARCHITECTURE Full scope 5); the Build 3 mechanism (command, lock, version source) is not documented in the source set: OD-12."
LIFE-002,LIFECYCLE,Stop,Stop leaves zero unresolved submissions or reports them; no orders sent during stop.,ARCH Full scope 5 | hyperliquid-build4/OPERATIONS.md | hyperliquid-build4/FAILURES.md F25,APPLIES,OD-12,Operator command -> process table / PID / lock -> engine status endpoint -> exchange shows zero unintended orders,"OS process list, port bindings, exchange open orders/fills during the transition window",second start attempt | crash mid-transition | stale lock/PID | config from previous version,,NOT_TESTED,,,,"Requirement is binding (ARCHITECTURE Full scope 5); the Build 3 mechanism (command, lock, version source) is not documented in the source set: OD-12."
LIFE-003,LIFECYCLE,Clean restart,Restart recovers from external truth with zero new authority (see ENG-007).,ARCH Full scope 5 | hyperliquid-build4/OPERATIONS.md | hyperliquid-build4/FAILURES.md F25,APPLIES,OD-12,Operator command -> process table / PID / lock -> engine status endpoint -> exchange shows zero unintended orders,"OS process list, port bindings, exchange open orders/fills during the transition window",second start attempt | crash mid-transition | stale lock/PID | config from previous version,,NOT_TESTED,,,,"Requirement is binding (ARCHITECTURE Full scope 5); the Build 3 mechanism (command, lock, version source) is not documented in the source set: OD-12."
LIFE-004,LIFECYCLE,Status,"A compact status reports process, mode, sending state, truth freshness and single current blocker.",ARCH Full scope 5 | hyperliquid-build4/OPERATIONS.md | hyperliquid-build4/FAILURES.md F25,APPLIES,OD-12,Operator command -> process table / PID / lock -> engine status endpoint -> exchange shows zero unintended orders,"OS process list, port bindings, exchange open orders/fills during the transition window",second start attempt | crash mid-transition | stale lock/PID | config from previous version,,NOT_TESTED,,,,"Requirement is binding (ARCHITECTURE Full scope 5); the Build 3 mechanism (command, lock, version source) is not documented in the source set: OD-12."
LIFE-005,LIFECYCLE,Version identification,"Running engine and UI report the exact source commit; unproven identity is reported UNPROVEN, never inferred.",ARCH Full scope 5 | hyperliquid-build4/OPERATIONS.md | hyperliquid-build4/FAILURES.md F25,APPLIES,OD-12,Operator command -> process table / PID / lock -> engine status endpoint -> exchange shows zero unintended orders,"OS process list, port bindings, exchange open orders/fills during the transition window",second start attempt | crash mid-transition | stale lock/PID | config from previous version,,NOT_TESTED,,,,"Requirement is binding (ARCHITECTURE Full scope 5); the Build 3 mechanism (command, lock, version source) is not documented in the source set: OD-12."
LIFE-006,LIFECYCLE,New-version cutover,Cutover cannot create duplicate send authority or stale replay; old process stopped and proven gone before new sends.,ARCH Full scope 5 | hyperliquid-build4/OPERATIONS.md | hyperliquid-build4/FAILURES.md F25,APPLIES,OD-12,Operator command -> process table / PID / lock -> engine status endpoint -> exchange shows zero unintended orders,"OS process list, port bindings, exchange open orders/fills during the transition window",second start attempt | crash mid-transition | stale lock/PID | config from previous version,,NOT_TESTED,,,,"Requirement is binding (ARCHITECTURE Full scope 5); the Build 3 mechanism (command, lock, version source) is not documented in the source set: OD-12."
LIFE-007,LIFECYCLE,Rollback / recovery,Previous version can be restored with state compatibility proven.,ARCH Full scope 5 | hyperliquid-build4/OPERATIONS.md | hyperliquid-build4/FAILURES.md F25,APPLIES,OD-12,Operator command -> process table / PID / lock -> engine status endpoint -> exchange shows zero unintended orders,"OS process list, port bindings, exchange open orders/fills during the transition window",second start attempt | crash mid-transition | stale lock/PID | config from previous version,,NOT_TESTED,,,,"Requirement is binding (ARCHITECTURE Full scope 5); the Build 3 mechanism (command, lock, version source) is not documented in the source set: OD-12."
LIFE-008,LIFECYCLE,Configuration migration/compatibility,live_config.json / wallet_gate.json / SERVICE_STATE_FILE from the prior version load correctly or fail closed.,ARCH Full scope 5 | hyperliquid-build4/OPERATIONS.md | hyperliquid-build4/FAILURES.md F25,APPLIES,OD-12,Operator command -> process table / PID / lock -> engine status endpoint -> exchange shows zero unintended orders,"OS process list, port bindings, exchange open orders/fills during the transition window",second start attempt | crash mid-transition | stale lock/PID | config from previous version,,NOT_TESTED,,,,"Requirement is binding (ARCHITECTURE Full scope 5); the Build 3 mechanism (command, lock, version source) is not documented in the source set: OD-12."
LIFE-009,LIFECYCLE,Crash / watchdog,After a crash the engine recovers only into a non-sending or explicitly safe state; operator action needed to resume sending.,ARCH Full scope 5 | hyperliquid-build4/OPERATIONS.md | hyperliquid-build4/FAILURES.md F25,APPLIES,OD-12,Operator command -> process table / PID / lock -> engine status endpoint -> exchange shows zero unintended orders,"OS process list, port bindings, exchange open orders/fills during the transition window",second start attempt | crash mid-transition | stale lock/PID | config from previous version,,NOT_TESTED,,,,"Requirement is binding (ARCHITECTURE Full scope 5); the Build 3 mechanism (command, lock, version source) is not documented in the source set: OD-12."
NET-001,NETWORK,Credential-only mainnet switch,"Moving testnet -> mainnet requires only credential/endpoint configuration change; every follower-side endpoint (exchange, info, WS, meta, l2Book, MASTER truth) follows the follower network setting; nothing is hard-coded to one network.","Project topic | legacy HL_Live_Copy_Service.py LIVE_ORDER_ENDPOINT vs hardcoded info URLs | exchange_truth.py HL_INFO_URL | Boss decision, project chat 2026-10-09T12:21Z | HL_Live_Copy_Service_Core.py (7,705-line, sha256 5bda57be)",APPLIES,OD-08,Configuration (env/credentials) -> endpoints actually contacted (captured) -> identities used for signing and for truth reads,Packet/HTTP capture or request log of hostnames; exchange-side account address of resulting fills,mixed testnet/mainnet endpoints | signer == master | missing credential,,NOT_TESTED,,,,"Core: info, WS and exchange URLs come from env HL_INFO_URL, HL_LIVE_WS_URL and HL_LIVE_ORDER_ENDPOINT (L132-134), defaulting to mainnet. One HL_INFO_URL serves both leader and follower reads, so there is no per-side split. Code-read of the 2 Jun backup, unconfirmed by run; PRs #4/#6/#7 (merged at main 114e8b4) changed this code, so re-check there."
NET-002,NETWORK,Signer vs MASTER separation,API signer derived from configured key and MASTER from HL_LIVE_HL_ACCOUNT_ADDRESS are valid and distinct; no arbitrary provider fallback.,ARCH inv11 | CONTROL_STATE required_corrections[0],APPLIES,,Configuration (env/credentials) -> endpoints actually contacted (captured) -> identities used for signing and for truth reads,Packet/HTTP capture or request log of hostnames; exchange-side account address of resulting fills,mixed testnet/mainnet endpoints | signer == master | missing credential,,NOT_TESTED,,,,
NET-003,NETWORK,Leader and follower networks set independently,"The leader-data network and the follower network (orders, MASTER truth, settlement, asset meta) are each selected by configuration and can be substituted at will; the certification configuration is leader = MAINNET, follower = TESTNET; the split is explicit and tested.","PRODUCT_SEMANTICS §1 'Low-latency copy of MAINNET leader activity' | Boss decision, project chat 2026-10-09T12:21Z | HL_Live_Copy_Service_Core.py (7,705-line, sha256 5bda57be)",APPLIES,OD-08,Configuration (env/credentials) -> endpoints actually contacted (captured) -> identities used for signing and for truth reads,Packet/HTTP capture or request log of hostnames; exchange-side account address of resulting fills,mixed testnet/mainnet endpoints | signer == master | missing credential,,NOT_TESTED,,,,"Core: one HL_INFO_URL (L132) is used for leader and follower reads; pointing it at testnet would also move leader reads off mainnet. Code-read of the 2 Jun backup, unconfirmed by run; PRs #4/#6/#7 (merged at main 114e8b4) changed this code, so re-check there."
NET-006,NETWORK,Mainnet and testnet instances run in parallel,"A mainnet-follower instance and a testnet-follower instance can run at the same time without sharing state files, locks, ports, logs, credentials or order identity; neither can read or write the other's follower.","Boss decision, project chat 2026-10-09T12:21Z",APPLIES,OD-08 | OD-12,Configuration (env/credentials) -> endpoints actually contacted (captured) -> identities used for signing and for truth reads,Packet/HTTP capture or request log of hostnames; exchange-side account address of resulting fills,mixed testnet/mainnet endpoints | signer == master | missing credential,,NOT_TESTED,,,,
NET-007,NETWORK,Certification copies real active mainnet leaders,"Certification follows real, ideally active, mainnet leader wallets and sends only to our testnet follower account; no synthetic or self-controlled leader is used for certification evidence.","Boss decision, project chat 2026-10-09T12:21Z | TESTNET_MAINNET_ENGINE_PARITY.md (leaders stay on mainnet)",APPLIES,,Configuration (env/credentials) -> endpoints actually contacted (captured) -> identities used for signing and for truth reads,Packet/HTTP capture or request log of hostnames; exchange-side account address of resulting fills,mixed testnet/mainnet endpoints | signer == master | missing credential,,NOT_TESTED,,,,
NET-004,NETWORK,LIVE/mainnet activation gate,No mainnet send is possible without explicit Richard authorisation recorded; MAINNET_WRITE_ACTIONS=0 during certification.,ARCH inv14 | hyperliquid-build4/ACCEPTANCE.md Production Promotion Gates,APPLIES,,Configuration (env/credentials) -> endpoints actually contacted (captured) -> identities used for signing and for truth reads,Packet/HTTP capture or request log of hostnames; exchange-side account address of resulting fills,mixed testnet/mainnet endpoints | signer == master | missing credential,,NOT_TESTED,,,,
NET-005,NETWORK,Same SHA promotion,The exact certified SHA is what runs on mainnet; identity traceable to the reviewed commit.,hyperliquid-build4/ACCEPTANCE.md PRODUCTION_SAME_SHA | hyperliquid-build4/FAILURES.md F25,APPLIES,,Configuration (env/credentials) -> endpoints actually contacted (captured) -> identities used for signing and for truth reads,Packet/HTTP capture or request log of hostnames; exchange-side account address of resulting fills,mixed testnet/mainnet endpoints | signer == master | missing credential,,NOT_TESTED,,,,
HEALTH-001,HEALTH,WS health visible,"WS per-wallet state, staleness and reconnects visible; stale > HL_LIVE_WS_STALE_MS (30000) flagged.",legacy HL_Live_Copy_Service.py LIVE_WS_STALE_MS | FAILURES EXC-009,APPLIES,,"Induced condition (WS drop, stale truth, API error) -> engine state -> UI indicator within stated latency",Wall-clock timestamps of the induced fault versus the UI/status change,fault clears and indicator recovers | flapping,,NOT_TESTED,,,,"Source refs are to the legacy file; re-derive against HL_Live_Copy_Service_Core.py (7,705-line, sha256 5bda57be)."
HEALTH-002,HEALTH,Follower truth freshness visible,Age of last MASTER truth read visible; stale blocks sizing.,FAILURES EXC-001 | FAILURES EXC-019,APPLIES,,"Induced condition (WS drop, stale truth, API error) -> engine state -> UI indicator within stated latency",Wall-clock timestamps of the induced fault versus the UI/status change,fault clears and indicator recovers | flapping,,NOT_TESTED,,,,
HEALTH-003,HEALTH,Current blocker visible,"The current blocking reason (e.g. FIXED_MODE_AUTHORITY_HOLD, ACCOUNT_NET_TRUTH_UNAVAILABLE) is visible to the operator.",PRODUCT_SEMANTICS §5 | hyperliquid-build4/OPERATIONS.md SINGLE_BLOCKER,APPLIES,,"Induced condition (WS drop, stale truth, API error) -> engine state -> UI indicator within stated latency",Wall-clock timestamps of the induced fault versus the UI/status change,fault clears and indicator recovers | flapping,,NOT_TESTED,,,,
HEALTH-004,HEALTH,Local failure isolation,One bad wallet/symbol/API response blocks only that key; the five account-wide hazards are the only global stops.,GUT I10 | hyperliquid-build4/BUILD4_FINAL_AUTHORITY_MAP.md Failure scope,APPLIES,,"Induced condition (WS drop, stale truth, API error) -> engine state -> UI indicator within stated latency",Wall-clock timestamps of the induced fault versus the UI/status change,fault clears and indicator recovers | flapping,,NOT_TESTED,,,,
HEALTH-005,HEALTH,Diagnostics never block,"Certification, UI, Graphify, watchdog and repo diagnostics never block a legitimate execution delta.",GUT I16,APPLIES,,"Induced condition (WS drop, stale truth, API error) -> engine state -> UI indicator within stated latency",Wall-clock timestamps of the induced fault versus the UI/status change,fault clears and indicator recovers | flapping,,NOT_TESTED,,,,
CTRL-I1,CONTROL,Mission Control I1: Authority is logical-role provenance,Authority is logical-role provenance (see source for full rule).,"richard-mission-control-template/INVARIANTS.md I1 (local working tree, feature/generic-wake-controller 5de53fa)",APPLIES,OD-15,Envelope on origin/control-mailbox -> wake -> correlated consumption record -> durable state transition,git log of origin/control-mailbox (exact SHAs) and the consumer's durable receipt,duplicate delivery | restart while awaiting ruling | wrong binding | stale remote ref,,NOT_TESTED,,,,origin/control-mailbox carries a different INVARIANTS.md (A1-A17); see OD-15.
CTRL-I2,CONTROL,Mission Control I2: One canonical project role channel each,One canonical project role channel each (see source for full rule).,"richard-mission-control-template/INVARIANTS.md I2 (local working tree, feature/generic-wake-controller 5de53fa)",APPLIES,OD-15,Envelope on origin/control-mailbox -> wake -> correlated consumption record -> durable state transition,git log of origin/control-mailbox (exact SHAs) and the consumer's durable receipt,duplicate delivery | restart while awaiting ruling | wrong binding | stale remote ref,,NOT_TESTED,,,,origin/control-mailbox carries a different INVARIANTS.md (A1-A17); see OD-15.
CTRL-I3,CONTROL,Mission Control I3: Git is durable truth; chat is an interface,Git is durable truth; chat is an interface (see source for full rule).,"richard-mission-control-template/INVARIANTS.md I3 (local working tree, feature/generic-wake-controller 5de53fa)",APPLIES,OD-15,Envelope on origin/control-mailbox -> wake -> correlated consumption record -> durable state transition,git log of origin/control-mailbox (exact SHAs) and the consumer's durable receipt,duplicate delivery | restart while awaiting ruling | wrong binding | stale remote ref,,NOT_TESTED,,,,origin/control-mailbox carries a different INVARIANTS.md (A1-A17); see OD-15.
CTRL-I4,CONTROL,Mission Control I4: Event push is the normal delivery trigger,Event push is the normal delivery trigger (see source for full rule).,"richard-mission-control-template/INVARIANTS.md I4 (local working tree, feature/generic-wake-controller 5de53fa)",APPLIES,OD-15,Envelope on origin/control-mailbox -> wake -> correlated consumption record -> durable state transition,git log of origin/control-mailbox (exact SHAs) and the consumer's durable receipt,duplicate delivery | restart while awaiting ruling | wrong binding | stale remote ref,,NOT_TESTED,,,,origin/control-mailbox carries a different INVARIANTS.md (A1-A17); see OD-15.
CTRL-I5,CONTROL,Mission Control I5: Remote-ref absence must be proven,Remote-ref absence must be proven (see source for full rule).,"richard-mission-control-template/INVARIANTS.md I5 (local working tree, feature/generic-wake-controller 5de53fa)",APPLIES,OD-15,Envelope on origin/control-mailbox -> wake -> correlated consumption record -> durable state transition,git log of origin/control-mailbox (exact SHAs) and the consumer's durable receipt,duplicate delivery | restart while awaiting ruling | wrong binding | stale remote ref,,NOT_TESTED,,,,origin/control-mailbox carries a different INVARIANTS.md (A1-A17); see OD-15.
CTRL-I6,CONTROL,Mission Control I6: Deposit is not send; delivery is not consumption,Deposit is not send; delivery is not consumption (see source for full rule).,"richard-mission-control-template/INVARIANTS.md I6 (local working tree, feature/generic-wake-controller 5de53fa)",APPLIES,OD-15,Envelope on origin/control-mailbox -> wake -> correlated consumption record -> durable state transition,git log of origin/control-mailbox (exact SHAs) and the consumer's durable receipt,duplicate delivery | restart while awaiting ruling | wrong binding | stale remote ref,,NOT_TESTED,,,,origin/control-mailbox carries a different INVARIANTS.md (A1-A17); see OD-15.
CTRL-I7,CONTROL,"Mission Control I7: One logical message, one semantic execution","One logical message, one semantic execution (see source for full rule).","richard-mission-control-template/INVARIANTS.md I7 (local working tree, feature/generic-wake-controller 5de53fa)",APPLIES,OD-15,Envelope on origin/control-mailbox -> wake -> correlated consumption record -> durable state transition,git log of origin/control-mailbox (exact SHAs) and the consumer's durable receipt,duplicate delivery | restart while awaiting ruling | wrong binding | stale remote ref,,NOT_TESTED,,,,origin/control-mailbox carries a different INVARIANTS.md (A1-A17); see OD-15.
CTRL-I8,CONTROL,Mission Control I8: Explicit route/type contract,Explicit route/type contract (see source for full rule).,"richard-mission-control-template/INVARIANTS.md I8 (local working tree, feature/generic-wake-controller 5de53fa)",APPLIES,OD-15,Envelope on origin/control-mailbox -> wake -> correlated consumption record -> durable state transition,git log of origin/control-mailbox (exact SHAs) and the consumer's durable receipt,duplicate delivery | restart while awaiting ruling | wrong binding | stale remote ref,,NOT_TESTED,,,,origin/control-mailbox carries a different INVARIANTS.md (A1-A17); see OD-15.
CTRL-I9,CONTROL,Mission Control I9: One-shot consumer and singleton ownership,One-shot consumer and singleton ownership (see source for full rule).,"richard-mission-control-template/INVARIANTS.md I9 (local working tree, feature/generic-wake-controller 5de53fa)",APPLIES,OD-15,Envelope on origin/control-mailbox -> wake -> correlated consumption record -> durable state transition,git log of origin/control-mailbox (exact SHAs) and the consumer's durable receipt,duplicate delivery | restart while awaiting ruling | wrong binding | stale remote ref,,NOT_TESTED,,,,origin/control-mailbox carries a different INVARIANTS.md (A1-A17); see OD-15.
CTRL-I10,CONTROL,Mission Control I10: BUSY requires observable progress,BUSY requires observable progress (see source for full rule).,"richard-mission-control-template/INVARIANTS.md I10 (local working tree, feature/generic-wake-controller 5de53fa)",APPLIES,OD-15,Envelope on origin/control-mailbox -> wake -> correlated consumption record -> durable state transition,git log of origin/control-mailbox (exact SHAs) and the consumer's durable receipt,duplicate delivery | restart while awaiting ruling | wrong binding | stale remote ref,,NOT_TESTED,,,,origin/control-mailbox carries a different INVARIANTS.md (A1-A17); see OD-15.
CTRL-I11,CONTROL,Mission Control I11: Stand-down request is never permission,Stand-down request is never permission (see source for full rule).,"richard-mission-control-template/INVARIANTS.md I11 (local working tree, feature/generic-wake-controller 5de53fa)",APPLIES,OD-15,Envelope on origin/control-mailbox -> wake -> correlated consumption record -> durable state transition,git log of origin/control-mailbox (exact SHAs) and the consumer's durable receipt,duplicate delivery | restart while awaiting ruling | wrong binding | stale remote ref,,NOT_TESTED,,,,origin/control-mailbox carries a different INVARIANTS.md (A1-A17); see OD-15.
CTRL-I12,CONTROL,Mission Control I12: Awaiting ruling survives restart,Awaiting ruling survives restart (see source for full rule).,"richard-mission-control-template/INVARIANTS.md I12 (local working tree, feature/generic-wake-controller 5de53fa)",APPLIES,OD-15,Envelope on origin/control-mailbox -> wake -> correlated consumption record -> durable state transition,git log of origin/control-mailbox (exact SHAs) and the consumer's durable receipt,duplicate delivery | restart while awaiting ruling | wrong binding | stale remote ref,,NOT_TESTED,,,,origin/control-mailbox carries a different INVARIANTS.md (A1-A17); see OD-15.
CTRL-I13,CONTROL,Mission Control I13: Gate PASS wakes Architect,Gate PASS wakes Architect (see source for full rule).,"richard-mission-control-template/INVARIANTS.md I13 (local working tree, feature/generic-wake-controller 5de53fa)",APPLIES,OD-15,Envelope on origin/control-mailbox -> wake -> correlated consumption record -> durable state transition,git log of origin/control-mailbox (exact SHAs) and the consumer's durable receipt,duplicate delivery | restart while awaiting ruling | wrong binding | stale remote ref,,NOT_TESTED,,,,origin/control-mailbox carries a different INVARIANTS.md (A1-A17); see OD-15.
CTRL-I14,CONTROL,Mission Control I14: Controller closes tasks; Architect closes phases/projects,Controller closes tasks; Architect closes phases/projects (see source for full rule).,"richard-mission-control-template/INVARIANTS.md I14 (local working tree, feature/generic-wake-controller 5de53fa)",APPLIES,OD-15,Envelope on origin/control-mailbox -> wake -> correlated consumption record -> durable state transition,git log of origin/control-mailbox (exact SHAs) and the consumer's durable receipt,duplicate delivery | restart while awaiting ruling | wrong binding | stale remote ref,,NOT_TESTED,,,,origin/control-mailbox carries a different INVARIANTS.md (A1-A17); see OD-15.
CTRL-I15,CONTROL,Mission Control I15: Commit before review,Commit before review (see source for full rule).,"richard-mission-control-template/INVARIANTS.md I15 (local working tree, feature/generic-wake-controller 5de53fa)",APPLIES,OD-15,Envelope on origin/control-mailbox -> wake -> correlated consumption record -> durable state transition,git log of origin/control-mailbox (exact SHAs) and the consumer's durable receipt,duplicate delivery | restart while awaiting ruling | wrong binding | stale remote ref,,NOT_TESTED,,,,origin/control-mailbox carries a different INVARIANTS.md (A1-A17); see OD-15.
CTRL-I16,CONTROL,Mission Control I16: Graphify is mandatory where contracted,Graphify is mandatory where contracted (see source for full rule).,"richard-mission-control-template/INVARIANTS.md I16 (local working tree, feature/generic-wake-controller 5de53fa)",APPLIES,OD-15,Envelope on origin/control-mailbox -> wake -> correlated consumption record -> durable state transition,git log of origin/control-mailbox (exact SHAs) and the consumer's durable receipt,duplicate delivery | restart while awaiting ruling | wrong binding | stale remote ref,,NOT_TESTED,,,,origin/control-mailbox carries a different INVARIANTS.md (A1-A17); see OD-15.
CTRL-I17,CONTROL,Mission Control I17: One writer,One writer (see source for full rule).,"richard-mission-control-template/INVARIANTS.md I17 (local working tree, feature/generic-wake-controller 5de53fa)",APPLIES,OD-15,Envelope on origin/control-mailbox -> wake -> correlated consumption record -> durable state transition,git log of origin/control-mailbox (exact SHAs) and the consumer's durable receipt,duplicate delivery | restart while awaiting ruling | wrong binding | stale remote ref,,NOT_TESTED,,,,origin/control-mailbox carries a different INVARIANTS.md (A1-A17); see OD-15.
CTRL-I18,CONTROL,Mission Control I18: Fail closed,Fail closed (see source for full rule).,"richard-mission-control-template/INVARIANTS.md I18 (local working tree, feature/generic-wake-controller 5de53fa)",APPLIES,OD-15,Envelope on origin/control-mailbox -> wake -> correlated consumption record -> durable state transition,git log of origin/control-mailbox (exact SHAs) and the consumer's durable receipt,duplicate delivery | restart while awaiting ruling | wrong binding | stale remote ref,,NOT_TESTED,,,,origin/control-mailbox carries a different INVARIANTS.md (A1-A17); see OD-15.
CTRL-I19,CONTROL,Mission Control I19: Event health is explicit,Event health is explicit (see source for full rule).,"richard-mission-control-template/INVARIANTS.md I19 (local working tree, feature/generic-wake-controller 5de53fa)",APPLIES,OD-15,Envelope on origin/control-mailbox -> wake -> correlated consumption record -> durable state transition,git log of origin/control-mailbox (exact SHAs) and the consumer's durable receipt,duplicate delivery | restart while awaiting ruling | wrong binding | stale remote ref,,NOT_TESTED,,,,origin/control-mailbox carries a different INVARIANTS.md (A1-A17); see OD-15.
CTRL-I20,CONTROL,Mission Control I20: Live provider push proof is required,Live provider push proof is required (see source for full rule).,"richard-mission-control-template/INVARIANTS.md I20 (local working tree, feature/generic-wake-controller 5de53fa)",APPLIES,OD-15,Envelope on origin/control-mailbox -> wake -> correlated consumption record -> durable state transition,git log of origin/control-mailbox (exact SHAs) and the consumer's durable receipt,duplicate delivery | restart while awaiting ruling | wrong binding | stale remote ref,,NOT_TESTED,,,,origin/control-mailbox carries a different INVARIANTS.md (A1-A17); see OD-15.
CTRL-I21,CONTROL,Mission Control I21: New blocker admission is bounded,New blocker admission is bounded (see source for full rule).,"richard-mission-control-template/INVARIANTS.md I21 (local working tree, feature/generic-wake-controller 5de53fa)",APPLIES,OD-15,Envelope on origin/control-mailbox -> wake -> correlated consumption record -> durable state transition,git log of origin/control-mailbox (exact SHAs) and the consumer's durable receipt,duplicate delivery | restart while awaiting ruling | wrong binding | stale remote ref,,NOT_TESTED,,,,origin/control-mailbox carries a different INVARIANTS.md (A1-A17); see OD-15.
CTRL-I22,CONTROL,Mission Control I22: Notifications are not authority,Notifications are not authority (see source for full rule).,"richard-mission-control-template/INVARIANTS.md I22 (local working tree, feature/generic-wake-controller 5de53fa)",APPLIES,OD-15,Envelope on origin/control-mailbox -> wake -> correlated consumption record -> durable state transition,git log of origin/control-mailbox (exact SHAs) and the consumer's durable receipt,duplicate delivery | restart while awaiting ruling | wrong binding | stale remote ref,,NOT_TESTED,,,,origin/control-mailbox carries a different INVARIANTS.md (A1-A17); see OD-15.
CTRL-I23,CONTROL,"Mission Control I23: Model/provider choice is compute routing, not authority","Model/provider choice is compute routing, not authority (see source for full rule).","richard-mission-control-template/INVARIANTS.md I23 (local working tree, feature/generic-wake-controller 5de53fa)",APPLIES,OD-15,Envelope on origin/control-mailbox -> wake -> correlated consumption record -> durable state transition,git log of origin/control-mailbox (exact SHAs) and the consumer's durable receipt,duplicate delivery | restart while awaiting ruling | wrong binding | stale remote ref,,NOT_TESTED,,,,origin/control-mailbox carries a different INVARIANTS.md (A1-A17); see OD-15.
CTRL-GATE0,CONTROL,Gate 0 CONTROL_EVENT_INGRESS,Live event-push control proven per PROJECT_GATES Gate 0 acceptance list before product implementation.,richard-mission-control-template/PROJECT_GATES.md Gate 0 | CONTROL_STATE transport_certification,APPLIES,,Envelope on origin/control-mailbox -> wake -> correlated consumption record -> durable state transition,git log of origin/control-mailbox (exact SHAs) and the consumer's durable receipt,duplicate delivery | restart while awaiting ruling | wrong binding | stale remote ref,CONTROL_STATE transport_certification.current_status=PASS,NOT_TESTED,,,,
CTRL-BIND,CONTROL,Controller binding identity,Exactly one canonical Controller binding; CONTROL_STATE.json and CONTROL_CONTRACT.json agree.,CONTROL_STATE bindings.controller_uuid_dispute,OPEN_DECISION,OD-03,Envelope on origin/control-mailbox -> wake -> correlated consumption record -> durable state transition,git log of origin/control-mailbox (exact SHAs) and the consumer's durable receipt,duplicate delivery | restart while awaiting ruling | wrong binding | stale remote ref,,NOT_TESTED,,,,
CTRL-HWM,CONTROL,"Gate truth from mailbox, not stale local state",No component derives gate truth from a stale local CONTROL_STATE.json; 5 invalidated adjudication_log false negatives cannot recur.,CONTROL_STATE adjudication_log_disposition,APPLIES,,Envelope on origin/control-mailbox -> wake -> correlated consumption record -> durable state transition,git log of origin/control-mailbox (exact SHAs) and the consumer's durable receipt,duplicate delivery | restart while awaiting ruling | wrong binding | stale remote ref,,NOT_TESTED,,,,
CTRL-EVID,CONTROL,Evidence discipline,"Every handoff carries TASK_ID, COMMIT_SHA, files changed, LOC, tests executed, outputs, uncertainty, STAND_DOWN_REQUEST.",hyperliquid-build3-repair/OPERATING_PROTOCOL.md Evidence discipline,APPLIES,,Envelope on origin/control-mailbox -> wake -> correlated consumption record -> durable state transition,git log of origin/control-mailbox (exact SHAs) and the consumer's durable receipt,duplicate delivery | restart while awaiting ruling | wrong binding | stale remote ref,,NOT_TESTED,,,,
CTRL-ESC,CONTROL,Architect escalation tripwires,">260 new LOC, >2 production files, second process, new dependency, new persistent store, second send path, invariant change, repeated gate failure -> ARCHITECT_REVIEW_REQUIRED.",hyperliquid-build3-repair/ARCHITECTURE.md Automatic Architect escalation,APPLIES,,Envelope on origin/control-mailbox -> wake -> correlated consumption record -> durable state transition,git log of origin/control-mailbox (exact SHAs) and the consumer's durable receipt,duplicate delivery | restart while awaiting ruling | wrong binding | stale remote ref,G3 one-gate exception: 400 gross additions accepted (CONTROL_STATE scope_budget),NOT_TESTED,,,,
B4-I01,REGRESSION,Build 4 I01 NO_COMMITTED_EVENT_HOLD,No committed genuine post-baseline event: - current leader position never authorises trading; - owned sleeve may provide attribution / non-trading HOLD baseline only; - owned sleeve never authorises convergence; - do not manufacture an EVENT_AUTHORISED_TARGET from current leader position or from owned sleeve.,hyperliquid-build4/GUT_CONTRACT.md I01,APPLIES_PROPOSED,,Reproduce the historical trigger condition on testnet or recorded replay -> assert the failure cannot occur,"Exchange truth as above, or recorded-replay expected output computed without engine code",restart at each lifecycle point,"Build 4 tests: `test_idle_no_post_baseline_event.py`, `test_root_001_authority_target_enforcement.py`, `test_owned_sleeve_not_flattened_by_seed_target.py`, `test_settled_hold_classification.py`, `test_live_ownership_reconciliation_hold.py`",NOT_TESTED,,,,"Prevents: R01; LOGIC-001 (repeated-add overexposure), ARCH-003; and target"
B4-I02,REGRESSION,Build 4 I02 NO_POSITION_CATCHUP,"Startup, restart, handover, rebaseline, current leader position and truth recovery create zero trade authority. - Tests: test_new_events_only_authority.py, test_build4_startup_authority.py, test_quiescence_migration_bypass.py - Prevents: R01, R19; ARCH-011 (restart depended on local replay).",hyperliquid-build4/GUT_CONTRACT.md I02,APPLIES,,Reproduce the historical trigger condition on testnet or recorded replay -> assert the failure cannot occur,"Exchange truth as above, or recorded-replay expected output computed without engine code",restart at each lifecycle point,"Build 4 tests: `test_new_events_only_authority.py`, `test_build4_startup_authority.py`, `test_quiescence_migration_bypass.py`",NOT_TESTED,,,,"Equivalent to PRODUCT_SEMANTICS B2 / ARCH inv13. Prevents: R01, R19; ARCH-011 (restart depended on local replay)."
B4-I03,REGRESSION,Build 4 I03 WS_PLUS_REST_EVENT_DISCOVERY,"WS gives immediate genuine leader events; REST from durable cursor repairs genuine missed events. Both enter ONE logical event stream. - Tests: test_ws_first_acceptance.py, test_ws_first_execution.py, test_feed_manager.py - Prevents: LOGIC-002 (WS mutates truth), EXC-009 (WS gap/stale).",hyperliquid-build4/GUT_CONTRACT.md I03,APPLIES_PROPOSED,,Reproduce the historical trigger condition on testnet or recorded replay -> assert the failure cannot occur,"Exchange truth as above, or recorded-replay expected output computed without engine code",restart at each lifecycle point,"Build 4 tests: `test_ws_first_acceptance.py`, `test_ws_first_execution.py`, `test_feed_manager.py`",NOT_TESTED,,,,"Prevents: LOGIC-002 (WS mutates truth), EXC-009 (WS gap/stale)."
B4-I04,REGRESSION,Build 4 I04 NET_EVENT_RECOVERY,Several missed events yield the latest NET event-authorised sleeve state. Never reproduce stale missed trades one-by-one. - Tests: test_new_events_only_authority.py - Prevents: R23; LOGIC-001.,hyperliquid-build4/GUT_CONTRACT.md I04,APPLIES_PROPOSED,,Reproduce the historical trigger condition on testnet or recorded replay -> assert the failure cannot occur,"Exchange truth as above, or recorded-replay expected output computed without engine code",restart at each lifecycle point,Build 4 tests: `test_new_events_only_authority.py`,NOT_TESTED,,,,Prevents: R23; LOGIC-001.
B4-I05,REGRESSION,Build 4 I05 EVENT_PERSISTENCE,"429, timeout, truth failure, restart, handover, CLOSE_ONLY and temporary inability to send cannot silently consume a genuine event. - Tests: test_live_fill_truth_429_fail_closed.py, test_info_client_transient_survival.py, test_no_silently_lost_actionable_row.py, test_transport_init_transient_retry.py - Prevents: R08, R17; LOGIC-016 (auto_send state pollution).",hyperliquid-build4/GUT_CONTRACT.md I05,APPLIES_PROPOSED,,Reproduce the historical trigger condition on testnet or recorded replay -> assert the failure cannot occur,"Exchange truth as above, or recorded-replay expected output computed without engine code",restart at each lifecycle point,"Build 4 tests: `test_live_fill_truth_429_fail_closed.py`, `test_info_client_transient_survival.py`, `test_no_silently_lost_actionable_row.py`, `test_transport_init_transient_retry.py`",NOT_TESTED,,,,"Prevents: R08, R17; LOGIC-016 (auto_send state pollution)."
B4-I06,REGRESSION,Build 4 I06 EXACTLY_ONCE,One canonical logical event identity; one deterministic execution identity/CLOID. Ambiguous submission stays unresolved until exchange truth resolves it.,hyperliquid-build4/GUT_CONTRACT.md I06,APPLIES_PROPOSED,,Reproduce the historical trigger condition on testnet or recorded replay -> assert the failure cannot occur,"Exchange truth as above, or recorded-replay expected output computed without engine code",restart at each lifecycle point,"Build 4 tests: `test_live_event_lifecycle_exactly_once.py`, `test_unknown_oid_auto_reconciliation.py`, `test_submission_inhibition_display.py`",NOT_TESTED,,,,"Prevents: R09, R10, R11, R22; LOGIC-003 (synthetic dedup key), EXC-010."
B4-I07,REGRESSION,Build 4 I07 FRESH_SEND_TIME_TRUTH,"Immediately before exchange send, obtain fresh authenticated follower truth required for that order. Exchange truth outranks local/UI state. - Tests: test_unified_account_truth.py, test_account_truth_refresher.py, test_actual_position_retry.py, test_unified_position_open_account_truth_incident.py - Prevents: R06, R07; ROOT-001, EXC-001, EXC-002, EXC-019.",hyperliquid-build4/GUT_CONTRACT.md I07,APPLIES,,Reproduce the historical trigger condition on testnet or recorded replay -> assert the failure cannot occur,"Exchange truth as above, or recorded-replay expected output computed without engine code",restart at each lifecycle point,"Build 4 tests: `test_unified_account_truth.py`, `test_account_truth_refresher.py`, `test_actual_position_retry.py`, `test_unified_position_open_account_truth_incident.py`",NOT_TESTED,,,,"Equivalent to CONTROL_STATE G3 required semantics. Prevents: R06, R07; ROOT-001, EXC-001, EXC-002, EXC-019."
B4-I08,REGRESSION,Build 4 I08 ONE_SENDER,"Exactly one canonical sender lease/fence. - Tests: test_handover_lease_directory_contract.py, test_convergence_sender_ordering.py, test_handover_authority_monotonicity.py - Prevents: ARCH-009 (multiple send paths), EXC-014 (master gate not dominant).",hyperliquid-build4/GUT_CONTRACT.md I08,APPLIES_PROPOSED,,Reproduce the historical trigger condition on testnet or recorded replay -> assert the failure cannot occur,"Exchange truth as above, or recorded-replay expected output computed without engine code",restart at each lifecycle point,"Build 4 tests: `test_handover_lease_directory_contract.py`, `test_convergence_sender_ordering.py`, `test_handover_authority_monotonicity.py`",NOT_TESTED,,,,"Build 4 lease mechanism not imported (ARCH inv5); Build 3 meets it via one process + one order site. Prevents: ARCH-009 (multiple send paths), EXC-014 (master gate not dominant)."
B4-I09,REGRESSION,Build 4 I09 RUNTIME_ACTIVE_SSOT,"runtime/active remains durable execution state authority. - Tests: test_runtime_identity.py, test_handover_state_snapshot.py, test_runtime_live_identity_wiring.py - Prevents: R15 (stale candidate/shadow overwrites canonical active state).",hyperliquid-build4/GUT_CONTRACT.md I09,ADAPTED_PROPOSED,,Reproduce the historical trigger condition on testnet or recorded replay -> assert the failure cannot occur,"Exchange truth as above, or recorded-replay expected output computed without engine code",restart at each lifecycle point,"Build 4 tests: `test_runtime_identity.py`, `test_handover_state_snapshot.py`, `test_runtime_live_identity_wiring.py`",NOT_TESTED,,,,Build 4 runtime/active path does not exist in Build 3; Build 3 equivalent is SERVICE_STATE_FILE as sole durable store (ARCH inv4). Prevents: R15 (stale candidate/shadow overwrites canonical active state).
B4-I10,REGRESSION,Build 4 I10 LOCAL_FAILURE_ISOLATION,One bad symbol/wallet/API response cannot globally block unrelated leaders.,hyperliquid-build4/GUT_CONTRACT.md I10,APPLIES_PROPOSED,,Reproduce the historical trigger condition on testnet or recorded replay -> assert the failure cannot occur,"Exchange truth as above, or recorded-replay expected output computed without engine code",restart at each lifecycle point,"Build 4 tests: `test_info_client_transient_survival.py`, `test_operational_incident_protections.py`, `test_product_gate_symbol_resolution.py`",NOT_TESTED,,,,"Prevents: R03, R18."
B4-I11,REGRESSION,Build 4 I11 OWNED_SLEEVE_SURVIVAL,"Infrastructure changes cannot orphan follower-owned exposure. Subsequent genuine reductions/closes remain manageable. - Tests: test_runtime_sleeve_ownership_integration.py, test_sleeve_ownership_ledger.py, test_flat_reset_ownership_boundary.py, test_live_ownership_reconciliation_hold.py - Prevents: R20; EXC-018 (ownership ambiguous).",hyperliquid-build4/GUT_CONTRACT.md I11,APPLIES_PROPOSED,,Reproduce the historical trigger condition on testnet or recorded replay -> assert the failure cannot occur,"Exchange truth as above, or recorded-replay expected output computed without engine code",restart at each lifecycle point,"Build 4 tests: `test_runtime_sleeve_ownership_integration.py`, `test_sleeve_ownership_ledger.py`, `test_flat_reset_ownership_boundary.py`, `test_live_ownership_reconciliation_hold.py`",NOT_TESTED,,,,Prevents: R20; EXC-018 (ownership ambiguous).
B4-I12,REGRESSION,Build 4 I12 MODE_SEMANTICS,"LIVE: entry/increase/reduction/close. CLOSE_ONLY: reduction/close only. PAPER: no real send. OFF: no exchange actions. Mode change itself creates zero orders. - Tests: test_close_only_contract.py, test_paper_trading.py, test_paper_launcher_safety.py, test_paper_runtime_wiring.py, test_build4_startup_authority.py - Prevents: EXC-013, LOGIC-016.",hyperliquid-build4/GUT_CONTRACT.md I12,OPEN_DECISION,OD-05,Reproduce the historical trigger condition on testnet or recorded replay -> assert the failure cannot occur,"Exchange truth as above, or recorded-replay expected output computed without engine code",restart at each lifecycle point,"Build 4 tests: `test_close_only_contract.py`, `test_paper_trading.py`, `test_paper_launcher_safety.py`, `test_paper_runtime_wiring.py`, `test_build4_startup_authority.py`",NOT_TESTED,,,,"Prevents: EXC-013, LOGIC-016."
B4-I13,REGRESSION,Build 4 I13 PRESERVE_SIZING,"Preserve current proven sizing mathematics, risk limits and copy modes. Operator minimum USD 30. Execution buffer USD 12.",hyperliquid-build4/GUT_CONTRACT.md I13,OPEN_DECISION,OD-09,Reproduce the historical trigger condition on testnet or recorded replay -> assert the failure cannot occur,"Exchange truth as above, or recorded-replay expected output computed without engine code",restart at each lifecycle point,"Build 4 tests: `test_8014_proportional_live_sizing.py`, `test_sub_minimum_contract.py`, `test_exchange_size_quantisation.py`, `test_build4_internal_equity_validation.py`",NOT_TESTED,,,,"Prevents: R12; LOGIC-005, EXC-008 (sub-min notional residue)."
B4-I14,REGRESSION,Build 4 I14 FOLLOWER_FILL_EXCLUSION,"Follower exchange fills can never be ingested as leader authority. - Tests: test_follower_fill_authority_poisoning.py, test_handover_live_fill_ownership_compare.py - Prevents: R02.",hyperliquid-build4/GUT_CONTRACT.md I14,APPLIES_PROPOSED,,Reproduce the historical trigger condition on testnet or recorded replay -> assert the failure cannot occur,"Exchange truth as above, or recorded-replay expected output computed without engine code",restart at each lifecycle point,"Build 4 tests: `test_follower_fill_authority_poisoning.py`, `test_handover_live_fill_ownership_compare.py`",NOT_TESTED,,,,Prevents: R02.
B4-I15,REGRESSION,Build 4 I15 REAL_MARGIN_TRUTH,"Read Hyperliquid's actual assetPositions schema. A flat *supported* market does not imply margin unavailable. A real unsupported market blocks that symbol only. - Tests: test_unified_maintenance_margin_invariant.py, test_builder_dex_margin_policy_lifecycle.py, test_unified_position_open_account_truth_incident.py, test_match_snapshot_symbol.py - Prevents: R04, R05, R25.",hyperliquid-build4/GUT_CONTRACT.md I15,APPLIES_PROPOSED,,Reproduce the historical trigger condition on testnet or recorded replay -> assert the failure cannot occur,"Exchange truth as above, or recorded-replay expected output computed without engine code",restart at each lifecycle point,"Build 4 tests: `test_unified_maintenance_margin_invariant.py`, `test_builder_dex_margin_policy_lifecycle.py`, `test_unified_position_open_account_truth_incident.py`, `test_match_snapshot_symbol.py`",NOT_TESTED,,,,"Prevents: R04, R05, R25."
B4-I16,REGRESSION,Build 4 I16 DIAGNOSTICS_NON_BLOCKING,"Repository state, certification, 8014, Proof Engine, UI, Graphify, watchdog and deployment diagnostics cannot block a legitimate execution delta. - Tests: test_certification_is_diagnostic_only.py, test_operational_safety_invariants.py - Prevents: R13, R14, R16.",hyperliquid-build4/GUT_CONTRACT.md I16,APPLIES_PROPOSED,,Reproduce the historical trigger condition on testnet or recorded replay -> assert the failure cannot occur,"Exchange truth as above, or recorded-replay expected output computed without engine code",restart at each lifecycle point,"Build 4 tests: `test_certification_is_diagnostic_only.py`, `test_operational_safety_invariants.py`",NOT_TESTED,,,,"Prevents: R13, R14, R16."
B4-I17,REGRESSION,Build 4 I17 WALLET_ADD,"New leader: baseline/cursor at onboarding time; future genuine events only; no historical replay; no position catch-up. - Tests: test_ui_config_change_audit.py, test_operator_flat_reset_rebaseline.py - Prevents: R19.",hyperliquid-build4/GUT_CONTRACT.md I17,APPLIES_PROPOSED,,Reproduce the historical trigger condition on testnet or recorded replay -> assert the failure cannot occur,"Exchange truth as above, or recorded-replay expected output computed without engine code",restart at each lifecycle point,"Build 4 tests: `test_ui_config_change_audit.py`, `test_operator_flat_reset_rebaseline.py`",NOT_TESTED,,,,Prevents: R19.
B4-I18,REGRESSION,Build 4 I18 WALLET_REMOVE,"Removing a leader stops future intake but cannot orphan an existing owned sleeve. Retain a minimal ownership tombstone until legitimate closure. - Tests: test_ui_wallet_ownership_truth.py, test_flat_reset_ownership_boundary.py - Prevents: R20.",hyperliquid-build4/GUT_CONTRACT.md I18,APPLIES_PROPOSED,OD-13,Reproduce the historical trigger condition on testnet or recorded replay -> assert the failure cannot occur,"Exchange truth as above, or recorded-replay expected output computed without engine code",restart at each lifecycle point,"Build 4 tests: `test_ui_wallet_ownership_truth.py`, `test_flat_reset_ownership_boundary.py`",NOT_TESTED,,,,Prevents: R20.
B4-I19,REGRESSION,Build 4 I19 WALLET_HOT_RELOAD,"Leader list is runtime configuration. Wallet change requires NO release and NO process restart. - Tests: test_ui_config_change_audit.py, test_control_transaction_atomicity.py - Prevents: LOGIC-007 (hot-reload subscription drift), EXC-011.",hyperliquid-build4/GUT_CONTRACT.md I19,APPLIES_PROPOSED,,Reproduce the historical trigger condition on testnet or recorded replay -> assert the failure cannot occur,"Exchange truth as above, or recorded-replay expected output computed without engine code",restart at each lifecycle point,"Build 4 tests: `test_ui_config_change_audit.py`, `test_control_transaction_atomicity.py`",NOT_TESTED,,,,"Prevents: LOGIC-007 (hot-reload subscription drift), EXC-011."
B4-I20,REGRESSION,Build 4 I20 ENTRY_PRICE_BOUND,"ENTRY/INCREASE may not execute at an unapproved worse price than the causative leader execution reference. The exchange order itself enforces the boundary — no quote-check followed by uncapped market order. Default approved maximum adverse entry movement for this gut = 0%. BUY: fill ≤ reference bound. SELL/SHORT: fill ≥ reference bound. - Tests: test_delayed_entry_gate.py, test_delayed_entry_safety_integration.py - Prevents: R21.",hyperliquid-build4/GUT_CONTRACT.md I20,OPEN_DECISION,OD-10,Reproduce the historical trigger condition on testnet or recorded replay -> assert the failure cannot occur,"Exchange truth as above, or recorded-replay expected output computed without engine code",restart at each lifecycle point,"Build 4 tests: `test_delayed_entry_gate.py`, `test_delayed_entry_safety_integration.py`",NOT_TESTED,,,,"Prevents: R21. OD-01 ruled (Boss, 2026-10-09): OPEN/INCREASE/FLIP are priced from a fresh follower-market mid at most 5 s old; with no fresh mid no order is sent."
B4-I21,REGRESSION,Build 4 I21 PRICE_WAIT,"If entry price is unacceptable: no order, event target preserved, PRICE_WAIT. A later valid event may supersede it. If price becomes valid first, it may execute exactly once. - Tests: test_delayed_entry_safety_integration.py - Prevents: R21 + event loss under price rejection (R17).",hyperliquid-build4/GUT_CONTRACT.md I21,OPEN_DECISION,OD-10,Reproduce the historical trigger condition on testnet or recorded replay -> assert the failure cannot occur,"Exchange truth as above, or recorded-replay expected output computed without engine code",restart at each lifecycle point,Build 4 tests: `test_delayed_entry_safety_integration.py`,NOT_TESTED,,,,"Prevents: R21 + event loss under price rejection (R17). OD-01 ruled (Boss, 2026-10-09): OPEN/INCREASE/FLIP are priced from a fresh follower-market mid at most 5 s old; with no fresh mid no order is sent."
B4-I22,REGRESSION,Build 4 I22 REDUCTION_CLOSE_NOT_TRAPPED,"Entry price protection cannot prevent legitimate reduction/close. - Tests: test_canary_exit_authority.py, test_close_only_contract.py - Prevents: R24.",hyperliquid-build4/GUT_CONTRACT.md I22,APPLIES_PROPOSED,,Reproduce the historical trigger condition on testnet or recorded replay -> assert the failure cannot occur,"Exchange truth as above, or recorded-replay expected output computed without engine code",restart at each lifecycle point,"Build 4 tests: `test_canary_exit_authority.py`, `test_close_only_contract.py`",NOT_TESTED,,,,Prevents: R24.
B4-I23,REGRESSION,Build 4 I23 PARTIAL_FILL,"Ownership advances only by confirmed fill. Residual authorised delta remains. - Tests: test_live_event_lifecycle_exactly_once.py, test_runtime_sleeve_ownership_integration.py - Prevents: R22; LOGIC-011, EXC-004.",hyperliquid-build4/GUT_CONTRACT.md I23,APPLIES,,Reproduce the historical trigger condition on testnet or recorded replay -> assert the failure cannot occur,"Exchange truth as above, or recorded-replay expected output computed without engine code",restart at each lifecycle point,"Build 4 tests: `test_live_event_lifecycle_exactly_once.py`, `test_runtime_sleeve_ownership_integration.py`",NOT_TESTED,,,,"Equivalent to CONTROL_STATE required_corrections[2] 'partial persists remaining'. Prevents: R22; LOGIC-011, EXC-004."
B4-I24,REGRESSION,Build 4 I24 RECOVERY_CREATES_ZERO_AUTHORITY,"Restart/handover/recovery/config reload itself creates no order. - Tests: test_build4_startup_authority.py, test_quiescence_migration_bypass.py, test_handover_zero_counts.py, test_runtime_survival_disposable.py - Prevents: ARCH-010, EXC-015 (recovery direct send).",hyperliquid-build4/GUT_CONTRACT.md I24,APPLIES,,Reproduce the historical trigger condition on testnet or recorded replay -> assert the failure cannot occur,"Exchange truth as above, or recorded-replay expected output computed without engine code",restart at each lifecycle point,"Build 4 tests: `test_build4_startup_authority.py`, `test_quiescence_migration_bypass.py`, `test_handover_zero_counts.py`, `test_runtime_survival_disposable.py`",NOT_TESTED,,,,"Equivalent to ARCH inv13. Prevents: ARCH-010, EXC-015 (recovery direct send)."
B4-I25,REGRESSION,Build 4 I25 UNATTRIBUTED_EXPOSURE,"If fresh exchange truth contains exposure that Build-4 cannot attribute to a canonical owned sleeve or to a known manual/external classification, normal copy execution must not blindly alter that exposure. Fail closed for the affected symbol only; unrelated symbols continue (I10).",hyperliquid-build4/GUT_CONTRACT.md I25,APPLIES,,Reproduce the historical trigger condition on testnet or recorded replay -> assert the failure cannot occur,"Exchange truth as above, or recorded-replay expected output computed without engine code",restart at each lifecycle point,"Build 4 tests: `test_live_ownership_reconciliation_hold.py`, `test_flat_reset_ownership_boundary.py`, `test_runtime_sleeve_ownership_integration.py`",NOT_TESTED,,,,"Equivalent to ARCH inv12 + UNATTRIBUTED_BASELINE correction. Prevents: EXC-018 (ownership/sleeve ambiguous), ARCH-008; orphaned-fill"
B4-I26,REGRESSION,Build 4 I26 INDEPENDENT_ORACLE_DISAGREEMENT,"An independent check that does not import engine code must be able to disagree with the engine's own execution decision, and meaningful disagreement fails closed.",hyperliquid-build4/GUT_CONTRACT.md I26,OPEN_DECISION,OD-11,Reproduce the historical trigger condition on testnet or recorded replay -> assert the failure cannot occur,"Exchange truth as above, or recorded-replay expected output computed without engine code",restart at each lifecycle point,"Build 4 tests: `test_control_authority_live_challenge.py`, `test_official_ten_proof_engine_parity.py`",NOT_TESTED,,,,"Prevents: VERIFY-008 (engine verifies itself with its own derived values),"
B4-R01,REGRESSION,Historical regression R01,Must not recur: seed/current-position authorised-target convergence,hyperliquid-build4/GUT_CONTRACT.md §D R01,APPLIES_PROPOSED,OD-04,Reproduce the historical trigger condition on testnet or recorded replay -> assert the failure cannot occur,"Exchange truth as above, or recorded-replay expected output computed without engine code",restart at each lifecycle point,"Build 4 coverage COVERED: `test_root_001_authority_target_enforcement.py`, `test_owned_sleeve_not_flattened_by_seed_target.py`",NOT_TESTED,,,,
B4-R02,REGRESSION,Historical regression R02,Must not recur: follower fill entering leader event authority,hyperliquid-build4/GUT_CONTRACT.md §D R02,APPLIES_PROPOSED,,Reproduce the historical trigger condition on testnet or recorded replay -> assert the failure cannot occur,"Exchange truth as above, or recorded-replay expected output computed without engine code",restart at each lifecycle point,Build 4 coverage COVERED: `test_follower_fill_authority_poisoning.py`,NOT_TESTED,,,,
B4-R03,REGRESSION,Historical regression R03,Must not recur: global cursor/barrier delaying unrelated events,hyperliquid-build4/GUT_CONTRACT.md §D R03,APPLIES_PROPOSED,,Reproduce the historical trigger condition on testnet or recorded replay -> assert the failure cannot occur,"Exchange truth as above, or recorded-replay expected output computed without engine code",restart at each lifecycle point,Build 4 coverage PARTIAL: `test_product_gate_symbol_resolution.py`,NOT_TESTED,,,,
B4-R04,REGRESSION,Historical regression R04,Must not recur: false `BLOCKED_CROSS_MARGIN_UNAVAILABLE` on flat supported markets,hyperliquid-build4/GUT_CONTRACT.md §D R04,APPLIES_PROPOSED,,Reproduce the historical trigger condition on testnet or recorded replay -> assert the failure cannot occur,"Exchange truth as above, or recorded-replay expected output computed without engine code",restart at each lifecycle point,Build 4 coverage COVERED: `test_unified_maintenance_margin_invariant.py`,NOT_TESTED,,,,
B4-R05,REGRESSION,Historical regression R05,Must not recur: `assetPositions` wrapper parsing,hyperliquid-build4/GUT_CONTRACT.md §D R05,APPLIES_PROPOSED,,Reproduce the historical trigger condition on testnet or recorded replay -> assert the failure cannot occur,"Exchange truth as above, or recorded-replay expected output computed without engine code",restart at each lifecycle point,Build 4 coverage COVERED: `test_unified_position_open_account_truth_incident.py`,NOT_TESTED,,,,
B4-R06,REGRESSION,Historical regression R06,Must not recur: account truth blocked by timestamp identity,hyperliquid-build4/GUT_CONTRACT.md §D R06,APPLIES_PROPOSED,,Reproduce the historical trigger condition on testnet or recorded replay -> assert the failure cannot occur,"Exchange truth as above, or recorded-replay expected output computed without engine code",restart at each lifecycle point,Build 4 coverage COVERED: `test_account_truth_refresher.py`,NOT_TESTED,,,,
B4-R07,REGRESSION,Historical regression R07,Must not recur: account truth blocked by volatile balance comparison,hyperliquid-build4/GUT_CONTRACT.md §D R07,APPLIES_PROPOSED,,Reproduce the historical trigger condition on testnet or recorded replay -> assert the failure cannot occur,"Exchange truth as above, or recorded-replay expected output computed without engine code",restart at each lifecycle point,Build 4 coverage COVERED: `test_unified_account_truth.py`,NOT_TESTED,,,,
B4-R08,REGRESSION,Historical regression R08,Must not recur: transient 429 loses/consumes event,hyperliquid-build4/GUT_CONTRACT.md §D R08,APPLIES_PROPOSED,,Reproduce the historical trigger condition on testnet or recorded replay -> assert the failure cannot occur,"Exchange truth as above, or recorded-replay expected output computed without engine code",restart at each lifecycle point,Build 4 coverage COVERED: `test_live_fill_truth_429_fail_closed.py`,NOT_TESTED,,,,
B4-R09,REGRESSION,Historical regression R09,Must not recur: duplicate WS/REST logical event,hyperliquid-build4/GUT_CONTRACT.md §D R09,APPLIES_PROPOSED,,Reproduce the historical trigger condition on testnet or recorded replay -> assert the failure cannot occur,"Exchange truth as above, or recorded-replay expected output computed without engine code",restart at each lifecycle point,Build 4 coverage COVERED: `test_ws_first_acceptance.py`,NOT_TESTED,,,,
B4-R10,REGRESSION,Historical regression R10,Must not recur: ambiguous submission duplicate risk,hyperliquid-build4/GUT_CONTRACT.md §D R10,APPLIES_PROPOSED,,Reproduce the historical trigger condition on testnet or recorded replay -> assert the failure cannot occur,"Exchange truth as above, or recorded-replay expected output computed without engine code",restart at each lifecycle point,Build 4 coverage COVERED: `test_unknown_oid_auto_reconciliation.py`,NOT_TESTED,,,,
B4-R11,REGRESSION,Historical regression R11,Must not recur: restart duplicate execution,hyperliquid-build4/GUT_CONTRACT.md §D R11,APPLIES_PROPOSED,,Reproduce the historical trigger condition on testnet or recorded replay -> assert the failure cannot occur,"Exchange truth as above, or recorded-replay expected output computed without engine code",restart at each lifecycle point,Build 4 coverage COVERED: `test_live_event_lifecycle_exactly_once.py`,NOT_TESTED,,,,
B4-R12,REGRESSION,Historical regression R12,Must not recur: sub-minimum state creates target authority,hyperliquid-build4/GUT_CONTRACT.md §D R12,APPLIES_PROPOSED,,Reproduce the historical trigger condition on testnet or recorded replay -> assert the failure cannot occur,"Exchange truth as above, or recorded-replay expected output computed without engine code",restart at each lifecycle point,Build 4 coverage COVERED: `test_sub_minimum_contract.py`,NOT_TESTED,,,,
B4-R13,REGRESSION,Historical regression R13,Must not recur: watchdog changes authority from stale predicate,hyperliquid-build4/GUT_CONTRACT.md §D R13,APPLIES_PROPOSED,,Reproduce the historical trigger condition on testnet or recorded replay -> assert the failure cannot occur,"Exchange truth as above, or recorded-replay expected output computed without engine code",restart at each lifecycle point,Build 4 coverage PARTIAL: `test_operational_safety_invariants.py`,NOT_TESTED,,,,
B4-R14,REGRESSION,Historical regression R14,Must not recur: certification/repo/Proof/UI diagnostic blocks execution,hyperliquid-build4/GUT_CONTRACT.md §D R14,APPLIES_PROPOSED,,Reproduce the historical trigger condition on testnet or recorded replay -> assert the failure cannot occur,"Exchange truth as above, or recorded-replay expected output computed without engine code",restart at each lifecycle point,Build 4 coverage COVERED: `test_certification_is_diagnostic_only.py`,NOT_TESTED,,,,
B4-R15,REGRESSION,Historical regression R15,Must not recur: stale candidate/shadow overwrites canonical active state,hyperliquid-build4/GUT_CONTRACT.md §D R15,APPLIES_PROPOSED,,Reproduce the historical trigger condition on testnet or recorded replay -> assert the failure cannot occur,"Exchange truth as above, or recorded-replay expected output computed without engine code",restart at each lifecycle point,Build 4 coverage COVERED: `test_handover_state_snapshot.py`,NOT_TESTED,,,,
B4-R16,REGRESSION,Historical regression R16,Must not recur: mutable `global_state`/config hash creates operational veto,hyperliquid-build4/GUT_CONTRACT.md §D R16,APPLIES_PROPOSED,,Reproduce the historical trigger condition on testnet or recorded replay -> assert the failure cannot occur,"Exchange truth as above, or recorded-replay expected output computed without engine code",restart at each lifecycle point,Build 4 coverage GAP: —,NOT_TESTED,,,,
B4-R17,REGRESSION,Historical regression R17,Must not recur: OFF/`mark_pending_historical` loses unevaluated events,hyperliquid-build4/GUT_CONTRACT.md §D R17,APPLIES_PROPOSED,,Reproduce the historical trigger condition on testnet or recorded replay -> assert the failure cannot occur,"Exchange truth as above, or recorded-replay expected output computed without engine code",restart at each lifecycle point,Build 4 coverage PARTIAL: `test_no_silently_lost_actionable_row.py`,NOT_TESTED,,,,
B4-R18,REGRESSION,Historical regression R18,Must not recur: one bad leader key globally stalls others,hyperliquid-build4/GUT_CONTRACT.md §D R18,APPLIES_PROPOSED,,Reproduce the historical trigger condition on testnet or recorded replay -> assert the failure cannot occur,"Exchange truth as above, or recorded-replay expected output computed without engine code",restart at each lifecycle point,Build 4 coverage PARTIAL: `test_info_client_transient_survival.py`,NOT_TESTED,,,,
B4-R19,REGRESSION,Historical regression R19,Must not recur: wallet add causes historical catch-up,hyperliquid-build4/GUT_CONTRACT.md §D R19,APPLIES_PROPOSED,,Reproduce the historical trigger condition on testnet or recorded replay -> assert the failure cannot occur,"Exchange truth as above, or recorded-replay expected output computed without engine code",restart at each lifecycle point,Build 4 coverage PARTIAL: `test_new_events_only_authority.py`,NOT_TESTED,,,,
B4-R20,REGRESSION,Historical regression R20,Must not recur: wallet remove/config change orphans owned sleeve,hyperliquid-build4/GUT_CONTRACT.md §D R20,APPLIES_PROPOSED,,Reproduce the historical trigger condition on testnet or recorded replay -> assert the failure cannot occur,"Exchange truth as above, or recorded-replay expected output computed without engine code",restart at each lifecycle point,Build 4 coverage COVERED: `test_flat_reset_ownership_boundary.py`,NOT_TESTED,,,,
B4-R21,REGRESSION,Historical regression R21,Must not recur: delayed pending entry executes at materially worse price,hyperliquid-build4/GUT_CONTRACT.md §D R21,APPLIES_PROPOSED,,Reproduce the historical trigger condition on testnet or recorded replay -> assert the failure cannot occur,"Exchange truth as above, or recorded-replay expected output computed without engine code",restart at each lifecycle point,Build 4 coverage THIN: `test_delayed_entry_gate.py` (36 LOC),NOT_TESTED,,,,
B4-R22,REGRESSION,Historical regression R22,Must not recur: partial fill causes duplicate/resubmission quantity error,hyperliquid-build4/GUT_CONTRACT.md §D R22,APPLIES_PROPOSED,,Reproduce the historical trigger condition on testnet or recorded replay -> assert the failure cannot occur,"Exchange truth as above, or recorded-replay expected output computed without engine code",restart at each lifecycle point,Build 4 coverage PARTIAL: `test_live_event_lifecycle_exactly_once.py`,NOT_TESTED,,,,
B4-R23,REGRESSION,Historical regression R23,Must not recur: multiple missed events replayed instead of netted,hyperliquid-build4/GUT_CONTRACT.md §D R23,APPLIES_PROPOSED,,Reproduce the historical trigger condition on testnet or recorded replay -> assert the failure cannot occur,"Exchange truth as above, or recorded-replay expected output computed without engine code",restart at each lifecycle point,Build 4 coverage PARTIAL: `test_new_events_only_authority.py`,NOT_TESTED,,,,
B4-R24,REGRESSION,Historical regression R24,Must not recur: reduction/close blocked by entry protection,hyperliquid-build4/GUT_CONTRACT.md §D R24,APPLIES_PROPOSED,,Reproduce the historical trigger condition on testnet or recorded replay -> assert the failure cannot occur,"Exchange truth as above, or recorded-replay expected output computed without engine code",restart at each lifecycle point,Build 4 coverage PARTIAL: `test_canary_exit_authority.py`,NOT_TESTED,,,,
B4-R25,REGRESSION,Historical regression R25,Must not recur: margin parser works only when follower already owns symbol,hyperliquid-build4/GUT_CONTRACT.md §D R25,APPLIES_PROPOSED,,Reproduce the historical trigger condition on testnet or recorded replay -> assert the failure cannot occur,"Exchange truth as above, or recorded-replay expected output computed without engine code",restart at each lifecycle point,Build 4 coverage COVERED: `test_builder_dex_margin_policy_lifecycle.py`,NOT_TESTED,,,,
F-ARCH-001,REGRESSION,FAILURES ARCH-001 multiple_position_authorities,Only exchange state may define actual_position. All other state is explanatory or display-only.,hyperliquid-build4/FAILURES.md ARCH-001,APPLIES_PROPOSED,,Reproduce the historical trigger condition on testnet or recorded replay -> assert the failure cannot occur,"Exchange truth as above, or recorded-replay expected output computed without engine code",restart at each lifecycle point,,NOT_TESTED,,,,"Trigger/failure: Legacy core ledger, shadow replay book, dashboard portfolio, and real exchange state all represented position truth."
F-ARCH-002,REGRESSION,FAILURES ARCH-002 engine_owned_its_own_book,"Make the engine a stateless reconciler: fetch exchange state every cycle, compute desired, diff, act, refetch.",hyperliquid-build4/FAILURES.md ARCH-002,APPLIES_PROPOSED,,Reproduce the historical trigger condition on testnet or recorded replay -> assert the failure cannot occur,"Exchange truth as above, or recorded-replay expected output computed without engine code",restart at each lifecycle point,,NOT_TESTED,,,,Trigger/failure: The engine carried local position truth across cycles and tried to keep that book correct.
F-ARCH-003,REGRESSION,FAILURES ARCH-003 copied_trade_events_instead_of_position_state,Leader events only wake recalculation. Orders must be generated solely from desired_position - actual_position.,hyperliquid-build4/FAILURES.md ARCH-003,APPLIES_PROPOSED,,Reproduce the historical trigger condition on testnet or recorded replay -> assert the failure cannot occur,"Exchange truth as above, or recorded-replay expected output computed without engine code",restart at each lifecycle point,,NOT_TESTED,,,,Trigger/failure: Leader fills directly triggered follower orders instead of recalculating target account-level position.
F-ARCH-004,REGRESSION,FAILURES ARCH-004 no_continuous_desired_vs_actual_invariant,Every cycle asserts desired_position ~= actual_exchange_position or enters blocked/close-only/halt.,hyperliquid-build4/FAILURES.md ARCH-004,APPLIES_PROPOSED,,Reproduce the historical trigger condition on testnet or recorded replay -> assert the failure cannot occur,"Exchange truth as above, or recorded-replay expected output computed without engine code",restart at each lifecycle point,,NOT_TESTED,,,,Trigger/failure: Nothing continuously required actual exchange position to match target position.
F-ARCH-005,REGRESSION,FAILURES ARCH-005 shadow_system_could_observe_but_not_control,Only the reconciler has send authority; any drift detector writes a blocker consumed before send.,hyperliquid-build4/FAILURES.md ARCH-005,APPLIES_PROPOSED,,Reproduce the historical trigger condition on testnet or recorded replay -> assert the failure cannot occur,"Exchange truth as above, or recorded-replay expected output computed without engine code",restart at each lifecycle point,,NOT_TESTED,,,,Trigger/failure: Shadow replay/comparators could detect drift but lacked authority to stop legacy core sends.
F-ARCH-006,REGRESSION,FAILURES ARCH-006 ui_dashboard_became_state_authority,UI is read-only and must display truth tier + freshness for every value.,hyperliquid-build4/FAILURES.md ARCH-006,APPLIES_PROPOSED,,Reproduce the historical trigger condition on testnet or recorded replay -> assert the failure cannot occur,"Exchange truth as above, or recorded-replay expected output computed without engine code",restart at each lifecycle point,,NOT_TESTED,,,,"Trigger/failure: Dashboard rows, caches, CSVs, equity curves, and fallback calculations participated in truth decisions."
F-ARCH-007,REGRESSION,FAILURES ARCH-007 local_logs_treated_as_truth,Local logs are audit metadata only; exchange snapshot is authoritative for actual exposure.,hyperliquid-build4/FAILURES.md ARCH-007,APPLIES_PROPOSED,,Reproduce the historical trigger condition on testnet or recorded replay -> assert the failure cannot occur,"Exchange truth as above, or recorded-replay expected output computed without engine code",restart at each lifecycle point,,NOT_TESTED,,,,"Trigger/failure: Send rows, fill rows, manual sleeves, and reconciliation CSVs were treated as equal to exchange state."
F-ARCH-008,REGRESSION,FAILURES ARCH-008 per_sleeve_model_conflicted_with_account_net_exchange,"All order sizing, reduce_only, min-notional, margin, and open-order checks use account-net state.",hyperliquid-build4/FAILURES.md ARCH-008,APPLIES_PROPOSED,,Reproduce the historical trigger condition on testnet or recorded replay -> assert the failure cannot occur,"Exchange truth as above, or recorded-replay expected output computed without engine code",restart at each lifecycle point,,NOT_TESTED,,,,Trigger/failure: Engine reasoned per wallet/leader sleeve while Hyperliquid enforces account-net exposure and reduce_only semantics.
F-ARCH-009,REGRESSION,FAILURES ARCH-009 multiple_send_paths,Every exchange-client order call must pass through one convergence sender and one master disable switch.,hyperliquid-build4/FAILURES.md ARCH-009,APPLIES_PROPOSED,,Reproduce the historical trigger condition on testnet or recorded replay -> assert the failure cannot occur,"Exchange truth as above, or recorded-replay expected output computed without engine code",restart at each lifecycle point,,NOT_TESTED,,,,"Trigger/failure: Regular sends, recovery sends, manual sends, and auto-repair sends were not dominated by one function and one gate."
F-ARCH-010,REGRESSION,FAILURES ARCH-010 recovery_retrofitted_after_live_execution,Recovery states are first-class and may only request convergence through the reconciler.,hyperliquid-build4/FAILURES.md ARCH-010,APPLIES_PROPOSED,,Reproduce the historical trigger condition on testnet or recorded replay -> assert the failure cannot occur,"Exchange truth as above, or recorded-replay expected output computed without engine code",restart at each lifecycle point,,NOT_TESTED,,,,"Trigger/failure: Missed entries, exits, partial fills, rejections, orphan positions, and manual repair were handled as patches."
F-ARCH-011,REGRESSION,FAILURES ARCH-011 restart_depended_on_local_replay,Restart begins from fresh exchange and leader snapshots; never replay local positions as authority.,hyperliquid-build4/FAILURES.md ARCH-011,APPLIES_PROPOSED,,Reproduce the historical trigger condition on testnet or recorded replay -> assert the failure cannot occur,"Exchange truth as above, or recorded-replay expected output computed without engine code",restart at each lifecycle point,,NOT_TESTED,,,,"Trigger/failure: Restart/recovery could use local positions, replay state, or sleeves as position truth."
F-ARCH-012,REGRESSION,FAILURES ARCH-012 premature_scaling_before_single_wallet_invariant,Canary-first: one wallet/one or two liquid assets/strict notional caps until invariant history is clean.,hyperliquid-build4/FAILURES.md ARCH-012,APPLIES_PROPOSED,,Reproduce the historical trigger condition on testnet or recorded replay -> assert the failure cannot occur,"Exchange truth as above, or recorded-replay expected output computed without engine code",restart at each lifecycle point,,NOT_TESTED,,,,"Trigger/failure: The project moved toward multiple wallets/assets before one wallet, one coin, entry, partial close, full close, reject, restart, and stale-event recovery were proven."
F-ARCH-013,REGRESSION,FAILURES ARCH-013 symptom_patch_bloat,Freeze feature work after truth failure; remove or demote non-core machinery until reconciler invariant is proven.,hyperliquid-build4/FAILURES.md ARCH-013,APPLIES_PROPOSED,,Reproduce the historical trigger condition on testnet or recorded replay -> assert the failure cannot occur,"Exchange truth as above, or recorded-replay expected output computed without engine code",restart at each lifecycle point,,NOT_TESTED,,,,"Trigger/failure: Watchers, sidecars, reports, comparators, UI patches, and reason-label patches accumulated around the wrong core abstraction."
F-ARCH-014,REGRESSION,FAILURES ARCH-014 patch_constraints_preserved_bad_architecture,Architecture-level failures require architecture-level permission; do not patch around ROOT-001.,hyperliquid-build4/FAILURES.md ARCH-014,APPLIES_PROPOSED,,Reproduce the historical trigger condition on testnet or recorded replay -> assert the failure cannot occur,"Exchange truth as above, or recorded-replay expected output computed without engine code",restart at each lifecycle point,,NOT_TESTED,,,,"Trigger/failure: Minimal surgical diff, one-file-only, and no-redesign constraints improved local correctness while preventing architecture correction. ARCHITECTURE.md: the LOC ceiling is a tripwire, not a reason to ship an incomplete repair."
F-ARCH-015,REGRESSION,FAILURES ARCH-015 no_single_invariant_owner,Assign one rebuild owner for GREEN-ONLY-001; all contributors must prove against that invariant.,hyperliquid-build4/FAILURES.md ARCH-015,APPLIES_PROPOSED,,Reproduce the historical trigger condition on testnet or recorded replay -> assert the failure cannot occur,"Exchange truth as above, or recorded-replay expected output computed without engine code",restart at each lifecycle point,,NOT_TESTED,,,,"Trigger/failure: Multiple models/tools reviewed, patched, and verified separate pieces without one owner for exchange-truth convergence."
F-LOGIC-001,REGRESSION,FAILURES LOGIC-001 repeated_add_overexposure_loop,ENTRY/ADD forbidden when actual exposure is already at or beyond target.,hyperliquid-build4/FAILURES.md LOGIC-001,APPLIES_PROPOSED,,Reproduce the historical trigger condition on testnet or recorded replay -> assert the failure cannot occur,"Exchange truth as above, or recorded-replay expected output computed without engine code",restart at each lifecycle point,,NOT_TESTED,,,,
F-LOGIC-002,REGRESSION,FAILURES LOGIC-002 websocket_mutates_truth_loop,"WS is trigger only; REST/exchange snapshot is truth before sizing, closing, or green status.",hyperliquid-build4/FAILURES.md LOGIC-002,APPLIES_PROPOSED,,Reproduce the historical trigger condition on testnet or recorded replay -> assert the failure cannot occur,"Exchange truth as above, or recorded-replay expected output computed without engine code",restart at each lifecycle point,,NOT_TESTED,,,,
F-LOGIC-003,REGRESSION,FAILURES LOGIC-003 synthetic_dedup_key_loop,"Dedup only on exchange fill_id/order_id; if absent or ambiguous, reconcile from exchange and mark untrusted.",hyperliquid-build4/FAILURES.md LOGIC-003,APPLIES_PROPOSED,,Reproduce the historical trigger condition on testnet or recorded replay -> assert the failure cannot occur,"Exchange truth as above, or recorded-replay expected output computed without engine code",restart at each lifecycle point,,NOT_TESTED,,,,
F-LOGIC-004,REGRESSION,FAILURES LOGIC-004 unsafe_reduce_or_exit_loop,"Reductions must be reduce_only, capped by actual account-net position, and unable to create opposite exposure.",hyperliquid-build4/FAILURES.md LOGIC-004,APPLIES_PROPOSED,,Reproduce the historical trigger condition on testnet or recorded replay -> assert the failure cannot occur,"Exchange truth as above, or recorded-replay expected output computed without engine code",restart at each lifecycle point,,NOT_TESTED,,,,
F-LOGIC-005,REGRESSION,FAILURES LOGIC-005 sub_min_notional_residue_loop,"Detect sub-min closes before send; aggregate, telemetry-block, or close by sanctioned account-net convergence only.",hyperliquid-build4/FAILURES.md LOGIC-005,APPLIES_PROPOSED,,Reproduce the historical trigger condition on testnet or recorded replay -> assert the failure cannot occur,"Exchange truth as above, or recorded-replay expected output computed without engine code",restart at each lifecycle point,,NOT_TESTED,,,,
F-LOGIC-006,REGRESSION,FAILURES LOGIC-006 opposing_sleeves_account_net_reject_loop,Every coin has exactly one account-level target; sleeves may explain attribution but cannot size orders.,hyperliquid-build4/FAILURES.md LOGIC-006,APPLIES_PROPOSED,,Reproduce the historical trigger condition on testnet or recorded replay -> assert the failure cannot occur,"Exchange truth as above, or recorded-replay expected output computed without engine code",restart at each lifecycle point,,NOT_TESTED,,,,
F-LOGIC-007,REGRESSION,FAILURES LOGIC-007 hot_reload_subscription_drift_loop,Wallet live state requires proven WS subscription + poll coverage + freshness; mismatch blocks wallet.,hyperliquid-build4/FAILURES.md LOGIC-007,APPLIES_PROPOSED,,Reproduce the historical trigger condition on testnet or recorded replay -> assert the failure cannot occur,"Exchange truth as above, or recorded-replay expected output computed without engine code",restart at each lifecycle point,,NOT_TESTED,,,,
F-LOGIC-008,REGRESSION,FAILURES LOGIC-008 local_reconciliation_false_green_loop,"Reconciliation target is exchange actual vs desired, not local artifact agreement.",hyperliquid-build4/FAILURES.md LOGIC-008,APPLIES_PROPOSED,,Reproduce the historical trigger condition on testnet or recorded replay -> assert the failure cannot occur,"Exchange truth as above, or recorded-replay expected output computed without engine code",restart at each lifecycle point,,NOT_TESTED,,,,
F-LOGIC-009,REGRESSION,FAILURES LOGIC-009 reconciliation_observes_without_containing_loop,Any unresolved desired-vs-actual mismatch disables ENTRY/ADD and enters close-only or halt.,hyperliquid-build4/FAILURES.md LOGIC-009,APPLIES_PROPOSED,,Reproduce the historical trigger condition on testnet or recorded replay -> assert the failure cannot occur,"Exchange truth as above, or recorded-replay expected output computed without engine code",restart at each lifecycle point,,NOT_TESTED,,,,
F-LOGIC-010,REGRESSION,FAILURES LOGIC-010 recovery_bypass_loop,Gate test enumerates every exchange-client call; no path may send when master gate is disabled.,hyperliquid-build4/FAILURES.md LOGIC-010,APPLIES_PROPOSED,,Reproduce the historical trigger condition on testnet or recorded replay -> assert the failure cannot occur,"Exchange truth as above, or recorded-replay expected output computed without engine code",restart at each lifecycle point,,NOT_TESTED,,,,
F-LOGIC-011,REGRESSION,FAILURES LOGIC-011 partial_fill_duplicate_delta_loop,"After every order update/fill/reject, refetch exchange actual + open orders before next order.",hyperliquid-build4/FAILURES.md LOGIC-011,APPLIES_PROPOSED,,Reproduce the historical trigger condition on testnet or recorded replay -> assert the failure cannot occur,"Exchange truth as above, or recorded-replay expected output computed without engine code",restart at each lifecycle point,,NOT_TESTED,,,,
F-LOGIC-012,REGRESSION,FAILURES LOGIC-012 stale_cache_confidence_loop,Every value carries truth_tier and freshness_age; stale/unavailable values are visually and programmatically blocked.,hyperliquid-build4/FAILURES.md LOGIC-012,APPLIES_PROPOSED,,Reproduce the historical trigger condition on testnet or recorded replay -> assert the failure cannot occur,"Exchange truth as above, or recorded-replay expected output computed without engine code",restart at each lifecycle point,,NOT_TESTED,,,,
F-LOGIC-013,REGRESSION,FAILURES LOGIC-013 implementation_confirmation_test_loop,"Primary tests assert external invariants: desired vs exchange actual, gate dominance, restart recovery, event loss recovery.",hyperliquid-build4/FAILURES.md LOGIC-013,APPLIES_PROPOSED,,Reproduce the historical trigger condition on testnet or recorded replay -> assert the failure cannot occur,"Exchange truth as above, or recorded-replay expected output computed without engine code",restart at each lifecycle point,,NOT_TESTED,,,,
F-LOGIC-014,REGRESSION,FAILURES LOGIC-014 one_successful_chain_overclaim_loop,A successful example never proves system health; only continuous account-level invariant does.,hyperliquid-build4/FAILURES.md LOGIC-014,APPLIES_PROPOSED,,Reproduce the historical trigger condition on testnet or recorded replay -> assert the failure cannot occur,"Exchange truth as above, or recorded-replay expected output computed without engine code",restart at each lifecycle point,,NOT_TESTED,,,,
F-LOGIC-015,REGRESSION,FAILURES LOGIC-015 unclassified_or_ambiguous_state_loop,"UNKNOWN, UNCLASSIFIED, or stale classification is fail-closed and not green.",hyperliquid-build4/FAILURES.md LOGIC-015,APPLIES_PROPOSED,,Reproduce the historical trigger condition on testnet or recorded replay -> assert the failure cannot occur,"Exchange truth as above, or recorded-replay expected output computed without engine code",restart at each lifecycle point,,NOT_TESTED,,,,
F-LOGIC-016,REGRESSION,FAILURES LOGIC-016 auto_send_state_pollution_loop,Use explicit state SEND_NOT_ATTEMPTED_AUTO_SEND_DISABLED; never claim live copy.,hyperliquid-build4/FAILURES.md LOGIC-016,APPLIES_PROPOSED,,Reproduce the historical trigger condition on testnet or recorded replay -> assert the failure cannot occur,"Exchange truth as above, or recorded-replay expected output computed without engine code",restart at each lifecycle point,,NOT_TESTED,,,,
F-EXC-001,REGRESSION,FAILURES EXC-001 exchange_snapshot_missing_or_stale,"No sizing, no close, no green; block wallet/coin until fresh exchange read.",hyperliquid-build4/FAILURES.md EXC-001,APPLIES_PROPOSED,,Reproduce the historical trigger condition on testnet or recorded replay -> assert the failure cannot occur,"Exchange truth as above, or recorded-replay expected output computed without engine code",restart at each lifecycle point,,NOT_TESTED,,,,"Trigger/failure: clearinghouseState unavailable, stale, unverifiable, or older than allowed freshness."
F-EXC-002,REGRESSION,FAILURES EXC-002 actual_position_unknown,No exchange order. Fail closed.,hyperliquid-build4/FAILURES.md EXC-002,APPLIES_PROPOSED,,Reproduce the historical trigger condition on testnet or recorded replay -> assert the failure cannot occur,"Exchange truth as above, or recorded-replay expected output computed without engine code",restart at each lifecycle point,,NOT_TESTED,,,,Trigger/failure: Actual account-net position cannot be proven from exchange.
F-EXC-003,REGRESSION,FAILURES EXC-003 desired_actual_mismatch,Disable ENTRY/ADD; converge by sanctioned close/reduce or halt.,hyperliquid-build4/FAILURES.md EXC-003,APPLIES_PROPOSED,,Reproduce the historical trigger condition on testnet or recorded replay -> assert the failure cannot occur,"Exchange truth as above, or recorded-replay expected output computed without engine code",restart at each lifecycle point,,NOT_TESTED,,,,Trigger/failure: actual_position differs from desired_position beyond tolerance.
F-EXC-004,REGRESSION,FAILURES EXC-004 open_orders_unknown,Do not place a new order until open orders are fetched and included in delta.,hyperliquid-build4/FAILURES.md EXC-004,APPLIES_PROPOSED,,Reproduce the historical trigger condition on testnet or recorded replay -> assert the failure cannot occur,"Exchange truth as above, or recorded-replay expected output computed without engine code",restart at each lifecycle point,,NOT_TESTED,,,,"Trigger/failure: Open orders, pending cancels, or in-flight fills are unknown or stale."
F-EXC-005,REGRESSION,FAILURES EXC-005 add_when_beyond_target,Reject ENTRY/ADD and report over_target blocker.,hyperliquid-build4/FAILURES.md EXC-005,APPLIES_PROPOSED,,Reproduce the historical trigger condition on testnet or recorded replay -> assert the failure cannot occur,"Exchange truth as above, or recorded-replay expected output computed without engine code",restart at each lifecycle point,,NOT_TESTED,,,,Trigger/failure: ENTRY/ADD requested while actual exposure is already at or beyond target.
F-EXC-006,REGRESSION,FAILURES EXC-006 wrong_direction_position,Flatten wrong-direction exposure first; do not open target direction until flat is exchange-confirmed.,hyperliquid-build4/FAILURES.md EXC-006,APPLIES_PROPOSED,,Reproduce the historical trigger condition on testnet or recorded replay -> assert the failure cannot occur,"Exchange truth as above, or recorded-replay expected output computed without engine code",restart at each lifecycle point,,NOT_TESTED,,,,Trigger/failure: Actual exchange side is opposite desired side. Must respect ARCH inv12 (never flatten unrelated pre-existing inventory).
F-EXC-007,REGRESSION,FAILURES EXC-007 reduce_could_flip,"Block unless reduce_only true, size <= actual reducible account-net exposure, and post-fill cannot flip.",hyperliquid-build4/FAILURES.md EXC-007,APPLIES_PROPOSED,,Reproduce the historical trigger condition on testnet or recorded replay -> assert the failure cannot occur,"Exchange truth as above, or recorded-replay expected output computed without engine code",restart at each lifecycle point,,NOT_TESTED,,,,Trigger/failure: A reduce/exit order could create or increase opposite exposure.
F-EXC-008,REGRESSION,FAILURES EXC-008 sub_min_notional_order,"Do not silently mark closed. Aggregate, block with telemetry, or use approved convergence action.",hyperliquid-build4/FAILURES.md EXC-008,APPLIES_PROPOSED,,Reproduce the historical trigger condition on testnet or recorded replay -> assert the failure cannot occur,"Exchange truth as above, or recorded-replay expected output computed without engine code",restart at each lifecycle point,,NOT_TESTED,,,,Trigger/failure: Proposed order is below Hyperliquid min notional/precision constraints.
F-EXC-009,REGRESSION,FAILURES EXC-009 websocket_gap_or_stale,Treat WS as invalid trigger; reconcile from REST before any order or status.,hyperliquid-build4/FAILURES.md EXC-009,APPLIES_PROPOSED,,Reproduce the historical trigger condition on testnet or recorded replay -> assert the failure cannot occur,"Exchange truth as above, or recorded-replay expected output computed without engine code",restart at each lifecycle point,,NOT_TESTED,,,,"Trigger/failure: WS heartbeat missing, sequence gap, reconnect, duplicate frame, or stale event stream."
F-EXC-010,REGRESSION,FAILURES EXC-010 missing_or_ambiguous_fill_identity,Do not mutate position truth from synthetic key; reconcile from exchange.,hyperliquid-build4/FAILURES.md EXC-010,APPLIES_PROPOSED,,Reproduce the historical trigger condition on testnet or recorded replay -> assert the failure cannot occur,"Exchange truth as above, or recorded-replay expected output computed without engine code",restart at each lifecycle point,,NOT_TESTED,,,,Trigger/failure: Fill/order cannot be uniquely identified by exchange fill_id or oid.
F-EXC-011,REGRESSION,FAILURES EXC-011 wallet_subscription_mismatch,Block wallet and require subscription proof or full restart/rebind.,hyperliquid-build4/FAILURES.md EXC-011,APPLIES_PROPOSED,,Reproduce the historical trigger condition on testnet or recorded replay -> assert the failure cannot occur,"Exchange truth as above, or recorded-replay expected output computed without engine code",restart at each lifecycle point,,NOT_TESTED,,,,"Trigger/failure: Wallet is marked LIVE but WS subscription, poll cursor, or freshness proof is missing."
F-EXC-012,REGRESSION,FAILURES EXC-012 exchange_semantics_violation,Reject preflight before exchange call.,hyperliquid-build4/FAILURES.md EXC-012,APPLIES_PROPOSED,,Reproduce the historical trigger condition on testnet or recorded replay -> assert the failure cannot occur,"Exchange truth as above, or recorded-replay expected output computed without engine code",restart at each lifecycle point,,NOT_TESTED,,,,"Trigger/failure: Order violates account-net reduce_only, cross-margin headroom, precision, min-notional, or size semantics."
F-EXC-013,REGRESSION,FAILURES EXC-013 auto_send_disabled,No exchange-client order calls from any path; report no_live_order_sent.,hyperliquid-build4/FAILURES.md EXC-013,APPLIES_PROPOSED,,Reproduce the historical trigger condition on testnet or recorded replay -> assert the failure cannot occur,"Exchange truth as above, or recorded-replay expected output computed without engine code",restart at each lifecycle point,,NOT_TESTED,,,,Trigger/failure: auto_send/master send disabled.
F-EXC-014,REGRESSION,FAILURES EXC-014 master_gate_not_dominant,Hard stop build. Refactor before live or canary.,hyperliquid-build4/FAILURES.md EXC-014,APPLIES_PROPOSED,,Reproduce the historical trigger condition on testnet or recorded replay -> assert the failure cannot occur,"Exchange truth as above, or recorded-replay expected output computed without engine code",restart at each lifecycle point,,NOT_TESTED,,,,Trigger/failure: Any order path can bypass master gate.
F-EXC-015,REGRESSION,FAILURES EXC-015 recovery_requests_direct_send,Block. Recovery may only request reconciler convergence.,hyperliquid-build4/FAILURES.md EXC-015,APPLIES_PROPOSED,,Reproduce the historical trigger condition on testnet or recorded replay -> assert the failure cannot occur,"Exchange truth as above, or recorded-replay expected output computed without engine code",restart at each lifecycle point,,NOT_TESTED,,,,Trigger/failure: Recovery/manual/auto-repair code attempts to send directly.
F-EXC-016,REGRESSION,FAILURES EXC-016 ui_value_not_authoritative,Display as non-authoritative; cannot contribute to green.,hyperliquid-build4/FAILURES.md EXC-016,APPLIES_PROPOSED,,Reproduce the historical trigger condition on testnet or recorded replay -> assert the failure cannot occur,"Exchange truth as above, or recorded-replay expected output computed without engine code",restart at each lifecycle point,,NOT_TESTED,,,,Trigger/failure: UI value lacks AUTHORITATIVE_EXCHANGE tier and freshness.
F-EXC-017,REGRESSION,FAILURES EXC-017 independent_oracle_disagrees,Halt sends and surface mismatch.,hyperliquid-build4/FAILURES.md EXC-017,OPEN_DECISION,OD-11,Reproduce the historical trigger condition on testnet or recorded replay -> assert the failure cannot occur,"Exchange truth as above, or recorded-replay expected output computed without engine code",restart at each lifecycle point,,NOT_TESTED,,,,Trigger/failure: Read-only oracle target-vs-exchange calculation disagrees with engine.
F-EXC-018,REGRESSION,FAILURES EXC-018 ownership_or_sleeve_ambiguous,Do not infer after execution; halt or use account-net target only.,hyperliquid-build4/FAILURES.md EXC-018,APPLIES_PROPOSED,,Reproduce the historical trigger condition on testnet or recorded replay -> assert the failure cannot occur,"Exchange truth as above, or recorded-replay expected output computed without engine code",restart at each lifecycle point,,NOT_TESTED,,,,Trigger/failure: Engine cannot map sleeve/local ownership to account-net exchange exposure.
F-EXC-019,REGRESSION,FAILURES EXC-019 leader_or_follower_snapshot_stale,No sizing. Refresh both before diff.,hyperliquid-build4/FAILURES.md EXC-019,APPLIES_PROPOSED,,Reproduce the historical trigger condition on testnet or recorded replay -> assert the failure cannot occur,"Exchange truth as above, or recorded-replay expected output computed without engine code",restart at each lifecycle point,,NOT_TESTED,,,,Trigger/failure: Leader desired-state snapshot or follower actual-state snapshot is stale.
F-EXC-020,REGRESSION,FAILURES EXC-020 unknown_or_unclassified_event,Fail closed. Unknown is never green.,hyperliquid-build4/FAILURES.md EXC-020,APPLIES_PROPOSED,,Reproduce the historical trigger condition on testnet or recorded replay -> assert the failure cannot occur,"Exchange truth as above, or recorded-replay expected output computed without engine code",restart at each lifecycle point,,NOT_TESTED,,,,"Trigger/failure: Event, status, recovery reason, or order outcome is unknown/unclassified."
F-UI-001,REGRESSION,FAILURES UI-001 no_truth_tier,"Every UI cell must carry one of AUTHORITATIVE_EXCHANGE, LOCAL_LEDGER, LEADER_SIGNAL, DISPLAY_ONLY, STALE, BLOCKED, SKIPPED.",hyperliquid-build4/FAILURES.md UI-001,APPLIES_PROPOSED,,Reproduce the historical trigger condition on testnet or recorded replay -> assert the failure cannot occur,"Exchange truth as above, or recorded-replay expected output computed without engine code",restart at each lifecycle point,,NOT_TESTED,,,,"Trigger/failure: UI presented exchange truth, local ledger, leader signal, stale cache, fallback, and display-only values with equal confidence."
F-UI-002,REGRESSION,FAILURES UI-002 no_freshness_indicator,Display data age and source; stale/unavailable values must affect status.,hyperliquid-build4/FAILURES.md UI-002,APPLIES_PROPOSED,,Reproduce the historical trigger condition on testnet or recorded replay -> assert the failure cannot occur,"Exchange truth as above, or recorded-replay expected output computed without engine code",restart at each lifecycle point,,NOT_TESTED,,,,Trigger/failure: Rows with unavailable or stale MTM/exchange source looked verified.
F-UI-003,REGRESSION,FAILURES UI-003 engine_narrative_displayed_as_truth,UI green/red derives only from GREEN-ONLY-001.,hyperliquid-build4/FAILURES.md UI-003,APPLIES_PROPOSED,,Reproduce the historical trigger condition on testnet or recorded replay -> assert the failure cannot occur,"Exchange truth as above, or recorded-replay expected output computed without engine code",restart at each lifecycle point,,NOT_TESTED,,,,Trigger/failure: Dashboard reported what the engine believed happened rather than exchange target variance.
F-VERIFY-001,REGRESSION,FAILURES VERIFY-001 subsystem_proof_overclaim,Label proof scope explicitly; plumbing proof is not exchange correctness proof.,hyperliquid-build4/FAILURES.md VERIFY-001,APPLIES_PROPOSED,,Reproduce the historical trigger condition on testnet or recorded replay -> assert the failure cannot occur,"Exchange truth as above, or recorded-replay expected output computed without engine code",restart at each lifecycle point,,NOT_TESTED,,,,"Trigger/failure: File written, process started, status green, watchdog pass, UI row update, or test pass was treated as copy correctness."
F-VERIFY-002,REGRESSION,FAILURES VERIFY-002 internal_consistency_not_economic_correctness,Primary acceptance proof is desired-vs-exchange-actual convergence.,hyperliquid-build4/FAILURES.md VERIFY-002,APPLIES_PROPOSED,,Reproduce the historical trigger condition on testnet or recorded replay -> assert the failure cannot occur,"Exchange truth as above, or recorded-replay expected output computed without engine code",restart at each lifecycle point,,NOT_TESTED,,,,"Trigger/failure: Harness proved leader fill -> intent -> order -> local fill -> sleeve, but not exchange actual == independently calculated desired."
F-VERIFY-003,REGRESSION,FAILURES VERIFY-003 implementation_derived_tests,Do not count implementation-confirmation tests as safety proof.,hyperliquid-build4/FAILURES.md VERIFY-003,APPLIES_PROPOSED,,Reproduce the historical trigger condition on testnet or recorded replay -> assert the failure cannot occur,"Exchange truth as above, or recorded-replay expected output computed without engine code",restart at each lifecycle point,,NOT_TESTED,,,,"Trigger/failure: Tests covered CSV schemas, UI formulas, reason labels, branch behavior, and implementation-derived values."
F-VERIFY-004,REGRESSION,FAILURES VERIFY-004 weakened_or_stale_tests,"Tests express business invariants, not current labels or mutable implementation names.",hyperliquid-build4/FAILURES.md VERIFY-004,APPLIES_PROPOSED,,Reproduce the historical trigger condition on testnet or recorded replay -> assert the failure cannot occur,"Exchange truth as above, or recorded-replay expected output computed without engine code",restart at each lifecycle point,,NOT_TESTED,,,,Trigger/failure: Tests were rewritten/weakened when semantics drifted; stale reason labels confused correctness.
F-VERIFY-005,REGRESSION,FAILURES VERIFY-005 no_strong_live_money_test_ladder,"Require production replay, repeated-add, restart-at-every-lifecycle-point, dropped/duplicated/reordered events, partial-fill, opposing-leaders, gate dominance, long shadow, tiny canary, independent oracle.",hyperliquid-build4/FAILURES.md VERIFY-005,APPLIES_PROPOSED,,Reproduce the historical trigger condition on testnet or recorded replay -> assert the failure cannot occur,"Exchange truth as above, or recorded-replay expected output computed without engine code",restart at each lifecycle point,,NOT_TESTED,,,,Trigger/failure: Safety relied on many component tests instead of few hard invariant tests.
F-VERIFY-006,REGRESSION,FAILURES VERIFY-006 no_deterministic_fulfilment_gate,"Every task ends with invariant changed, proof path, live risk status, unresolved blockers.",hyperliquid-build4/FAILURES.md VERIFY-006,APPLIES_PROPOSED,,Reproduce the historical trigger condition on testnet or recorded replay -> assert the failure cannot occur,"Exchange truth as above, or recorded-replay expected output computed without engine code",restart at each lifecycle point,,NOT_TESTED,,,,"Trigger/failure: Models said done without answering exactly what invariant changed, what file changed, what proof ran, and what remained unproven."
F-VERIFY-007,REGRESSION,FAILURES VERIFY-007 examples_instead_of_invariants,Single examples are diagnostics only; green requires continuous aggregate invariant.,hyperliquid-build4/FAILURES.md VERIFY-007,APPLIES_PROPOSED,,Reproduce the historical trigger condition on testnet or recorded replay -> assert the failure cannot occur,"Exchange truth as above, or recorded-replay expected output computed without engine code",restart at each lifecycle point,,NOT_TESTED,,,,Trigger/failure: A successful HYPE transaction chain was treated as copied/reconciled even though account-level exposure was wrong.
F-VERIFY-008,REGRESSION,FAILURES VERIFY-008 no_independent_oracle,Separate read-only process calculates desired vs exchange actual without importing engine code.,hyperliquid-build4/FAILURES.md VERIFY-008,OPEN_DECISION,OD-11,Reproduce the historical trigger condition on testnet or recorded replay -> assert the failure cannot occur,"Exchange truth as above, or recorded-replay expected output computed without engine code",restart at each lifecycle point,,NOT_TESTED,,,,Trigger/failure: Engine verified itself using its own derived values.
F-PROCESS-001,REGRESSION,FAILURES PROCESS-001 model_responsibility_diffusion,One accountable owner for GREEN-ONLY-001; other models produce bounded evidence.,hyperliquid-build4/FAILURES.md PROCESS-001,APPLIES_PROPOSED,,Reproduce the historical trigger condition on testnet or recorded replay -> assert the failure cannot occur,"Exchange truth as above, or recorded-replay expected output computed without engine code",restart at each lifecycle point,,NOT_TESTED,,,,"Trigger/failure: Multiple LLMs patched, reviewed, and prompted each other without one owner of exchange-truth correctness."
F-PROCESS-002,REGRESSION,FAILURES PROCESS-002 accepted_patch_work_after_foundation_declared_unsuitable,"If foundation is unsuitable, freeze patching and rebuild around exchange-truth reconciler.",hyperliquid-build4/FAILURES.md PROCESS-002,SUPERSEDED,OD-04,Reproduce the historical trigger condition on testnet or recorded replay -> assert the failure cannot occur,"Exchange truth as above, or recorded-replay expected output computed without engine code",restart at each lifecycle point,,NOT_TESTED,,,,"Trigger/failure: Earlier archaeology found dry-run/live concepts mixed and foundation unsuitable, but later work continued incremental repair. Superseded for this project by ARCHITECTURE.md product-preservation presumption: repair Build 3, not rebuild."
F-PROCESS-003,REGRESSION,FAILURES PROCESS-003 feature_work_continued_after_truth_failure,Truth failures block all non-reconciler feature work.,hyperliquid-build4/FAILURES.md PROCESS-003,APPLIES_PROPOSED,,Reproduce the historical trigger condition on testnet or recorded replay -> assert the failure cannot occur,"Exchange truth as above, or recorded-replay expected output computed without engine code",restart at each lifecycle point,,NOT_TESTED,,,,"Trigger/failure: Dashboard, wallet scaling, sidecars, scanners, and copy controls continued while position truth was unresolved."
F-PRODUCT-001,REGRESSION,FAILURES PRODUCT-001 wallet_selection_realised_pnl_bias,"Gate wallet selection on MTM truth: mtm_calmar >= 1.0, MTM-positive 30d, no MTM collapse flag, reject all-time blowup wallets.",hyperliquid-build4/FAILURES.md PRODUCT-001,OPEN_DECISION,OD-17,Reproduce the historical trigger condition on testnet or recorded replay -> assert the failure cannot occur,"Exchange truth as above, or recorded-replay expected output computed without engine code",restart at each lifecycle point,,NOT_TESTED,,,,"Trigger/failure: Wallet selection used realised-only PnL, biasing toward wallets that let losers run. Wallet-selection gating is a product feature; applicability to Build 3 not stated."
F-PRODUCT-002,REGRESSION,FAILURES PRODUCT-002 recommendation_fact_confusion,Every recommendation must identify its evidence tier and must not masquerade as position truth.,hyperliquid-build4/FAILURES.md PRODUCT-002,APPLIES_PROPOSED,,Reproduce the historical trigger condition on testnet or recorded replay -> assert the failure cannot occur,"Exchange truth as above, or recorded-replay expected output computed without engine code",restart at each lifecycle point,,NOT_TESTED,,,,"Trigger/failure: UI did not distinguish recommendation, signal, local estimate, and verified exchange fact."
F-TEST-001,REGRESSION,FAILURES TEST-001 recorded_production_replay,Historical leader-position snapshots converge to bounded follower exchange state.,hyperliquid-build4/FAILURES.md TEST-001,OPEN_DECISION,OD-04,Reproduce the historical trigger condition on testnet or recorded replay -> assert the failure cannot occur,"Exchange truth as above, or recorded-replay expected output computed without engine code",restart at each lifecycle point,,NOT_TESTED,,,, As worded it replays historical leader-POSITION snapshots; under B1/B2 targets derive from events. Needs an applicability ruling.
F-TEST-002,REGRESSION,FAILURES TEST-002 repeated_add,100 same-direction leader ADD fills cannot push follower exposure beyond current target.,hyperliquid-build4/FAILURES.md TEST-002,APPLIES_PROPOSED,,Reproduce the historical trigger condition on testnet or recorded replay -> assert the failure cannot occur,"Exchange truth as above, or recorded-replay expected output computed without engine code",restart at each lifecycle point,,NOT_TESTED,,,,
F-TEST-003,REGRESSION,FAILURES TEST-003 restart_every_lifecycle_point,"Kill/restart before send, after send, after partial fill, after full fill, after reject, and after cancel recovers solely from exchange truth.",hyperliquid-build4/FAILURES.md TEST-003,APPLIES_PROPOSED,,Reproduce the historical trigger condition on testnet or recorded replay -> assert the failure cannot occur,"Exchange truth as above, or recorded-replay expected output computed without engine code",restart at each lifecycle point,,NOT_TESTED,,,,
F-TEST-004,REGRESSION,FAILURES TEST-004 dropped_duplicated_reordered_events,"Final exchange position still converges after WS loss, duplication, and reordering.",hyperliquid-build4/FAILURES.md TEST-004,APPLIES_PROPOSED,,Reproduce the historical trigger condition on testnet or recorded replay -> assert the failure cannot occur,"Exchange truth as above, or recorded-replay expected output computed without engine code",restart at each lifecycle point,,NOT_TESTED,,,,
F-TEST-005,REGRESSION,FAILURES TEST-005 partial_fill_convergence,Partial fills refetch actual/open orders and converge remaining delta without duplicate exposure.,hyperliquid-build4/FAILURES.md TEST-005,APPLIES_PROPOSED,,Reproduce the historical trigger condition on testnet or recorded replay -> assert the failure cannot occur,"Exchange truth as above, or recorded-replay expected output computed without engine code",restart at each lifecycle point,,NOT_TESTED,,,,
F-TEST-006,REGRESSION,FAILURES TEST-006 opposing_leaders_account_net,Per-leader sleeves never override one account-net target per coin.,hyperliquid-build4/FAILURES.md TEST-006,APPLIES_PROPOSED,,Reproduce the historical trigger condition on testnet or recorded replay -> assert the failure cannot occur,"Exchange truth as above, or recorded-replay expected output computed without engine code",restart at each lifecycle point,,NOT_TESTED,,,,
F-TEST-007,REGRESSION,FAILURES TEST-007 master_gate_dominance,Every exchange-client order call is dominated by one disable switch.,hyperliquid-build4/FAILURES.md TEST-007,APPLIES_PROPOSED,,Reproduce the historical trigger condition on testnet or recorded replay -> assert the failure cannot occur,"Exchange truth as above, or recorded-replay expected output computed without engine code",restart at each lifecycle point,,NOT_TESTED,,,,
F-TEST-008,REGRESSION,FAILURES TEST-008 long_shadow_no_orders,"Against live leader/follower data, target calculations remain stable for days without placing orders.",hyperliquid-build4/FAILURES.md TEST-008,APPLIES_PROPOSED,,Reproduce the historical trigger condition on testnet or recorded replay -> assert the failure cannot occur,"Exchange truth as above, or recorded-replay expected output computed without engine code",restart at each lifecycle point,,NOT_TESTED,,,,
F-TEST-009,REGRESSION,FAILURES TEST-009 tiny_capital_canary,"One wallet and one/two liquid assets run with strict caps and no flips, duplicate closes, stale-state orders, or unrecovered drift.",hyperliquid-build4/FAILURES.md TEST-009,APPLIES_PROPOSED,,Reproduce the historical trigger condition on testnet or recorded replay -> assert the failure cannot occur,"Exchange truth as above, or recorded-replay expected output computed without engine code",restart at each lifecycle point,,NOT_TESTED,,,,
F-TEST-010,REGRESSION,FAILURES TEST-010 independent_oracle,Read-only oracle independently calculates target vs exchange state and halts on disagreement.,hyperliquid-build4/FAILURES.md TEST-010,OPEN_DECISION,OD-11,Reproduce the historical trigger condition on testnet or recorded replay -> assert the failure cannot occur,"Exchange truth as above, or recorded-replay expected output computed without engine code",restart at each lifecycle point,,NOT_TESTED,,,,
F-GREEN-ONLY-001,REGRESSION,Canonical green condition,"Green only when fresh exchange actual == independently computed desired within tolerance, all open orders accounted, every send path under one master gate.",hyperliquid-build4/FAILURES.md GREEN-ONLY-001,APPLIES,,Reproduce the historical trigger condition on testnet or recorded replay -> assert the failure cannot occur,"Exchange truth as above, or recorded-replay expected output computed without engine code",restart at each lifecycle point,,NOT_TESTED,,,,
F25-P01,LIFECYCLE,F25 proof 1,launcher Status works against real running production,hyperliquid-build4/FAILURES.md F25 mandatory proofs,ADAPTED_PROPOSED,OD-12,Operator command -> process table / PID / lock -> engine status endpoint -> exchange shows zero unintended orders,"OS process list, port bindings, exchange open orders/fills during the transition window",second start attempt | crash mid-transition | stale lock/PID | config from previous version,,NOT_TESTED,,,,
F25-P02,LIFECYCLE,F25 proof 2,stale pointers cannot masquerade as running truth,hyperliquid-build4/FAILURES.md F25 mandatory proofs,ADAPTED_PROPOSED,OD-12,Operator command -> process table / PID / lock -> engine status endpoint -> exchange shows zero unintended orders,"OS process list, port bindings, exchange open orders/fills during the transition window",second start attempt | crash mid-transition | stale lock/PID | config from previous version,,NOT_TESTED,,,,
F25-P03,LIFECYCLE,F25 proof 3,missing manifest fields fail visibly,hyperliquid-build4/FAILURES.md F25 mandatory proofs,ADAPTED_PROPOSED,OD-12,Operator command -> process table / PID / lock -> engine status endpoint -> exchange shows zero unintended orders,"OS process list, port bindings, exchange open orders/fills during the transition window",second start attempt | crash mid-transition | stale lock/PID | config from previous version,,NOT_TESTED,,,,
F25-P04,LIFECYCLE,F25 proof 4,builder and launcher share ONE schema,hyperliquid-build4/FAILURES.md F25 mandatory proofs,ADAPTED_PROPOSED,OD-12,Operator command -> process table / PID / lock -> engine status endpoint -> exchange shows zero unintended orders,"OS process list, port bindings, exchange open orders/fills during the transition window",second start attempt | crash mid-transition | stale lock/PID | config from previous version,,NOT_TESTED,,,,
F25-P05,LIFECYCLE,F25 proof 5,legacy unbound releases report SOURCE_COMMIT=UNPROVEN,hyperliquid-build4/FAILURES.md F25 mandatory proofs,ADAPTED_PROPOSED,OD-12,Operator command -> process table / PID / lock -> engine status endpoint -> exchange shows zero unintended orders,"OS process list, port bindings, exchange open orders/fills during the transition window",second start attempt | crash mid-transition | stale lock/PID | config from previous version,,NOT_TESTED,,,,
F25-P06,LIFECYCLE,F25 proof 6,final releases are commit-bound,hyperliquid-build4/FAILURES.md F25 mandatory proofs,ADAPTED_PROPOSED,OD-12,Operator command -> process table / PID / lock -> engine status endpoint -> exchange shows zero unintended orders,"OS process list, port bindings, exchange open orders/fills during the transition window",second start attempt | crash mid-transition | stale lock/PID | config from previous version,,NOT_TESTED,,,,
F25-P07,LIFECYCLE,F25 proof 7,pointer promotion is atomic,hyperliquid-build4/FAILURES.md F25 mandatory proofs,ADAPTED_PROPOSED,OD-12,Operator command -> process table / PID / lock -> engine status endpoint -> exchange shows zero unintended orders,"OS process list, port bindings, exchange open orders/fills during the transition window",second start attempt | crash mid-transition | stale lock/PID | config from previous version,,NOT_TESTED,,,,
F25-P08,LIFECYCLE,F25 proof 8,pointer target exists and matches the intended release,hyperliquid-build4/FAILURES.md F25 mandatory proofs,ADAPTED_PROPOSED,OD-12,Operator command -> process table / PID / lock -> engine status endpoint -> exchange shows zero unintended orders,"OS process list, port bindings, exchange open orders/fills during the transition window",second start attempt | crash mid-transition | stale lock/PID | config from previous version,,NOT_TESTED,,,,
F25-P09,LIFECYCLE,F25 proof 9,sender lease holder and selected release cannot silently disagree,hyperliquid-build4/FAILURES.md F25 mandatory proofs,ADAPTED_PROPOSED,OD-12,Operator command -> process table / PID / lock -> engine status endpoint -> exchange shows zero unintended orders,"OS process list, port bindings, exchange open orders/fills during the transition window",second start attempt | crash mid-transition | stale lock/PID | config from previous version,,NOT_TESTED,,,,
F25-P10,LIFECYCLE,F25 proof 10,UI/runtime/deployment identity traces back to the exact reviewed Git commit,hyperliquid-build4/FAILURES.md F25 mandatory proofs,ADAPTED_PROPOSED,OD-12,Operator command -> process table / PID / lock -> engine status endpoint -> exchange shows zero unintended orders,"OS process list, port bindings, exchange open orders/fills during the transition window",second start attempt | crash mid-transition | stale lock/PID | config from previous version,,NOT_TESTED,,,,
F25-X01,LIFECYCLE,F25 automatic fail 1,"Must never happen: a source_commit is inferred, backfilled, or derived from a directory name",hyperliquid-build4/FAILURES.md F25 automatic fail,ADAPTED_PROPOSED,OD-12,Operator command -> process table / PID / lock -> engine status endpoint -> exchange shows zero unintended orders,"OS process list, port bindings, exchange open orders/fills during the transition window",second start attempt | crash mid-transition | stale lock/PID | config from previous version,,NOT_TESTED,,,,
F25-X02,LIFECYCLE,F25 automatic fail 2,Must never happen: a pointer is hand-edited rather than atomically promoted,hyperliquid-build4/FAILURES.md F25 automatic fail,ADAPTED_PROPOSED,OD-12,Operator command -> process table / PID / lock -> engine status endpoint -> exchange shows zero unintended orders,"OS process list, port bindings, exchange open orders/fills during the transition window",second start attempt | crash mid-transition | stale lock/PID | config from previous version,,NOT_TESTED,,,,
F25-X03,LIFECYCLE,F25 automatic fail 3,Must never happen: a pointer claims a proven commit the release does not carry,hyperliquid-build4/FAILURES.md F25 automatic fail,ADAPTED_PROPOSED,OD-12,Operator command -> process table / PID / lock -> engine status endpoint -> exchange shows zero unintended orders,"OS process list, port bindings, exchange open orders/fills during the transition window",second start attempt | crash mid-transition | stale lock/PID | config from previous version,,NOT_TESTED,,,,
F25-X04,LIFECYCLE,F25 automatic fail 4,Must never happen: a release is promoted while another deployment holds the sender lease,hyperliquid-build4/FAILURES.md F25 automatic fail,ADAPTED_PROPOSED,OD-12,Operator command -> process table / PID / lock -> engine status endpoint -> exchange shows zero unintended orders,"OS process list, port bindings, exchange open orders/fills during the transition window",second start attempt | crash mid-transition | stale lock/PID | config from previous version,,NOT_TESTED,,,,
F25-X05,LIFECYCLE,F25 automatic fail 5,Must never happen: the lease holder is read from any file other than the authoritative,hyperliquid-build4/FAILURES.md F25 automatic fail,ADAPTED_PROPOSED,OD-12,Operator command -> process table / PID / lock -> engine status endpoint -> exchange shows zero unintended orders,"OS process list, port bindings, exchange open orders/fills during the transition window",second start attempt | crash mid-transition | stale lock/PID | config from previous version,,NOT_TESTED,,,,
F25-X06,LIFECYCLE,F25 automatic fail 6,Must never happen: a deployment candidate is built from a dirty worktree,hyperliquid-build4/FAILURES.md F25 automatic fail,ADAPTED_PROPOSED,OD-12,Operator command -> process table / PID / lock -> engine status endpoint -> exchange shows zero unintended orders,"OS process list, port bindings, exchange open orders/fills during the transition window",second start attempt | crash mid-transition | stale lock/PID | config from previous version,,NOT_TESTED,,,,
F25-X07,LIFECYCLE,F25 automatic fail 7,Must never happen: a deployment candidate is built with no resolvable source commit,hyperliquid-build4/FAILURES.md F25 automatic fail,ADAPTED_PROPOSED,OD-12,Operator command -> process table / PID / lock -> engine status endpoint -> exchange shows zero unintended orders,"OS process list, port bindings, exchange open orders/fills during the transition window",second start attempt | crash mid-transition | stale lock/PID | config from previous version,,NOT_TESTED,,,,
F25-X08,LIFECYCLE,F25 automatic fail 8,Must never happen: builder and launcher validate different manifest files or schemas,hyperliquid-build4/FAILURES.md F25 automatic fail,ADAPTED_PROPOSED,OD-12,Operator command -> process table / PID / lock -> engine status endpoint -> exchange shows zero unintended orders,"OS process list, port bindings, exchange open orders/fills during the transition window",second start attempt | crash mid-transition | stale lock/PID | config from previous version,,NOT_TESTED,,,,
F-CLAIM-01,REGRESSION,Forbidden claim,Never accepted as evidence: 'GREEN because unit tests passed',hyperliquid-build4/FAILURES.md Hard forbidden claims,APPLIES,,Reproduce the historical trigger condition on testnet or recorded replay -> assert the failure cannot occur,"Exchange truth as above, or recorded-replay expected output computed without engine code",restart at each lifecycle point,,NOT_TESTED,,,,
F-CLAIM-02,REGRESSION,Forbidden claim,Never accepted as evidence: 'GREEN because local ledger reconciled',hyperliquid-build4/FAILURES.md Hard forbidden claims,APPLIES,,Reproduce the historical trigger condition on testnet or recorded replay -> assert the failure cannot occur,"Exchange truth as above, or recorded-replay expected output computed without engine code",restart at each lifecycle point,,NOT_TESTED,,,,
F-CLAIM-03,REGRESSION,Forbidden claim,Never accepted as evidence: 'GREEN because WS event was seen',hyperliquid-build4/FAILURES.md Hard forbidden claims,APPLIES,,Reproduce the historical trigger condition on testnet or recorded replay -> assert the failure cannot occur,"Exchange truth as above, or recorded-replay expected output computed without engine code",restart at each lifecycle point,,NOT_TESTED,,,,
F-CLAIM-04,REGRESSION,Forbidden claim,Never accepted as evidence: 'GREEN because order/fill row exists',hyperliquid-build4/FAILURES.md Hard forbidden claims,APPLIES,,Reproduce the historical trigger condition on testnet or recorded replay -> assert the failure cannot occur,"Exchange truth as above, or recorded-replay expected output computed without engine code",restart at each lifecycle point,,NOT_TESTED,,,,
F-CLAIM-05,REGRESSION,Forbidden claim,Never accepted as evidence: 'GREEN because dashboard row is clean',hyperliquid-build4/FAILURES.md Hard forbidden claims,APPLIES,,Reproduce the historical trigger condition on testnet or recorded replay -> assert the failure cannot occur,"Exchange truth as above, or recorded-replay expected output computed without engine code",restart at each lifecycle point,,NOT_TESTED,,,,
F-CLAIM-06,REGRESSION,Forbidden claim,Never accepted as evidence: 'GREEN because one copied example worked',hyperliquid-build4/FAILURES.md Hard forbidden claims,APPLIES,,Reproduce the historical trigger condition on testnet or recorded replay -> assert the failure cannot occur,"Exchange truth as above, or recorded-replay expected output computed without engine code",restart at each lifecycle point,,NOT_TESTED,,,,
F-CLAIM-07,REGRESSION,Forbidden claim,Never accepted as evidence: 'SAFE because auto_send is disabled',hyperliquid-build4/FAILURES.md Hard forbidden claims,APPLIES,,Reproduce the historical trigger condition on testnet or recorded replay -> assert the failure cannot occur,"Exchange truth as above, or recorded-replay expected output computed without engine code",restart at each lifecycle point,,NOT_TESTED,,,,
F-CLAIM-08,REGRESSION,Forbidden claim,Never accepted as evidence: 'SAFE because recovery handles it',hyperliquid-build4/FAILURES.md Hard forbidden claims,APPLIES,,Reproduce the historical trigger condition on testnet or recorded replay -> assert the failure cannot occur,"Exchange truth as above, or recorded-replay expected output computed without engine code",restart at each lifecycle point,,NOT_TESTED,,,,
DONE-01,CONTROL,Measurable DONE 1,"Build 3 source is tracked from a provenance-verified untouched baseline (DONE, `cea4beb`).",hyperliquid-build3-repair/PRODUCT_SEMANTICS.md §4.1 | hyperliquid-build3-repair/ARCHITECTURE.md Completion definition,APPLIES,,Envelope on origin/control-mailbox -> wake -> correlated consumption record -> durable state transition,git log of origin/control-mailbox (exact SHAs) and the consumer's durable receipt,duplicate delivery | restart while awaiting ruling | wrong binding | stale remote ref,"DONE, cea4beb (provenance baseline import)",NOT_TESTED,,,,
DONE-02,CONTROL,Measurable DONE 2,Fixed-per-fill sizing is no longer authoritative; target delta → order size unit semantics are proven.,hyperliquid-build3-repair/PRODUCT_SEMANTICS.md §4.2 | hyperliquid-build3-repair/ARCHITECTURE.md Completion definition,APPLIES,,Envelope on origin/control-mailbox -> wake -> correlated consumption record -> durable state transition,git log of origin/control-mailbox (exact SHAs) and the consumer's durable receipt,duplicate delivery | restart while awaiting ruling | wrong binding | stale remote ref,,NOT_TESTED,,,,
DONE-03,CONTROL,Measurable DONE 3,Multi-DEX leader/follower snapshot truth is proven.,hyperliquid-build3-repair/PRODUCT_SEMANTICS.md §4.3 | hyperliquid-build3-repair/ARCHITECTURE.md Completion definition,APPLIES,,Envelope on origin/control-mailbox -> wake -> correlated consumption record -> durable state transition,git log of origin/control-mailbox (exact SHAs) and the consumer's durable receipt,duplicate delivery | restart while awaiting ruling | wrong binding | stale remote ref,,NOT_TESTED,,,,
DONE-04,CONTROL,Measurable DONE 4,"Restart/gap recovery resets from external truth without local-position replay, and mints no new",hyperliquid-build3-repair/PRODUCT_SEMANTICS.md §4.4 | hyperliquid-build3-repair/ARCHITECTURE.md Completion definition,APPLIES,,Envelope on origin/control-mailbox -> wake -> correlated consumption record -> durable state transition,git log of origin/control-mailbox (exact SHAs) and the consumer's durable receipt,duplicate delivery | restart while awaiting ruling | wrong binding | stale remote ref,,NOT_TESTED,,,,
DONE-05,CONTROL,Measurable DONE 5,Testnet proves repeated leader ADDs converge toward target instead of minting fixed notionals.,hyperliquid-build3-repair/PRODUCT_SEMANTICS.md §4.5 | hyperliquid-build3-repair/ARCHITECTURE.md Completion definition,APPLIES,,Envelope on origin/control-mailbox -> wake -> correlated consumption record -> durable state transition,git log of origin/control-mailbox (exact SHAs) and the consumer's durable receipt,duplicate delivery | restart while awaiting ruling | wrong binding | stale remote ref,,NOT_TESTED,,,,
DONE-06,CONTROL,Measurable DONE 6,Testnet settlement is independently confirmed via MASTER userFills and position state.,hyperliquid-build3-repair/PRODUCT_SEMANTICS.md §4.6 | hyperliquid-build3-repair/ARCHITECTURE.md Completion definition,APPLIES,,Envelope on origin/control-mailbox -> wake -> correlated consumption record -> durable state transition,git log of origin/control-mailbox (exact SHAs) and the consumer's durable receipt,duplicate delivery | restart while awaiting ruling | wrong binding | stale remote ref,,NOT_TESTED,,,,
DONE-07,CONTROL,Measurable DONE 7,Pre-existing unrelated inventory is preserved; exactly one physical production order site remains.,hyperliquid-build3-repair/PRODUCT_SEMANTICS.md §4.7 | hyperliquid-build3-repair/ARCHITECTURE.md Completion definition,APPLIES,,Envelope on origin/control-mailbox -> wake -> correlated consumption record -> durable state transition,git log of origin/control-mailbox (exact SHAs) and the consumer's durable receipt,duplicate delivery | restart while awaiting ruling | wrong binding | stale remote ref,,NOT_TESTED,,,,
DONE-08,CONTROL,Measurable DONE 8,UI/wallet/global/lifecycle controls are exercised and tied to explicit acceptance tests.,hyperliquid-build3-repair/PRODUCT_SEMANTICS.md §4.8 | hyperliquid-build3-repair/ARCHITECTURE.md Completion definition,APPLIES,,Envelope on origin/control-mailbox -> wake -> correlated consumption record -> durable state transition,git log of origin/control-mailbox (exact SHAs) and the consumer's durable receipt,duplicate delivery | restart while awaiting ruling | wrong binding | stale remote ref,,NOT_TESTED,,,,
DONE-09,CONTROL,Measurable DONE 9,Controller reviews the exact final commit and executed evidence.,hyperliquid-build3-repair/PRODUCT_SEMANTICS.md §4.9 | hyperliquid-build3-repair/ARCHITECTURE.md Completion definition,APPLIES,,Envelope on origin/control-mailbox -> wake -> correlated consumption record -> durable state transition,git log of origin/control-mailbox (exact SHAs) and the consumer's durable receipt,duplicate delivery | restart while awaiting ruling | wrong binding | stale remote ref,,NOT_TESTED,,,,
DONE-10,CONTROL,Measurable DONE 10,Richard explicitly decides LIVE/mainnet.,hyperliquid-build3-repair/PRODUCT_SEMANTICS.md §4.10 | hyperliquid-build3-repair/ARCHITECTURE.md Completion definition,APPLIES,,Envelope on origin/control-mailbox -> wake -> correlated consumption record -> durable state transition,git log of origin/control-mailbox (exact SHAs) and the consumer's durable receipt,duplicate delivery | restart while awaiting ruling | wrong binding | stale remote ref,,NOT_TESTED,,,,
TN-F01,RISK,Testnet scenario F1: Stale leader capital / oversizing,"Leader capital used for an OPEN/INCREASE is proven fresh at the send boundary (Build 4: exchange clock, 300 s ceiling, synchronous refetch); if unproven the whole OPEN/INCREASE is refused; REDUCE/CLOSE never waits on it; a seeded/default capital value never reaches a send; clock skew beyond the ceiling is refused.","local-trading/hl-build4-final-closeout/proofs/build4_completion/PHASE_6T_C_MATRIX_F01_F09.md F1 | local-trading/hl-build4-final-closeout/proofs/build4_completion/MILESTONE_01_TRADE_BOUNDARY_FRESHNESS_FROZEN.md | HL_Live_Copy_Service_Core.py (7,705-line, sha256 5bda57be)",OPEN_DECISION,OD-22,Predeclared Phase 6T-style scenario on testnet through the production engine path only (no direct exchange.order); evidence per class with exchange parity,Exchange orders/fills (absence or presence) plus independent recomputation of the limit from config,blank value | zero | negative | non-numeric | value changed while engine running | rejected save,,NOT_TESTED,,,,"Core: copy scale falls back to leader_equity_base 10,000 when unset (L2419) and norm_base falls back to fixed_notional (L2418). Code-read of the 2 Jun backup, unconfirmed by run; PRs #4/#6/#7 (merged at main 114e8b4) changed this code, so re-check there. Earlier note (legacy file, superseded base): Build 3 copy scale = norm_base / leader_equity_base (configured, default 10,000; HL_Live_Copy_Service.py L106/L1278/L2022), not fresh leader capital. Applies only if OD-22 adopts a fresh-capital denominator; the 'no seeded default reaches a send' part is ENG-VAL-01."
TN-F02,RISK,Testnet scenario F2: Follower materially less liquidation-safe than leader,"Projected post-trade liquidation distance is checked against the MAX distance across contributing leaders, never an average; unsafe entries blocked whole.",local-trading/hl-build4-final-closeout/proofs/build4_completion/PHASE_6T_C_MATRIX_F01_F09.md F2 | local-trading/hl-build4-final-closeout/proofs/build4_completion/INVARIANT_PS1_PORTFOLIO_SAFETY.md,OPEN_DECISION,OD-23,Predeclared Phase 6T-style scenario on testnet through the production engine path only (no direct exchange.order); evidence per class with exchange parity,Exchange orders/fills (absence or presence) plus independent recomputation of the limit from config,blank value | zero | negative | non-numeric | value changed while engine running | rejected save,,NOT_TESTED,,,,
TN-F03,ENGINE,Testnet scenario F3: Configured follower-capital basis / sizing authority,"Copy scale is computed from the authoritative configured basis; balance changes do not silently move the basis; capital is a basis, not a cap.",local-trading/hl-build4-final-closeout/proofs/build4_completion/PHASE_6T_C_MATRIX_F01_F09.md F3 | local-trading/hl-build4-final-closeout/proofs/build4_completion/PHASE_6T_C_F26_READING_A.md | local-trading/hl-build4-final-closeout/proofs/build4_completion/MILESTONE_02_CAPITAL_VS_POSITION_PROPORTIONAL_FROZEN.md,OPEN_DECISION,OD-22,Predeclared Phase 6T-style scenario on testnet through the production engine path only (no direct exchange.order); evidence per class with exchange parity,"Hyperliquid testnet info API read by a script that does not import engine code: clearinghouseState (all perp DEXes), openOrders, userFillsByTime for MASTER; leader fills from mainnet info API",restart mid-sequence | stale leader snapshot | API 429/timeout | duplicate/reordered event,,NOT_TESTED,,,,Build 3 basis is norm_base / leader_equity_base.
TN-F04,ENGINE,Testnet scenario F4: Exit sizing,"REDUCE/CLOSE is proportional to the attributed (owned) position, never recomputed from fresh leader capital; full close and flip close the owned sleeve exactly; stale capital can never block an exit.",local-trading/hl-build4-final-closeout/proofs/build4_completion/PHASE_6T_C_MATRIX_F01_F09.md F4 | local-trading/hl-build4-final-closeout/proofs/build4_completion/MILESTONE_02_CAPITAL_VS_POSITION_PROPORTIONAL_FROZEN.md,APPLIES_PROPOSED,,Predeclared Phase 6T-style scenario on testnet through the production engine path only (no direct exchange.order); evidence per class with exchange parity,"Hyperliquid testnet info API read by a script that does not import engine code: clearinghouseState (all perp DEXes), openOrders, userFillsByTime for MASTER; leader fills from mainnet info API",restart mid-sequence | stale leader snapshot | API 429/timeout | duplicate/reordered event,,NOT_TESTED,,,,Consistent with Build 3 proportional sleeve = leader position x copy scale.
TN-F05,ORDER,Testnet scenario F5: Sub-minimum OPEN/INCREASE escape,The minimum order notional is enforced at the true execution authority for every OPEN/INCREASE; the execution buffer and reconciliation tolerance are separate quantities and are not conflated.,local-trading/hl-build4-final-closeout/proofs/build4_completion/PHASE_6T_C_MATRIX_F01_F09.md F5,APPLIES,OD-09,Predeclared Phase 6T-style scenario on testnet through the production engine path only (no direct exchange.order); evidence per class with exchange parity,Exchange order status / userFills for the cloid/oid; asset meta from the same network's info API,exchange reject | below minimum notional | size rounds to zero | unknown asset,,NOT_TESTED,,,,Value ($30 Build 4 vs $10 Build 3 MIN_ORDER_NOTIONAL) is OD-09.
TN-F06,RISK,Testnet scenario F6: Catastrophic limits used as clamps,"Backstop limits (per-order, per-wallet, total, daily count) block the whole order; they never resize/clamp it.",local-trading/hl-build4-final-closeout/proofs/build4_completion/PHASE_6T_C_MATRIX_F01_F09.md F6 | local-trading/Hyperliquid scanner/LIVE WALLET TRADING/PHASE3B_PROPORTIONAL_SIZING_FIXED.md,APPLIES_PROPOSED,OD-06 | OD-24,Predeclared Phase 6T-style scenario on testnet through the production engine path only (no direct exchange.order); evidence per class with exchange parity,Exchange orders/fills (absence or presence) plus independent recomputation of the limit from config,blank value | zero | negative | non-numeric | value changed while engine running | rejected save,,NOT_TESTED,,,,Phase 3B added a post-sizing clamp (Layer 1) - the pattern F6 forbids. Build 4 values 10k/50k/100k/100 are OD-24.
TN-F07,RISK,Testnet scenario F7: Other-position margin (M_other) omitted,Margin consumed by the follower's other positions is included in the post-trade safety projection.,local-trading/hl-build4-final-closeout/proofs/build4_completion/PHASE_6T_C_MATRIX_F01_F09.md F7 | local-trading/hl-build4-final-closeout/proofs/build4_completion/INVARIANT_PS1_PORTFOLIO_SAFETY.md,OPEN_DECISION,OD-23,Predeclared Phase 6T-style scenario on testnet through the production engine path only (no direct exchange.order); evidence per class with exchange parity,Exchange orders/fills (absence or presence) plus independent recomputation of the limit from config,blank value | zero | negative | non-numeric | value changed while engine running | rejected save,,NOT_TESTED,,,,
TN-F08,RISK,Testnet scenario F8: Unresolved A0 / crossAccountValue,Account value used for safety is resolved from exchange truth; unresolved means refuse the entry.,local-trading/hl-build4-final-closeout/proofs/build4_completion/PHASE_6T_C_MATRIX_F01_F09.md F8,OPEN_DECISION,OD-23,Predeclared Phase 6T-style scenario on testnet through the production engine path only (no direct exchange.order); evidence per class with exchange parity,Exchange orders/fills (absence or presence) plus independent recomputation of the limit from config,blank value | zero | negative | non-numeric | value changed while engine running | rejected save,,NOT_TESTED,,,,
TN-F09,SETTLE,Testnet scenario F9: Namespace collision (XYZ:NBIS vs NBIS),"HIP-3 / builder-DEX symbols are exact and DEX-scoped everywhere (sizing, orders, ownership, truth, UI); no bare-symbol fallback; no double prefix; meta looked up in the DEX's own universe.",local-trading/hl-build4-final-closeout/proofs/build4_completion/PHASE_6T_C_MATRIX_F01_F09.md F9 | local-trading/hl-build4-final-closeout/proofs/build4_completion/WA_VERDICT_04_attempt_01_three_findings.md | local-trading/Hyperliquid scanner/_archive/hl_stage2/hl_live_copy_audit/full_exchange_audit_latest.md,APPLIES,,Predeclared Phase 6T-style scenario on testnet through the production engine path only (no direct exchange.order); evidence per class with exchange parity,"MASTER userFillsByTime per DEX scope and clearinghouseState, read independently of the engine",ack without fill | partial fill | fill on HIP-3 DEX scope | crash after send before oid persisted,,NOT_TESTED,,,,Testnet has no XYZ markets; protocol uses k-prefix markets as analogue - XYZ must be verified separately on mainnet.
TN-F10,SETTLE,Testnet scenario F10: Ambiguous intent / 429 storm,"An ambiguous submission (timeout, 429, unknown result) is never retried blind; it is resolved from exchange truth before any further send for that coin; a 429 storm does not produce duplicates.",local-trading/hl-build4-final-closeout/proofs/build4_completion/PHASE_6T_C_MATRIX_F10_F19.md F10 | local-trading/hl-build4-final-closeout/proofs/build4_completion/PHASE_6T_C_COMPREHENSIVE_TESTNET_PROTOCOL.md,APPLIES_PROPOSED,,Predeclared Phase 6T-style scenario on testnet through the production engine path only (no direct exchange.order); evidence per class with exchange parity,"MASTER userFillsByTime per DEX scope and clearinghouseState, read independently of the engine",ack without fill | partial fill | fill on HIP-3 DEX scope | crash after send before oid persisted,,NOT_TESTED,,,,Consistent with ACK-is-not-settlement and durable in-flight reservations.
TN-F11,SETTLE,Testnet scenario F11: Ownership / truth fail-open,Ownership attribution never fails open across any crash point; missing ownership truth refuses new exposure.,local-trading/hl-build4-final-closeout/proofs/build4_completion/PHASE_6T_C_MATRIX_F10_F19.md F11,APPLIES_PROPOSED,,Predeclared Phase 6T-style scenario on testnet through the production engine path only (no direct exchange.order); evidence per class with exchange parity,"MASTER userFillsByTime per DEX scope and clearinghouseState, read independently of the engine",ack without fill | partial fill | fill on HIP-3 DEX scope | crash after send before oid persisted,,NOT_TESTED,,,,
TN-F12,SETTLE,Testnet scenario F12: Manual reconciliation,Outside-tolerance divergence is surfaced for manual reconciliation and never auto-closed or auto-adopted.,local-trading/hl-build4-final-closeout/proofs/build4_completion/PHASE_6T_C_MATRIX_F10_F19.md F12,APPLIES,,Predeclared Phase 6T-style scenario on testnet through the production engine path only (no direct exchange.order); evidence per class with exchange parity,"MASTER userFillsByTime per DEX scope and clearinghouseState, read independently of the engine",ack without fill | partial fill | fill on HIP-3 DEX scope | crash after send before oid persisted,,NOT_TESTED,,,,Equivalent to PRODUCT_SEMANTICS B4 (divergence surfaced for adjudication).
TN-F13,SETTLE,Testnet scenario F13: Reconciliation tolerance / blind catch-up,Within tolerance follows the normal path; outside tolerance sends nothing; a position difference without genuine fill authority never creates OPEN/INCREASE; retries use the same current mark and tolerance; missing/invalid mark fails closed.,local-trading/hl-build4-final-closeout/proofs/build4_completion/PHASE_6T_C_MATRIX_F10_F19.md F13 | local-trading/hl-build4-final-closeout/proofs/build4_completion/MILESTONE_03_RECOVERED_FILL_RECONCILIATION_TOLERANCE_FROZEN.md | local-trading/hl-build4-final-closeout/proofs/build4_completion/WA_VERDICT_03_attempt_02_quiet_retry_finding.md,ADAPTED_PROPOSED,OD-24,Predeclared Phase 6T-style scenario on testnet through the production engine path only (no direct exchange.order); evidence per class with exchange parity,"MASTER userFillsByTime per DEX scope and clearinghouseState, read independently of the engine",ack without fill | partial fill | fill on HIP-3 DEX scope | crash after send before oid persisted,,NOT_TESTED,,,,No-blind-catch-up equals B2. The $30-at-mark tolerance value is OD-24. Boss's missed-entry rule (ENG-017) replaces 'outside tolerance sends nothing' with: report a diff and rest a limit order at the desired price.
TN-F14,UI,Testnet scenario F14: UI control looks real but does not govern runtime,Every UI control is proven through VISIBLE -> CLICK -> BACKEND -> PERSISTED -> RUNTIME -> EXECUTION -> REFRESH in a real browser while testnet positions exist.,local-trading/hl-build4-final-closeout/proofs/build4_completion/PHASE_6T_C_MATRIX_F10_F19.md F14 | local-trading/hl-build4-final-closeout/proofs/build4_completion/false_control_audit.json,APPLIES,OD-06,Predeclared Phase 6T-style scenario on testnet through the production engine path only (no direct exchange.order); evidence per class with exchange parity,Independent read of the same exchange/engine truth recomputed by a script that does not import HL_Copy_App_SSOT.py,source unavailable shows n/a/Unavailable not 0 | stale source flagged | API error surfaced,,NOT_TESTED,,,,
TN-F15,HEALTH,Testnet scenario F15: Watchdog / supervisor wrong-mode intervention,Any watchdog predicate exactly matches the engine's own freshness budget; it never changes mode on a different definition of stale.,local-trading/hl-build4-final-closeout/proofs/build4_completion/PHASE_6T_C_MATRIX_F10_F19.md F15,ADAPTED_PROPOSED,OD-12,Predeclared Phase 6T-style scenario on testnet through the production engine path only (no direct exchange.order); evidence per class with exchange parity,Wall-clock timestamps of the induced fault versus the UI/status change,fault clears and indicator recovers | flapping,,NOT_TESTED,,,,Applies to whatever supervision Build 3 uses.
TN-F16,RISK,Testnet scenario F16: Stale risk / account truth at send boundary,Follower account truth used for an entry decision is fresh at the send boundary; otherwise the entry is refused.,local-trading/hl-build4-final-closeout/proofs/build4_completion/PHASE_6T_C_MATRIX_F10_F19.md F16 | local-trading/hl-build4-final-closeout/proofs/build4_completion/MILESTONE_01_TRADE_BOUNDARY_FRESHNESS_FROZEN.md,APPLIES_PROPOSED,,Predeclared Phase 6T-style scenario on testnet through the production engine path only (no direct exchange.order); evidence per class with exchange parity,Exchange orders/fills (absence or presence) plus independent recomputation of the limit from config,blank value | zero | negative | non-numeric | value changed while engine running | rejected save,,NOT_TESTED,,,,"OD-01 ruled (Boss, 2026-10-09): OPEN/INCREASE/FLIP are priced from a fresh follower-market mid at most 5 s old; with no fresh mid no order is sent."
TN-F17,ENGINE,Testnet scenario F17: Trade direction inferred from position,"Trade direction comes only from a genuine leader fill, never from a position snapshot.",local-trading/hl-build4-final-closeout/proofs/build4_completion/PHASE_6T_C_MATRIX_F10_F19.md F17,APPLIES,,Predeclared Phase 6T-style scenario on testnet through the production engine path only (no direct exchange.order); evidence per class with exchange parity,"Hyperliquid testnet info API read by a script that does not import engine code: clearinghouseState (all perp DEXes), openOrders, userFillsByTime for MASTER; leader fills from mainnet info API",restart mid-sequence | stale leader snapshot | API 429/timeout | duplicate/reordered event,,NOT_TESTED,,,,Equivalent to PRODUCT_SEMANTICS B1/B2.
TN-F18,SETTLE,Testnet scenario F18: Duplicate / recovered / out-of-order fills,"Fills are keyed by exchange identity (Build 4: HL_FILL:<oid>:<tid>:WALLET:<addr>); duplicates, recoveries and reordering are processed exactly once.",local-trading/hl-build4-final-closeout/proofs/build4_completion/PHASE_6T_C_MATRIX_F10_F19.md F18 | local-trading/Hyperliquid scanner/_archive/HYPERLIQUID_FAILURE_ANALYSIS.md #3,APPLIES,,Predeclared Phase 6T-style scenario on testnet through the production engine path only (no direct exchange.order); evidence per class with exchange parity,"MASTER userFillsByTime per DEX scope and clearinghouseState, read independently of the engine",ack without fill | partial fill | fill on HIP-3 DEX scope | crash after send before oid persisted,,NOT_TESTED,,,,"Earlier builds deduped on (time, px, sz, side) without fill id."
TN-F19,LIFECYCLE,Testnet scenario F19: Startup / restart unintended orders,"STARTUP_UNINTENDED_ORDERS = 0 at every boundary (cold start, restart, crash recovery, config reload).",local-trading/hl-build4-final-closeout/proofs/build4_completion/PHASE_6T_C_MATRIX_F10_F19.md F19,APPLIES,,Predeclared Phase 6T-style scenario on testnet through the production engine path only (no direct exchange.order); evidence per class with exchange parity,"OS process list, port bindings, exchange open orders/fills during the transition window",second start attempt | crash mid-transition | stale lock/PID | config from previous version,,NOT_TESTED,,,,Equivalent to B2 / DONE-4.
TN-F20,LIFECYCLE,Testnet scenario F20: Sender lease / fencing,At most one sender can submit; a stale holder is fenced out.,local-trading/hl-build4-final-closeout/proofs/build4_completion/PHASE_6T_C_MATRIX_F20_F27.md F20,ADAPTED_PROPOSED,OD-12,Predeclared Phase 6T-style scenario on testnet through the production engine path only (no direct exchange.order); evidence per class with exchange parity,"OS process list, port bindings, exchange open orders/fills during the transition window",second start attempt | crash mid-transition | stale lock/PID | config from previous version,,NOT_TESTED,,,,Build 3 mechanism is one process + one .order() site.
TN-F21,RISK,Testnet scenario F21: Open-safety failure traps REDUCE/CLOSE,"No entry-side safety failure (stale capital, risk truth, budget) can block a REDUCE/CLOSE.",local-trading/hl-build4-final-closeout/proofs/build4_completion/PHASE_6T_C_MATRIX_F20_F27.md F21,APPLIES_PROPOSED,,Predeclared Phase 6T-style scenario on testnet through the production engine path only (no direct exchange.order); evidence per class with exchange parity,Exchange orders/fills (absence or presence) plus independent recomputation of the limit from config,blank value | zero | negative | non-numeric | value changed while engine running | rejected save,,NOT_TESTED,,,,
TN-F22,UI,Testnet scenario F22: UI minimum / config authority confusion,"The UI shows the minimum order value from the authoritative execution config, labelled as such.",local-trading/hl-build4-final-closeout/proofs/build4_completion/PHASE_6T_C_MATRIX_F20_F27.md F22,APPLIES_PROPOSED,OD-09,Predeclared Phase 6T-style scenario on testnet through the production engine path only (no direct exchange.order); evidence per class with exchange parity,Independent read of the same exchange/engine truth recomputed by a script that does not import HL_Copy_App_SSOT.py,source unavailable shows n/a/Unavailable not 0 | stale source flagged | API error surfaced,,NOT_TESTED,,,,
TN-F23,UI,Testnet scenario F23: UI account / position / open-order / risk truth,"UI account, position, open-order and risk values are multi-DEX exchange truth; the UI never invents reassuring state.",local-trading/hl-build4-final-closeout/proofs/build4_completion/PHASE_6T_C_MATRIX_F20_F27.md F23 | local-trading/hl-build4-final-closeout/proofs/build4_completion/UI_TRUTH_AUDIT.json,APPLIES,,Predeclared Phase 6T-style scenario on testnet through the production engine path only (no direct exchange.order); evidence per class with exchange parity,Independent read of the same exchange/engine truth recomputed by a script that does not import HL_Copy_App_SSOT.py,source unavailable shows n/a/Unavailable not 0 | stale source flagged | API error surfaced,,NOT_TESTED,,,,
TN-F24,NETWORK,Testnet scenario F24: Shared rate-limit / 429 regression,"Request weight is budgeted so background/UI reads cannot starve execution (Build 4: 1200 WU/min split across build, background, execution, SSOT and UI).",local-trading/hl-build4-final-closeout/proofs/build4_completion/PHASE_6T_C_MATRIX_F20_F27.md F24,ADAPTED_PROPOSED,OD-24,Predeclared Phase 6T-style scenario on testnet through the production engine path only (no direct exchange.order); evidence per class with exchange parity,Packet/HTTP capture or request log of hostnames; exchange-side account address of resulting fills,mixed testnet/mainnet endpoints | signer == master | missing credential,,NOT_TESTED,,,,
TN-F25,LIFECYCLE,Testnet scenario F25: Deployment / control-plane identity,"The running process, release and commit are provably the reviewed ones.",local-trading/hl-build4-final-closeout/proofs/build4_completion/PHASE_6T_C_MATRIX_F20_F27.md F25,ADAPTED_PROPOSED,OD-12,Predeclared Phase 6T-style scenario on testnet through the production engine path only (no direct exchange.order); evidence per class with exchange parity,"OS process list, port bindings, exchange open orders/fills during the transition window",second start attempt | crash mid-transition | stale lock/PID | config from previous version,,NOT_TESTED,,,,See F25-P/X records.
TN-F26,RISK,Testnet scenario F26: Allocation / risk-budget enforcement,"Allocation is a sizing basis, not a cumulative budget (Reading A, F26.A-H); safe exact orders are not rejected merely for exceeding it.",local-trading/hl-build4-final-closeout/proofs/build4_completion/PHASE_6T_C_MATRIX_F01_F09.md F26 | local-trading/hl-build4-final-closeout/proofs/build4_completion/PHASE_6T_C_F26_READING_A.md,OPEN_DECISION,OD-22,Predeclared Phase 6T-style scenario on testnet through the production engine path only (no direct exchange.order); evidence per class with exchange parity,Exchange orders/fills (absence or presence) plus independent recomputation of the limit from config,blank value | zero | negative | non-numeric | value changed while engine running | rejected save,,NOT_TESTED,,,,
TN-F27,RISK,Testnet scenario F27: Margin-state divergence without a fill,"A leader margin/leverage change is risk authority only, never a trade.",local-trading/hl-build4-final-closeout/proofs/build4_completion/PHASE_6T_C_MATRIX_F20_F27.md F27,OPEN_DECISION,OD-23,Predeclared Phase 6T-style scenario on testnet through the production engine path only (no direct exchange.order); evidence per class with exchange parity,Exchange orders/fills (absence or presence) plus independent recomputation of the limit from config,blank value | zero | negative | non-numeric | value changed while engine running | rejected save,,NOT_TESTED,,,,
TN-PS1,RISK,Resulting portfolio safety,"Every OPEN/INCREASE needs both exact sizing and a projected post-trade portfolio within every risk/liquidation constraint; unsafe is blocked whole, never resized; safe exact orders are not rejected for exceeding the capital basis.",local-trading/hl-build4-final-closeout/proofs/build4_completion/INVARIANT_PS1_PORTFOLIO_SAFETY.md,OPEN_DECISION,OD-23,UI/config value -> live_config.json -> engine read at decision time -> block/allow recorded in order_intents with reason -> exchange shows (no) order,Exchange orders/fills (absence or presence) plus independent recomputation of the limit from config,blank value | zero | negative | non-numeric | value changed while engine running | rejected save,,NOT_TESTED,,,,
TN-CAMP-01,CONTROL,Testnet campaign: Bounds frozen before first order,"Campaign bounds (orders, per-order $, gross $, exposure $, positions, open orders, leverage, collateral) are declared and committed before the first order and never changed after seeing results.",local-trading/hl-build4-final-closeout/proofs/build4_completion/PHASE_6T_C_COMPREHENSIVE_TESTNET_PROTOCOL.md | local-trading/hl-build4-final-closeout/proofs/build4_completion/PHASE_6T_C_MATRIX_F20_F27.md §E,APPLIES_PROPOSED,OD-11,Campaign manifest committed before the first order; final report diffed against it,git history of the manifest plus exchange order/fill history for the campaign window,duplicate delivery | restart while awaiting ruling | wrong binding | stale remote ref,,NOT_TESTED,,,,
TN-CAMP-02,CONTROL,Testnet campaign: Flat start,"The testnet follower starts flat, or pre-existing inventory is recorded and excluded from every count.",local-trading/hl-build4-final-closeout/proofs/build4_completion/PHASE_6T_C_COMPREHENSIVE_TESTNET_PROTOCOL.md | local-trading/hl-build4-final-closeout/proofs/build4_completion/PHASE_6T_C_MATRIX_F20_F27.md §E,APPLIES_PROPOSED,OD-11,Campaign manifest committed before the first order; final report diffed against it,git history of the manifest plus exchange order/fill history for the campaign window,duplicate delivery | restart while awaiting ruling | wrong binding | stale remote ref,,NOT_TESTED,,,,
TN-CAMP-03,CONTROL,Testnet campaign: Market allowlist,Markets come from a captured testnet universe snapshot; anything else is refused.,local-trading/hl-build4-final-closeout/proofs/build4_completion/PHASE_6T_C_COMPREHENSIVE_TESTNET_PROTOCOL.md | local-trading/hl-build4-final-closeout/proofs/build4_completion/PHASE_6T_C_MATRIX_F20_F27.md §E,APPLIES_PROPOSED,OD-11,Campaign manifest committed before the first order; final report diffed against it,git history of the manifest plus exchange order/fill history for the campaign window,duplicate delivery | restart while awaiting ruling | wrong binding | stale remote ref,,NOT_TESTED,,,,
TN-CAMP-04,CONTROL,Testnet campaign: Ambiguous-submission stop,An ambiguous submission stops the campaign until resolved from exchange truth.,local-trading/hl-build4-final-closeout/proofs/build4_completion/PHASE_6T_C_COMPREHENSIVE_TESTNET_PROTOCOL.md | local-trading/hl-build4-final-closeout/proofs/build4_completion/PHASE_6T_C_MATRIX_F20_F27.md §E,APPLIES_PROPOSED,OD-11,Campaign manifest committed before the first order; final report diffed against it,git history of the manifest plus exchange order/fill history for the campaign window,duplicate delivery | restart while awaiting ruling | wrong binding | stale remote ref,,NOT_TESTED,,,,
TN-CAMP-05,CONTROL,Testnet campaign: Cleanup scope,"Cleanup may touch only objects the campaign created on testnet, identified by recorded cloid/oid.",local-trading/hl-build4-final-closeout/proofs/build4_completion/PHASE_6T_C_COMPREHENSIVE_TESTNET_PROTOCOL.md | local-trading/hl-build4-final-closeout/proofs/build4_completion/PHASE_6T_C_MATRIX_F20_F27.md §E,APPLIES_PROPOSED,OD-11,Campaign manifest committed before the first order; final report diffed against it,git history of the manifest plus exchange order/fill history for the campaign window,duplicate delivery | restart while awaiting ruling | wrong binding | stale remote ref,,NOT_TESTED,,,,
TN-CAMP-06,CONTROL,Testnet campaign: Abort conditions,"Predeclared abort conditions (bound breach, unexpected order, identity mismatch, leak) halt sending immediately.",local-trading/hl-build4-final-closeout/proofs/build4_completion/PHASE_6T_C_COMPREHENSIVE_TESTNET_PROTOCOL.md | local-trading/hl-build4-final-closeout/proofs/build4_completion/PHASE_6T_C_MATRIX_F20_F27.md §E,APPLIES_PROPOSED,OD-11,Campaign manifest committed before the first order; final report diffed against it,git history of the manifest plus exchange order/fill history for the campaign window,duplicate delivery | restart while awaiting ruling | wrong binding | stale remote ref,,NOT_TESTED,,,,
TN-CAMP-07,CONTROL,Testnet campaign: Proof environment identity,"Interpreter, SDK version, commit and config hashes are recorded with the evidence.",local-trading/hl-build4-final-closeout/proofs/build4_completion/PHASE_6T_C_COMPREHENSIVE_TESTNET_PROTOCOL.md | local-trading/hl-build4-final-closeout/proofs/build4_completion/PHASE_6T_C_MATRIX_F20_F27.md §E,APPLIES_PROPOSED,OD-11,Campaign manifest committed before the first order; final report diffed against it,git history of the manifest plus exchange order/fill history for the campaign window,duplicate delivery | restart while awaiting ruling | wrong binding | stale remote ref,,NOT_TESTED,,,,
TN-CAMP-08,CONTROL,Testnet campaign: Per-class exchange parity,Each scenario class passes only with exchange-parity evidence; nothing passes by inference; FAILs are kept permanently.,local-trading/hl-build4-final-closeout/proofs/build4_completion/PHASE_6T_C_COMPREHENSIVE_TESTNET_PROTOCOL.md | local-trading/hl-build4-final-closeout/proofs/build4_completion/PHASE_6T_C_MATRIX_F20_F27.md §E,APPLIES_PROPOSED,OD-11,Campaign manifest committed before the first order; final report diffed against it,git history of the manifest plus exchange order/fill history for the campaign window,duplicate delivery | restart while awaiting ruling | wrong binding | stale remote ref,,NOT_TESTED,,,,
TN-CAMP-09,CONTROL,Testnet campaign: Testnet coverage gaps,Anything testnet cannot exercise (e.g. XYZ HIP-3 markets) is listed and verified on mainnet before mainnet certification.,local-trading/hl-build4-final-closeout/proofs/build4_completion/PHASE_6T_C_COMPREHENSIVE_TESTNET_PROTOCOL.md | local-trading/hl-build4-final-closeout/proofs/build4_completion/PHASE_6T_C_MATRIX_F20_F27.md §E,APPLIES_PROPOSED,OD-11,Campaign manifest committed before the first order; final report diffed against it,git history of the manifest plus exchange order/fill history for the campaign window,duplicate delivery | restart while awaiting ruling | wrong binding | stale remote ref,,NOT_TESTED,,,,
TN-T1,NETWORK,Testnet transport T1,"exact Testnet origin, parsed and component-checked",local-trading/hl-build4-final-closeout/proofs/build4_completion/PHASE_6T_C_TRANSPORT_REQUIREMENTS.md,APPLIES_PROPOSED,OD-08,Configuration (env/credentials) -> endpoints actually contacted (captured) -> identities used for signing and for truth reads,Packet/HTTP capture or request log of hostnames; exchange-side account address of resulting fills,mixed testnet/mainnet endpoints | signer == master | missing credential,,NOT_TESTED,,,,
TN-T2,NETWORK,Testnet transport T2,NO substring host validation (the original FINDING-1 bypass class),local-trading/hl-build4-final-closeout/proofs/build4_completion/PHASE_6T_C_TRANSPORT_REQUIREMENTS.md,APPLIES_PROPOSED,OD-08,Configuration (env/credentials) -> endpoints actually contacted (captured) -> identities used for signing and for truth reads,Packet/HTTP capture or request log of hostnames; exchange-side account address of resulting fills,mixed testnet/mainnet endpoints | signer == master | missing credential,,NOT_TESTED,,,,
TN-T3,NETWORK,Testnet transport T3,per-request origin validation IMMEDIATELY before network I/O,local-trading/hl-build4-final-closeout/proofs/build4_completion/PHASE_6T_C_TRANSPORT_REQUIREMENTS.md,APPLIES_PROPOSED,OD-08,Configuration (env/credentials) -> endpoints actually contacted (captured) -> identities used for signing and for truth reads,Packet/HTTP capture or request log of hostnames; exchange-side account address of resulting fills,mixed testnet/mainnet endpoints | signer == master | missing credential,,NOT_TESTED,,,,
TN-T4,NETWORK,Testnet transport T4,redirects disabled (allow_redirects=False forced),local-trading/hl-build4-final-closeout/proofs/build4_completion/PHASE_6T_C_TRANSPORT_REQUIREMENTS.md,APPLIES_PROPOSED,OD-08,Configuration (env/credentials) -> endpoints actually contacted (captured) -> identities used for signing and for truth reads,Packet/HTTP capture or request log of hostnames; exchange-side account address of resulting fills,mixed testnet/mainnet endpoints | signer == master | missing credential,,NOT_TESTED,,,,
TN-T5,NETWORK,Testnet transport T5,"any 3xx refused outright, never followed and re-validated",local-trading/hl-build4-final-closeout/proofs/build4_completion/PHASE_6T_C_TRANSPORT_REQUIREMENTS.md,APPLIES_PROPOSED,OD-08,Configuration (env/credentials) -> endpoints actually contacted (captured) -> identities used for signing and for truth reads,Packet/HTTP capture or request log of hostnames; exchange-side account address of resulting fills,mixed testnet/mainnet endpoints | signer == master | missing credential,,NOT_TESTED,,,,
TN-T6,NETWORK,Testnet transport T6,NO fallback origin of any kind,local-trading/hl-build4-final-closeout/proofs/build4_completion/PHASE_6T_C_TRANSPORT_REQUIREMENTS.md,APPLIES_PROPOSED,OD-08,Configuration (env/credentials) -> endpoints actually contacted (captured) -> identities used for signing and for truth reads,Packet/HTTP capture or request log of hostnames; exchange-side account address of resulting fills,mixed testnet/mainnet endpoints | signer == master | missing credential,,NOT_TESTED,,,,
TN-T7,NETWORK,Testnet transport T7,NO production signer fallback,local-trading/hl-build4-final-closeout/proofs/build4_completion/PHASE_6T_C_TRANSPORT_REQUIREMENTS.md,APPLIES_PROPOSED,OD-08,Configuration (env/credentials) -> endpoints actually contacted (captured) -> identities used for signing and for truth reads,Packet/HTTP capture or request log of hostnames; exchange-side account address of resulting fills,mixed testnet/mainnet endpoints | signer == master | missing credential,,NOT_TESTED,,,,
TN-T8,NETWORK,Testnet transport T8,NO production sender fallback,local-trading/hl-build4-final-closeout/proofs/build4_completion/PHASE_6T_C_TRANSPORT_REQUIREMENTS.md,APPLIES_PROPOSED,OD-08,Configuration (env/credentials) -> endpoints actually contacted (captured) -> identities used for signing and for truth reads,Packet/HTTP capture or request log of hostnames; exchange-side account address of resulting fills,mixed testnet/mainnet endpoints | signer == master | missing credential,,NOT_TESTED,,,,
TN-T9,NETWORK,Testnet transport T9,NO production account fallback,local-trading/hl-build4-final-closeout/proofs/build4_completion/PHASE_6T_C_TRANSPORT_REQUIREMENTS.md,APPLIES_PROPOSED,OD-08,Configuration (env/credentials) -> endpoints actually contacted (captured) -> identities used for signing and for truth reads,Packet/HTTP capture or request log of hostnames; exchange-side account address of resulting fills,mixed testnet/mainnet endpoints | signer == master | missing credential,,NOT_TESTED,,,,
TN-T10,NETWORK,Testnet transport T10,NO generic default endpoint,local-trading/hl-build4-final-closeout/proofs/build4_completion/PHASE_6T_C_TRANSPORT_REQUIREMENTS.md,APPLIES_PROPOSED,OD-08,Configuration (env/credentials) -> endpoints actually contacted (captured) -> identities used for signing and for truth reads,Packet/HTTP capture or request log of hostnames; exchange-side account address of resulting fills,mixed testnet/mainnet endpoints | signer == master | missing credential,,NOT_TESTED,,,,
TN-T11,NETWORK,Testnet transport T11,NO alternate/unvalidated HTTP client path,local-trading/hl-build4-final-closeout/proofs/build4_completion/PHASE_6T_C_TRANSPORT_REQUIREMENTS.md,APPLIES_PROPOSED,OD-08,Configuration (env/credentials) -> endpoints actually contacted (captured) -> identities used for signing and for truth reads,Packet/HTTP capture or request log of hostnames; exchange-side account address of resulting fills,mixed testnet/mainnet endpoints | signer == master | missing credential,,NOT_TESTED,,,,
TN-T12,NETWORK,Testnet transport T12,zero constructor-time pre-hardening network I/O,local-trading/hl-build4-final-closeout/proofs/build4_completion/PHASE_6T_C_TRANSPORT_REQUIREMENTS.md,APPLIES_PROPOSED,OD-08,Configuration (env/credentials) -> endpoints actually contacted (captured) -> identities used for signing and for truth reads,Packet/HTTP capture or request log of hostnames; exchange-side account address of resulting fills,mixed testnet/mainnet endpoints | signer == master | missing credential,,NOT_TESTED,,,,
TN-T13,NETWORK,Testnet transport T13,the session is hardened BEFORE its first use exists,local-trading/hl-build4-final-closeout/proofs/build4_completion/PHASE_6T_C_TRANSPORT_REQUIREMENTS.md,APPLIES_PROPOSED,OD-08,Configuration (env/credentials) -> endpoints actually contacted (captured) -> identities used for signing and for truth reads,Packet/HTTP capture or request log of hostnames; exchange-side account address of resulting fills,mixed testnet/mainnet endpoints | signer == master | missing credential,,NOT_TESTED,,,,
TN-T14,NETWORK,Testnet transport T14,Testnet account identity verified against the resolved master account,local-trading/hl-build4-final-closeout/proofs/build4_completion/PHASE_6T_C_TRANSPORT_REQUIREMENTS.md,APPLIES_PROPOSED,OD-08,Configuration (env/credentials) -> endpoints actually contacted (captured) -> identities used for signing and for truth reads,Packet/HTTP capture or request log of hostnames; exchange-side account address of resulting fills,mixed testnet/mainnet endpoints | signer == master | missing credential,,NOT_TESTED,,,,
TN-T15,NETWORK,Testnet transport T15,dedicated Testnet signer only; the mainnet key is never loaded,local-trading/hl-build4-final-closeout/proofs/build4_completion/PHASE_6T_C_TRANSPORT_REQUIREMENTS.md,APPLIES_PROPOSED,OD-08,Configuration (env/credentials) -> endpoints actually contacted (captured) -> identities used for signing and for truth reads,Packet/HTTP capture or request log of hostnames; exchange-side account address of resulting fills,mixed testnet/mainnet endpoints | signer == master | missing credential,,NOT_TESTED,,,,
TN-T16,NETWORK,Testnet transport T16,campaign bounds (§B) enforced before any submission,local-trading/hl-build4-final-closeout/proofs/build4_completion/PHASE_6T_C_TRANSPORT_REQUIREMENTS.md,APPLIES_PROPOSED,OD-08,Configuration (env/credentials) -> endpoints actually contacted (captured) -> identities used for signing and for truth reads,Packet/HTTP capture or request log of hostnames; exchange-side account address of resulting fills,mixed testnet/mainnet endpoints | signer == master | missing credential,,NOT_TESTED,,,,
TN-T17,NETWORK,Testnet transport T17,fail-closed by default: absent proof means refuse,local-trading/hl-build4-final-closeout/proofs/build4_completion/PHASE_6T_C_TRANSPORT_REQUIREMENTS.md,APPLIES_PROPOSED,OD-08,Configuration (env/credentials) -> endpoints actually contacted (captured) -> identities used for signing and for truth reads,Packet/HTTP capture or request log of hostnames; exchange-side account address of resulting fills,mixed testnet/mainnet endpoints | signer == master | missing credential,,NOT_TESTED,,,,
TN-A1,NETWORK,Transport attack case A1,https://api.hyperliquid-testnet.xyz.evil.example -> REJECT,local-trading/hl-build4-final-closeout/proofs/build4_completion/PHASE_6T_C_TRANSPORT_REQUIREMENTS.md,APPLIES_PROPOSED,OD-08,Unit/integration test feeding the hostile origin to the real client path,Request log shows no connection to the hostile origin,mixed testnet/mainnet endpoints | signer == master | missing credential,,NOT_TESTED,,,,
TN-A2,NETWORK,Transport attack case A2,https://evil.example/?next=api.hyperliquid-testnet.xyz -> REJECT,local-trading/hl-build4-final-closeout/proofs/build4_completion/PHASE_6T_C_TRANSPORT_REQUIREMENTS.md,APPLIES_PROPOSED,OD-08,Unit/integration test feeding the hostile origin to the real client path,Request log shows no connection to the hostile origin,mixed testnet/mainnet endpoints | signer == master | missing credential,,NOT_TESTED,,,,
TN-A3,NETWORK,Transport attack case A3,https://user:pw@api.hyperliquid-testnet.xyz@evil.example -> REJECT,local-trading/hl-build4-final-closeout/proofs/build4_completion/PHASE_6T_C_TRANSPORT_REQUIREMENTS.md,APPLIES_PROPOSED,OD-08,Unit/integration test feeding the hostile origin to the real client path,Request log shows no connection to the hostile origin,mixed testnet/mainnet endpoints | signer == master | missing credential,,NOT_TESTED,,,,
TN-A4,NETWORK,Transport attack case A4,encoded-authority forms -> REJECT,local-trading/hl-build4-final-closeout/proofs/build4_completion/PHASE_6T_C_TRANSPORT_REQUIREMENTS.md,APPLIES_PROPOSED,OD-08,Unit/integration test feeding the hostile origin to the real client path,Request log shows no connection to the hostile origin,mixed testnet/mainnet endpoints | signer == master | missing credential,,NOT_TESTED,,,,
TN-A5,NETWORK,Transport attack case A5,IPv6 / raw-IP forms -> REJECT,local-trading/hl-build4-final-closeout/proofs/build4_completion/PHASE_6T_C_TRANSPORT_REQUIREMENTS.md,APPLIES_PROPOSED,OD-08,Unit/integration test feeding the hostile origin to the real client path,Request log shows no connection to the hostile origin,mixed testnet/mainnet endpoints | signer == master | missing credential,,NOT_TESTED,,,,
TN-A6,NETWORK,Transport attack case A6,unicode-confusable hostnames -> REJECT,local-trading/hl-build4-final-closeout/proofs/build4_completion/PHASE_6T_C_TRANSPORT_REQUIREMENTS.md,APPLIES_PROPOSED,OD-08,Unit/integration test feeding the hostile origin to the real client path,Request log shows no connection to the hostile origin,mixed testnet/mainnet endpoints | signer == master | missing credential,,NOT_TESTED,,,,
TN-A7,NETWORK,Transport attack case A7,307/308 preserving POST onto another origin -> REFUSE,local-trading/hl-build4-final-closeout/proofs/build4_completion/PHASE_6T_C_TRANSPORT_REQUIREMENTS.md,APPLIES_PROPOSED,OD-08,Unit/integration test feeding the hostile origin to the real client path,Request log shows no connection to the hostile origin,mixed testnet/mainnet endpoints | signer == master | missing credential,,NOT_TESTED,,,,
TN-A8,NETWORK,Transport attack case A8,requests issued during Info.__init__ before hardening -> MUST NOT EXIST,local-trading/hl-build4-final-closeout/proofs/build4_completion/PHASE_6T_C_TRANSPORT_REQUIREMENTS.md,APPLIES_PROPOSED,OD-08,Unit/integration test feeding the hostile origin to the real client path,Request log shows no connection to the hostile origin,mixed testnet/mainnet endpoints | signer == master | missing credential,,NOT_TESTED,,,,
HARN-01,CONTROL,No direct order calls in the harness,Certification scripts place orders only through the engine's single sender; no proof/test/soak script calls exchange.order directly.,local-trading/hl-build4-final-closeout/proofs/build4_completion/WA_ONE_ENGINE_VERDICT_a8d0641.md | local-trading/hl-build4-final-closeout/proofs/build4_completion/WA_VERDICT_TESTNET_HARNESS_REMEDIATION_01.md,APPLIES_PROPOSED,,Envelope on origin/control-mailbox -> wake -> correlated consumption record -> durable state transition,git log of origin/control-mailbox (exact SHAs) and the consumer's durable receipt,duplicate delivery | restart while awaiting ruling | wrong binding | stale remote ref,,NOT_TESTED,,,,
HARN-02,CONTROL,Order-site census covers every executable file,"The one-order-site census scans all executable code including proofs, tests, scripts and archives on the run path.",local-trading/hl-build4-final-closeout/proofs/build4_completion/WA_ONE_ENGINE_VERDICT_a8d0641.md,APPLIES_PROPOSED,,Envelope on origin/control-mailbox -> wake -> correlated consumption record -> durable state transition,git log of origin/control-mailbox (exact SHAs) and the consumer's durable receipt,duplicate delivery | restart while awaiting ruling | wrong binding | stale remote ref,,NOT_TESTED,,,,
HARN-03,CONTROL,One engine for testnet and mainnet,"Testnet and mainnet run the same engine; only follower endpoints/credentials differ, injected in one place; leaders stay on mainnet.",local-trading/hl-build4-final-closeout/proofs/build4_completion/TESTNET_MAINNET_ENGINE_PARITY.md,APPLIES_PROPOSED,OD-08,Envelope on origin/control-mailbox -> wake -> correlated consumption record -> durable state transition,git log of origin/control-mailbox (exact SHAs) and the consumer's durable receipt,duplicate delivery | restart while awaiting ruling | wrong binding | stale remote ref,,NOT_TESTED,,,,
HARN-04,CONTROL,Secrets never leak,"Keys are never logged, put in argv or written to evidence; a leak scan over all evidence finds zero.",local-trading/hl-build4-final-closeout/proofs/build4_completion/PHASE_6T_C_TRANSPORT_REQUIREMENTS.md,APPLIES_PROPOSED,,Envelope on origin/control-mailbox -> wake -> correlated consumption record -> durable state transition,git log of origin/control-mailbox (exact SHAs) and the consumer's durable receipt,duplicate delivery | restart while awaiting ruling | wrong binding | stale remote ref,,NOT_TESTED,,,,
HARN-05,CONTROL,Evidence states only what ran,"Reports claim only executed, predeclared checks; overclaims are FAIL.",local-trading/hl-build4-final-closeout/proofs/build4_completion/WA_VERDICT_TESTNET_HARNESS_REMEDIATION_02.md | local-trading/hl-build4-final-closeout/proofs/build4_completion/WA_F26_PS1_RESUBMISSION_V2.md,APPLIES_PROPOSED,,Envelope on origin/control-mailbox -> wake -> correlated consumption record -> durable state transition,git log of origin/control-mailbox (exact SHAs) and the consumer's durable receipt,duplicate delivery | restart while awaiting ruling | wrong binding | stale remote ref,,NOT_TESTED,,,,
HARN-06,CONTROL,False-control census,"For every UI write endpoint, list fields the engine reads versus fields accepted but ignored; any ignored field is a finding.",local-trading/hl-build4-final-closeout/proofs/build4_completion/false_control_audit.json,APPLIES_PROPOSED,OD-06,Envelope on origin/control-mailbox -> wake -> correlated consumption record -> durable state transition,git log of origin/control-mailbox (exact SHAs) and the consumer's durable receipt,duplicate delivery | restart while awaiting ruling | wrong binding | stale remote ref,,NOT_TESTED,,,,
HARN-07,CONTROL,Agents do not share a worktree,Two agents never edit the same worktree concurrently; conflicts are detected and stopped.,local-trading/b4_controller/state/worker_conflict_20260930.json,APPLIES_PROPOSED,,Envelope on origin/control-mailbox -> wake -> correlated consumption record -> durable state transition,git log of origin/control-mailbox (exact SHAs) and the consumer's durable receipt,duplicate delivery | restart while awaiting ruling | wrong binding | stale remote ref,,NOT_TESTED,,,,
ENG-VAL-01,ENGINE,No fabricated defaults,"Missing numeric truth is never replaced by a default ('or 0.0', DEFAULT_LEADER_EQUITY_BASE=10000, seeded capital); it fails closed for entries.","local-trading/hl-build4-final-closeout/proofs/build4_completion/WA_VERDICT_04_attempt_02_three_remaining_defects.md | local-trading/hl-build4-final-closeout/proofs/build4_completion/WA_VERDICT_05J_exchange_root_residual.md | HL_Live_Copy_Service_Core.py (7,705-line, sha256 5bda57be)",APPLIES_PROPOSED,,Leader event (testnet-observable) -> desired net per coin -> planner delta -> single sender -> testnet order -> MASTER fill/position,"Hyperliquid testnet info API read by a script that does not import engine code: clearinghouseState (all perp DEXes), openOrders, userFillsByTime for MASTER; leader fills from mainnet info API",field missing | field null | NaN/inf | negative | wrong type,,NOT_TESTED,,,,"Core: max(1.0, fnum(wc.get('leader_equity_base'), 10000.0)) at L2419. Code-read of the 2 Jun backup, unconfirmed by run; PRs #4/#6/#7 (merged at main 114e8b4) changed this code, so re-check there. Earlier note (legacy file, superseded base): Build 3 code has max(1.0, fnum(raw.get('leader_equity_base'), 10000)) at HL_Live_Copy_Service.py L1278 (code-read, unconfirmed by run)."
ENG-VAL-02,ENGINE,Non-finite values rejected,"NaN, infinity and negative prices/sizes/capital are rejected at ingestion.",local-trading/hl-build4-final-closeout/proofs/build4_completion/WA_PACKET_04_REMEDIATION.md,APPLIES_PROPOSED,,Leader event (testnet-observable) -> desired net per coin -> planner delta -> single sender -> testnet order -> MASTER fill/position,"Hyperliquid testnet info API read by a script that does not import engine code: clearinghouseState (all perp DEXes), openOrders, userFillsByTime for MASTER; leader fills from mainnet info API",field missing | field null | NaN/inf | negative | wrong type,,NOT_TESTED,,,,
ENG-VAL-03,ENGINE,Malformed exchange data rejected,A malformed margin tier or meta row fails closed; it is never silently skipped.,local-trading/hl-build4-final-closeout/proofs/build4_completion/WA_VERDICT_04_attempt_02_three_remaining_defects.md,APPLIES_PROPOSED,,Leader event (testnet-observable) -> desired net per coin -> planner delta -> single sender -> testnet order -> MASTER fill/position,"Hyperliquid testnet info API read by a script that does not import engine code: clearinghouseState (all perp DEXes), openOrders, userFillsByTime for MASTER; leader fills from mainnet info API",field missing | field null | NaN/inf | negative | wrong type,,NOT_TESTED,,,,
ENG-VAL-04,ENGINE,Maintenance margin from exchange tables,"Maintenance margin uses the exchange marginTables, not a leverage-derived approximation.",local-trading/hl-build4-final-closeout/proofs/build4_completion/WA_REMEDIATION_04_tier_namespace_agg_maintenance.md,APPLIES_PROPOSED,OD-23,Leader event (testnet-observable) -> desired net per coin -> planner delta -> single sender -> testnet order -> MASTER fill/position,"Hyperliquid testnet info API read by a script that does not import engine code: clearinghouseState (all perp DEXes), openOrders, userFillsByTime for MASTER; leader fills from mainnet info API",field missing | field null | NaN/inf | negative | wrong type,,NOT_TESTED,,,,Relevant only if OD-23 adopts a liquidation projection.
INC-01,REGRESSION,Large exchange position visible,"Every follower exchange position, of any size and DEX, appears on the live-copy dashboard.",local-trading/Hyperliquid scanner/_archive/hl_stage2/hl_live_copy_audit/DASH_MISSING_6K_POSITION_ROOT_CAUSE.txt | local-trading/Hyperliquid scanner/_archive/hl_stage2/hl_live_copy_audit/HEALTHCHECK_LARGE_POSITION_VISIBILITY_REPORT.txt,APPLIES,,Reproduce the historical trigger condition on testnet or recorded replay -> assert the failure cannot occur,"Exchange truth as above, or recorded-replay expected output computed without engine code",restart at each lifecycle point,,NOT_TESTED,,,,
INC-02,REGRESSION,Shared-symbol exposure counted,Wallet exposure includes abs(size) x mark for shared-symbol sleeve rows; no row reports exposure as None while a position exists.,local-trading/Hyperliquid scanner/_archive/hl_stage2/hl_live_copy_audit/NEAR_6K_OWNERSHIP_CONFIRMED.txt,APPLIES,,Reproduce the historical trigger condition on testnet or recorded replay -> assert the failure cannot occur,"Exchange truth as above, or recorded-replay expected output computed without engine code",restart at each lifecycle point,,NOT_TESTED,,,,
INC-03,REGRESSION,Account vs engine position diff surfaced,The account panel shows exchange positions by coin directly; any engine-vs-account difference is shown as a divergence.,local-trading/Hyperliquid scanner/_archive/hl_stage2/hl_live_copy_audit/ACCOUNT_VS_ENGINE_POSITION_DIFF_REPORT.txt,APPLIES,,Reproduce the historical trigger condition on testnet or recorded replay -> assert the failure cannot occur,"Exchange truth as above, or recorded-replay expected output computed without engine code",restart at each lifecycle point,,NOT_TESTED,,,,
INC-04,REGRESSION,Ledger rows unsupported by exchange,"Ledger positions the exchange does not support are flagged (LEDGER_UNSUPPORTED_BY_EXCHANGE), never shown as owned exposure.",local-trading/Hyperliquid scanner/_archive/hl_stage2/hl_live_copy_audit/ORPHAN_RECONCILE_READONLY_NOW.txt,APPLIES,,Reproduce the historical trigger condition on testnet or recorded replay -> assert the failure cannot occur,"Exchange truth as above, or recorded-replay expected output computed without engine code",restart at each lifecycle point,,NOT_TESTED,,,,
INC-05,REGRESSION,External and residual exposure categorised,External/unowned and residual account-level exposure are categorised and never adopted as copy sleeves.,local-trading/Hyperliquid scanner/_archive/hl_stage2/hl_live_copy_audit/overnight_babysitter_red_report.txt,APPLIES,,Reproduce the historical trigger condition on testnet or recorded replay -> assert the failure cannot occur,"Exchange truth as above, or recorded-replay expected output computed without engine code",restart at each lifecycle point,,NOT_TESTED,,,,
INC-06,REGRESSION,No duplicate live fills,Each cloid/oid maps to its fills exactly once; each post-restart oid has exactly one fill record.,local-trading/Hyperliquid scanner/_archive/hl_stage2/hl_live_copy_audit/overnight_babysitter_red_report.txt,APPLIES,,Reproduce the historical trigger condition on testnet or recorded replay -> assert the failure cannot occur,"Exchange truth as above, or recorded-replay expected output computed without engine code",restart at each lifecycle point,,NOT_TESTED,,,,
INC-07,REGRESSION,HIP-3 namespace consistent,"A HIP-3 symbol uses one namespace form (e.g. XYZ:BRENTOIL) across positions, prices, audit and UI.",local-trading/Hyperliquid scanner/_archive/hl_stage2/hl_live_copy_audit/full_exchange_audit_latest.md | local-trading/Hyperliquid scanner/_archive/hl_stage2/hl_live_copy_audit/BRENTOIL_PRICE_SOURCE_MISMATCH.txt,APPLIES,,Reproduce the historical trigger condition on testnet or recorded replay -> assert the failure cannot occur,"Exchange truth as above, or recorded-replay expected output computed without engine code",restart at each lifecycle point,,NOT_TESTED,,,,
INC-08,REGRESSION,HIP-3 price from its own book,"A HIP-3 market's price is read from that DEX's own book/mids, never from a same-named main-DEX market.",local-trading/Hyperliquid scanner/_archive/hl_stage2/hl_live_copy_audit/BRENTOIL_PRICE_SOURCE_MISMATCH.txt | local-trading/Hyperliquid scanner/_archive/hl_stage2/hl_live_copy_audit/BRENTOIL_MISMATCH_PROBE.txt,APPLIES_PROPOSED,,Reproduce the historical trigger condition on testnet or recorded replay -> assert the failure cannot occur,"Exchange truth as above, or recorded-replay expected output computed without engine code",restart at each lifecycle point,,NOT_TESTED,,,,"OD-01 ruled (Boss, 2026-10-09): OPEN/INCREASE/FLIP are priced from a fresh follower-market mid at most 5 s old; with no fresh mid no order is sent."
INC-09,REGRESSION,Unknown spot/asset meta fails closed,"A coin whose meta cannot be resolved (e.g. @230, @150) is refused and surfaced, never sent.",local-trading/Hyperliquid scanner/_archive/hl_stage2/hl_live_copy_audit/live_repair_resume_report.txt,APPLIES,,Reproduce the historical trigger condition on testnet or recorded replay -> assert the failure cannot occur,"Exchange truth as above, or recorded-replay expected output computed without engine code",restart at each lifecycle point,,NOT_TESTED,,,,
INC-10,REGRESSION,Unproven send is ACTIVE_RED,A send attempt that is not proven copied and reconciled is classified ACTIVE_RED and shown until resolved.,local-trading/Hyperliquid scanner/_archive/hl_stage2/hl_live_copy_audit/incident_20260518_active_red_attribution.json,APPLIES,,Reproduce the historical trigger condition on testnet or recorded replay -> assert the failure cannot occur,"Exchange truth as above, or recorded-replay expected output computed without engine code",restart at each lifecycle point,,NOT_TESTED,,,,
INC-11,HEALTH,Engine death is visible,"If the engine process is not running, the UI shows it; status cards never show OK while no engine process exists.",local-trading/Hyperliquid scanner/_archive/hl_stage2/hl_live_copy_audit/death_attribution_snapshot.json,APPLIES_PROPOSED,OD-20,"Induced condition (WS drop, stale truth, API error) -> engine state -> UI indicator within stated latency",Wall-clock timestamps of the induced fault versus the UI/status change,fault clears and indicator recovers | flapping,,NOT_TESTED,,,,
INC-12,REGRESSION,Minimum notional for every lifecycle,"Minimum notional applies to ENTRY/ADD/EXIT; sub-minimum exits are held as dust (DUST_BELOW_MIN_NOTIONAL) and surfaced, not silently dropped.",local-trading/Hyperliquid scanner/_archive/TRUTH_RESTORATION_SUMMARY.md | local-trading/Hyperliquid scanner/_archive/LIVE_MONEY_REVIEW_FINDINGS.md #6,APPLIES_PROPOSED,OD-09,Reproduce the historical trigger condition on testnet or recorded replay -> assert the failure cannot occur,"Exchange truth as above, or recorded-replay expected output computed without engine code",restart at each lifecycle point,,NOT_TESTED,,,,
INC-13,UI,Displayed target is the gated target,The UI never displays an ungated desired target the engine would refuse; a blocked target is shown as blocked with its reason.,local-trading/Hyperliquid scanner/LIVE WALLET TRADING/PHASE3B_PROPORTIONAL_SIZING_FIXED.md,APPLIES,,Engine/exchange truth at time T -> API endpoint payload -> rendered cell text at time T (DOM capture),Independent read of the same exchange/engine truth recomputed by a script that does not import HL_Copy_App_SSOT.py,source unavailable shows n/a/Unavailable not 0 | stale source flagged | API error surfaced,,NOT_TESTED,,,,
INC-14,UI,No false budget or decorative input,The UI shows no 'available capital' budget or editable allocation that governs nothing.,local-trading/hl-build4-final-closeout/proofs/build4_completion/F26H_UI_ALLOCATION_AUDIT.md,APPLIES_PROPOSED,OD-06,Engine/exchange truth at time T -> API endpoint payload -> rendered cell text at time T (DOM capture),Independent read of the same exchange/engine truth recomputed by a script that does not import HL_Copy_App_SSOT.py,source unavailable shows n/a/Unavailable not 0 | stale source flagged | API error surfaced,,NOT_TESTED,,,,
INC-15,UI,Close-only with open exposure is visible,"When a wallet is CLOSE_ONLY with an open sleeve, the UI shows the remaining exposure and how it will close.",local-trading/Hyperliquid scanner/LIVE WALLET TRADING/reports/codex_product_closure_20260716_001233/UI_CONTROL_MATRIX.json,APPLIES_PROPOSED,OD-25,Engine/exchange truth at time T -> API endpoint payload -> rendered cell text at time T (DOM capture),Independent read of the same exchange/engine truth recomputed by a script that does not import HL_Copy_App_SSOT.py,source unavailable shows n/a/Unavailable not 0 | stale source flagged | API error surfaced,,NOT_TESTED,,,,
INC-16,UI,Metric source and freshness shown,Wallet metrics show whether they are MTM or realised and how fresh they are; a degraded source is visibly flagged.,local-trading/Hyperliquid scanner/_archive/HYPERLIQUID_FAILURE_ANALYSIS.md #2 #6 | local-trading/Hyperliquid scanner/_archive/LIVE_MONEY_REVIEW_FINDINGS.md,APPLIES_PROPOSED,OD-18,Engine/exchange truth at time T -> API endpoint payload -> rendered cell text at time T (DOM capture),Independent read of the same exchange/engine truth recomputed by a script that does not import HL_Copy_App_SSOT.py,source unavailable shows n/a/Unavailable not 0 | stale source flagged | API error surfaced,,NOT_TESTED,,,,
INC-17,UI,PnL fee basis labelled,PnL is shown net of fees or labelled gross.,local-trading/Hyperliquid scanner/_archive/LIVE_MONEY_REVIEW_FINDINGS.md #3,APPLIES_PROPOSED,OD-18,Engine/exchange truth at time T -> API endpoint payload -> rendered cell text at time T (DOM capture),Independent read of the same exchange/engine truth recomputed by a script that does not import HL_Copy_App_SSOT.py,source unavailable shows n/a/Unavailable not 0 | stale source flagged | API error surfaced,,NOT_TESTED,,,,
INC-18,LIFECYCLE,Operator control resolves to the running release,"The operator's start/stop/status entry point resolves to the release actually running, and fails closed if it cannot.",local-trading/hl-build4-final-closeout/proofs/build4_completion/FINDING_P1_OPERATOR_LAUNCHER_POINTER_BROKEN.md,APPLIES_PROPOSED,OD-12,Operator command -> process table / PID / lock -> engine status endpoint -> exchange shows zero unintended orders,"OS process list, port bindings, exchange open orders/fills during the transition window",second start attempt | crash mid-transition | stale lock/PID | config from previous version,,NOT_TESTED,,,,
UI-FP-001,UI,Header / Safety: Wallets header,Shows tracked_wallet_count from live_config.json/live_ws_health.json/live_audit_summary as count(live_config.wallets) / 10 (provenance LIVE_SERVICE_STATE; rows HEADER; can affect send: NO; execution truth: NO).,local-trading/Hyperliquid scanner/_archive/hl_stage2/acceptance_reports/dashboard_field_proof_20260511_124846.csv,APPLIES,,Engine/exchange truth at time T -> API endpoint payload -> rendered cell text at time T (DOM capture),Independent read of the same exchange/engine truth recomputed by a script that does not import HL_Copy_App_SSOT.py,source unavailable shows n/a/Unavailable not 0 | stale source flagged | API error surfaced,2026-05-11 field proof: PASS,NOT_TESTED,,,,"Field-level baseline; may overlap UI-LCC-*/UI-SSOT-* cells. OD-21 decided: certify against the 13 May UI. Elements named only in the 11 May proof (lcCoreChip, lcWsChip, lcStatsBanner, ACCOUNT-LEVEL ORPHAN section) are absent from the 13 May file; the field must be found by its data, not its element id."
UI-FP-002,UI,Header / Safety: LIVE mode count,Shows live_config.wallets[].mode from live_config.json/live_ws_health.json/live_audit_summary as count mode == LIVE (provenance APP_DERIVED; rows HEADER; can affect send: NO; execution truth: NO).,local-trading/Hyperliquid scanner/_archive/hl_stage2/acceptance_reports/dashboard_field_proof_20260511_124846.csv,APPLIES,,Engine/exchange truth at time T -> API endpoint payload -> rendered cell text at time T (DOM capture),Independent read of the same exchange/engine truth recomputed by a script that does not import HL_Copy_App_SSOT.py,source unavailable shows n/a/Unavailable not 0 | stale source flagged | API error surfaced,2026-05-11 field proof: PASS,NOT_TESTED,,,,"Field-level baseline; may overlap UI-LCC-*/UI-SSOT-* cells. OD-21 decided: certify against the 13 May UI. Elements named only in the 11 May proof (lcCoreChip, lcWsChip, lcStatsBanner, ACCOUNT-LEVEL ORPHAN section) are absent from the 13 May file; the field must be found by its data, not its element id."
UI-FP-003,UI,Header / Safety: CLO mode count,Shows live_config.wallets[].mode from live_config.json/live_ws_health.json/live_audit_summary as count mode == CLO (provenance APP_DERIVED; rows HEADER; can affect send: NO; execution truth: NO).,local-trading/Hyperliquid scanner/_archive/hl_stage2/acceptance_reports/dashboard_field_proof_20260511_124846.csv,APPLIES,,Engine/exchange truth at time T -> API endpoint payload -> rendered cell text at time T (DOM capture),Independent read of the same exchange/engine truth recomputed by a script that does not import HL_Copy_App_SSOT.py,source unavailable shows n/a/Unavailable not 0 | stale source flagged | API error surfaced,2026-05-11 field proof: PASS,NOT_TESTED,,,,"Field-level baseline; may overlap UI-LCC-*/UI-SSOT-* cells. OD-21 decided: certify against the 13 May UI. Elements named only in the 11 May proof (lcCoreChip, lcWsChip, lcStatsBanner, ACCOUNT-LEVEL ORPHAN section) are absent from the 13 May file; the field must be found by its data, not its element id."
UI-FP-004,UI,Header / Safety: OFF mode count,Shows live_config.wallets[].mode from live_config.json/live_ws_health.json/live_audit_summary as count mode == OFF (provenance APP_DERIVED; rows HEADER; can affect send: NO; execution truth: NO).,local-trading/Hyperliquid scanner/_archive/hl_stage2/acceptance_reports/dashboard_field_proof_20260511_124846.csv,APPLIES,,Engine/exchange truth at time T -> API endpoint payload -> rendered cell text at time T (DOM capture),Independent read of the same exchange/engine truth recomputed by a script that does not import HL_Copy_App_SSOT.py,source unavailable shows n/a/Unavailable not 0 | stale source flagged | API error surfaced,2026-05-11 field proof: PASS,NOT_TESTED,,,,"Field-level baseline; may overlap UI-LCC-*/UI-SSOT-* cells. OD-21 decided: certify against the 13 May UI. Elements named only in the 11 May proof (lcCoreChip, lcWsChip, lcStatsBanner, ACCOUNT-LEVEL ORPHAN section) are absent from the 13 May file; the field must be found by its data, not its element id."
UI-FP-005,UI,Header / Safety: Real order sending header,Shows auto_live_wallet_count from live_config.json/live_ws_health.json/live_audit_summary as ON iff auto_live_wallet_count > 0 (provenance APP_DERIVED; rows HEADER; can affect send: NO; execution truth: NO).,local-trading/Hyperliquid scanner/_archive/hl_stage2/acceptance_reports/dashboard_field_proof_20260511_124846.csv,APPLIES,,Engine/exchange truth at time T -> API endpoint payload -> rendered cell text at time T (DOM capture),Independent read of the same exchange/engine truth recomputed by a script that does not import HL_Copy_App_SSOT.py,source unavailable shows n/a/Unavailable not 0 | stale source flagged | API error surfaced,2026-05-11 field proof: PASS,NOT_TESTED,,,,"Field-level baseline; may overlap UI-LCC-*/UI-SSOT-* cells. OD-21 decided: certify against the 13 May UI. Elements named only in the 11 May proof (lcCoreChip, lcWsChip, lcStatsBanner, ACCOUNT-LEVEL ORPHAN section) are absent from the 13 May file; the field must be found by its data, not its element id."
UI-FP-006,UI,Header / Safety: WS header,Shows live_ws_health.overall from live_config.json/live_ws_health.json/live_audit_summary as overall WS health label (provenance LIVE_SERVICE_STATE; rows HEADER; can affect send: NO; execution truth: NO).,local-trading/Hyperliquid scanner/_archive/hl_stage2/acceptance_reports/dashboard_field_proof_20260511_124846.csv,APPLIES,,Engine/exchange truth at time T -> API endpoint payload -> rendered cell text at time T (DOM capture),Independent read of the same exchange/engine truth recomputed by a script that does not import HL_Copy_App_SSOT.py,source unavailable shows n/a/Unavailable not 0 | stale source flagged | API error surfaced,2026-05-11 field proof: PASS,NOT_TESTED,,,,"Field-level baseline; may overlap UI-LCC-*/UI-SSOT-* cells. OD-21 decided: certify against the 13 May UI. Elements named only in the 11 May proof (lcCoreChip, lcWsChip, lcStatsBanner, ACCOUNT-LEVEL ORPHAN section) are absent from the 13 May file; the field must be found by its data, not its element id."
UI-FP-007,UI,Header / Safety: REAL ORDERS safety strip,Shows execution_quality_rows.status from live_config.json/live_ws_health.json/live_audit_summary as SERVICE ACTIVE iff any ORDER_FILLED (provenance APP_DERIVED; rows HEADER; can affect send: NO; execution truth: NO).,local-trading/Hyperliquid scanner/_archive/hl_stage2/acceptance_reports/dashboard_field_proof_20260511_124846.csv,APPLIES,,Engine/exchange truth at time T -> API endpoint payload -> rendered cell text at time T (DOM capture),Independent read of the same exchange/engine truth recomputed by a script that does not import HL_Copy_App_SSOT.py,source unavailable shows n/a/Unavailable not 0 | stale source flagged | API error surfaced,2026-05-11 field proof: PASS,NOT_TESTED,,,,"Field-level baseline; may overlap UI-LCC-*/UI-SSOT-* cells. OD-21 decided: certify against the 13 May UI. Elements named only in the 11 May proof (lcCoreChip, lcWsChip, lcStatsBanner, ACCOUNT-LEVEL ORPHAN section) are absent from the 13 May file; the field must be found by its data, not its element id."
UI-FP-008,UI,Header / Safety: Restart caveat,Shows static_text from live_config.json/live_ws_health.json/live_audit_summary as static warning (provenance UI_STATE; rows HEADER; can affect send: NO; execution truth: NO).,local-trading/Hyperliquid scanner/_archive/hl_stage2/acceptance_reports/dashboard_field_proof_20260511_124846.csv,APPLIES,,Engine/exchange truth at time T -> API endpoint payload -> rendered cell text at time T (DOM capture),Independent read of the same exchange/engine truth recomputed by a script that does not import HL_Copy_App_SSOT.py,source unavailable shows n/a/Unavailable not 0 | stale source flagged | API error surfaced,2026-05-11 field proof: PASS,NOT_TESTED,,,,"Field-level baseline; may overlap UI-LCC-*/UI-SSOT-* cells. OD-21 decided: certify against the 13 May UI. Elements named only in the 11 May proof (lcCoreChip, lcWsChip, lcStatsBanner, ACCOUNT-LEVEL ORPHAN section) are absent from the 13 May file; the field must be found by its data, not its element id."
UI-FP-009,UI,Live Copy Status cards: LIVE INTEGRITY,Shows live_top_status.integrity_status from live_integrity_status.json/live_service_state.json/append_only/*.csv as status from live_integrity_status.json (provenance LIVE_SERVICE_STATE; rows HEADER; can affect send: NO; execution truth: NO).,local-trading/Hyperliquid scanner/_archive/hl_stage2/acceptance_reports/dashboard_field_proof_20260511_124846.csv,APPLIES,,Engine/exchange truth at time T -> API endpoint payload -> rendered cell text at time T (DOM capture),Independent read of the same exchange/engine truth recomputed by a script that does not import HL_Copy_App_SSOT.py,source unavailable shows n/a/Unavailable not 0 | stale source flagged | API error surfaced,2026-05-11 field proof: PASS,NOT_TESTED,,,,"Field-level baseline; may overlap UI-LCC-*/UI-SSOT-* cells. OD-21 decided: certify against the 13 May UI. Elements named only in the 11 May proof (lcCoreChip, lcWsChip, lcStatsBanner, ACCOUNT-LEVEL ORPHAN section) are absent from the 13 May file; the field must be found by its data, not its element id."
UI-FP-010,UI,Live Copy Status cards: WS status,Shows live_top_status.ws_status from live_integrity_status.json/live_service_state.json/append_only/*.csv as service ws_status (provenance LIVE_SERVICE_STATE; rows HEADER; can affect send: NO; execution truth: NO).,local-trading/Hyperliquid scanner/_archive/hl_stage2/acceptance_reports/dashboard_field_proof_20260511_124846.csv,APPLIES,,Engine/exchange truth at time T -> API endpoint payload -> rendered cell text at time T (DOM capture),Independent read of the same exchange/engine truth recomputed by a script that does not import HL_Copy_App_SSOT.py,source unavailable shows n/a/Unavailable not 0 | stale source flagged | API error surfaced,2026-05-11 field proof: PASS,NOT_TESTED,,,,"Field-level baseline; may overlap UI-LCC-*/UI-SSOT-* cells. OD-21 decided: certify against the 13 May UI. Elements named only in the 11 May proof (lcCoreChip, lcWsChip, lcStatsBanner, ACCOUNT-LEVEL ORPHAN section) are absent from the 13 May file; the field must be found by its data, not its element id."
UI-FP-011,UI,Live Copy Status cards: Copy Poll,Shows live_top_status.copy_poll_status from live_integrity_status.json/live_service_state.json/append_only/*.csv as service copy_account_status (provenance LIVE_SERVICE_STATE; rows HEADER; can affect send: NO; execution truth: NO).,local-trading/Hyperliquid scanner/_archive/hl_stage2/acceptance_reports/dashboard_field_proof_20260511_124846.csv,APPLIES,,Engine/exchange truth at time T -> API endpoint payload -> rendered cell text at time T (DOM capture),Independent read of the same exchange/engine truth recomputed by a script that does not import HL_Copy_App_SSOT.py,source unavailable shows n/a/Unavailable not 0 | stale source flagged | API error surfaced,2026-05-11 field proof: PASS,NOT_TESTED,,,,"Field-level baseline; may overlap UI-LCC-*/UI-SSOT-* cells. OD-21 decided: certify against the 13 May UI. Elements named only in the 11 May proof (lcCoreChip, lcWsChip, lcStatsBanner, ACCOUNT-LEVEL ORPHAN section) are absent from the 13 May file; the field must be found by its data, not its element id."
UI-FP-012,UI,Live Copy Status cards: MASTER REAL ORDERS,Shows live_top_status.master_real_orders from live_integrity_status.json/live_service_state.json/append_only/*.csv as master real order switch (provenance LIVE_SERVICE_STATE; rows HEADER; can affect send: NO; execution truth: YES).,local-trading/Hyperliquid scanner/_archive/hl_stage2/acceptance_reports/dashboard_field_proof_20260511_124846.csv,APPLIES,,Engine/exchange truth at time T -> API endpoint payload -> rendered cell text at time T (DOM capture),Independent read of the same exchange/engine truth recomputed by a script that does not import HL_Copy_App_SSOT.py,source unavailable shows n/a/Unavailable not 0 | stale source flagged | API error surfaced,2026-05-11 field proof: PASS,NOT_TESTED,,,,"Field-level baseline; may overlap UI-LCC-*/UI-SSOT-* cells. OD-21 decided: certify against the 13 May UI. Elements named only in the 11 May proof (lcCoreChip, lcWsChip, lcStatsBanner, ACCOUNT-LEVEL ORPHAN section) are absent from the 13 May file; the field must be found by its data, not its element id."
UI-FP-013,UI,Live Copy Status cards: Active/subscribed wallets,Shows live_top_status.active_wallets/subscribed_wallets from live_integrity_status.json/live_service_state.json/append_only/*.csv as active wallet count / subscribed count (provenance LIVE_SERVICE_STATE; rows HEADER; can affect send: NO; execution truth: NO).,local-trading/Hyperliquid scanner/_archive/hl_stage2/acceptance_reports/dashboard_field_proof_20260511_124846.csv,APPLIES,,Engine/exchange truth at time T -> API endpoint payload -> rendered cell text at time T (DOM capture),Independent read of the same exchange/engine truth recomputed by a script that does not import HL_Copy_App_SSOT.py,source unavailable shows n/a/Unavailable not 0 | stale source flagged | API error surfaced,2026-05-11 field proof: PASS,NOT_TESTED,,,,"Field-level baseline; may overlap UI-LCC-*/UI-SSOT-* cells. OD-21 decided: certify against the 13 May UI. Elements named only in the 11 May proof (lcCoreChip, lcWsChip, lcStatsBanner, ACCOUNT-LEVEL ORPHAN section) are absent from the 13 May file; the field must be found by its data, not its element id."
UI-FP-014,UI,Live Copy Status cards: Last send,Shows live_top_status.last_send from live_integrity_status.json/live_service_state.json/append_only/*.csv as latest send_attempt row (provenance ENGINE_TRUTH; rows HEADER; can affect send: NO; execution truth: YES).,local-trading/Hyperliquid scanner/_archive/hl_stage2/acceptance_reports/dashboard_field_proof_20260511_124846.csv,APPLIES,,Engine/exchange truth at time T -> API endpoint payload -> rendered cell text at time T (DOM capture),Independent read of the same exchange/engine truth recomputed by a script that does not import HL_Copy_App_SSOT.py,source unavailable shows n/a/Unavailable not 0 | stale source flagged | API error surfaced,2026-05-11 field proof: PASS,NOT_TESTED,,,,"Field-level baseline; may overlap UI-LCC-*/UI-SSOT-* cells. OD-21 decided: certify against the 13 May UI. Elements named only in the 11 May proof (lcCoreChip, lcWsChip, lcStatsBanner, ACCOUNT-LEVEL ORPHAN section) are absent from the 13 May file; the field must be found by its data, not its element id."
UI-FP-015,UI,Live Copy Status cards: Last fill,Shows live_top_status.last_fill from live_integrity_status.json/live_service_state.json/append_only/*.csv as latest live_fill row (provenance MANUAL_LEDGER; rows HEADER; can affect send: NO; execution truth: NO).,local-trading/Hyperliquid scanner/_archive/hl_stage2/acceptance_reports/dashboard_field_proof_20260511_124846.csv,APPLIES,,Engine/exchange truth at time T -> API endpoint payload -> rendered cell text at time T (DOM capture),Independent read of the same exchange/engine truth recomputed by a script that does not import HL_Copy_App_SSOT.py,source unavailable shows n/a/Unavailable not 0 | stale source flagged | API error surfaced,2026-05-11 field proof: PASS,NOT_TESTED,,,,"Field-level baseline; may overlap UI-LCC-*/UI-SSOT-* cells. OD-21 decided: certify against the 13 May UI. Elements named only in the 11 May proof (lcCoreChip, lcWsChip, lcStatsBanner, ACCOUNT-LEVEL ORPHAN section) are absent from the 13 May file; the field must be found by its data, not its element id."
UI-FP-016,UI,Live Copy Status cards: Last reject,Shows live_top_status.last_reject from live_integrity_status.json/live_service_state.json/append_only/*.csv as latest rejected send_attempt row (provenance ENGINE_TRUTH; rows HEADER; can affect send: NO; execution truth: YES).,local-trading/Hyperliquid scanner/_archive/hl_stage2/acceptance_reports/dashboard_field_proof_20260511_124846.csv,APPLIES,,Engine/exchange truth at time T -> API endpoint payload -> rendered cell text at time T (DOM capture),Independent read of the same exchange/engine truth recomputed by a script that does not import HL_Copy_App_SSOT.py,source unavailable shows n/a/Unavailable not 0 | stale source flagged | API error surfaced,2026-05-11 field proof: PASS,NOT_TESTED,,,,"Field-level baseline; may overlap UI-LCC-*/UI-SSOT-* cells. OD-21 decided: certify against the 13 May UI. Elements named only in the 11 May proof (lcCoreChip, lcWsChip, lcStatsBanner, ACCOUNT-LEVEL ORPHAN section) are absent from the 13 May file; the field must be found by its data, not its element id."
UI-FP-017,UI,Live Copy Status cards: Last latency warning,Shows live_top_status.last_latency_warning from live_integrity_status.json/live_service_state.json/append_only/*.csv as latest SEND_LATENCY_WARN reconciliation row (provenance ENGINE_TRUTH; rows HEADER; can affect send: NO; execution truth: NO).,local-trading/Hyperliquid scanner/_archive/hl_stage2/acceptance_reports/dashboard_field_proof_20260511_124846.csv,APPLIES,,Engine/exchange truth at time T -> API endpoint payload -> rendered cell text at time T (DOM capture),Independent read of the same exchange/engine truth recomputed by a script that does not import HL_Copy_App_SSOT.py,source unavailable shows n/a/Unavailable not 0 | stale source flagged | API error surfaced,2026-05-11 field proof: PASS,NOT_TESTED,,,,"Field-level baseline; may overlap UI-LCC-*/UI-SSOT-* cells. OD-21 decided: certify against the 13 May UI. Elements named only in the 11 May proof (lcCoreChip, lcWsChip, lcStatsBanner, ACCOUNT-LEVEL ORPHAN section) are absent from the 13 May file; the field must be found by its data, not its element id."
UI-FP-018,UI,Real Account cards: Portfolio Value,Shows exchange_account_snapshot.unified_portfolio_value from exchange_account_snapshot.json/manual_live_positions.json/append_only/send_attempts.csv as exchange unified portfolio value (provenance EXCHANGE_ACCOUNT; rows HEADER; can affect send: NO; execution truth: NO).,local-trading/Hyperliquid scanner/_archive/hl_stage2/acceptance_reports/dashboard_field_proof_20260511_124846.csv,APPLIES,,Engine/exchange truth at time T -> API endpoint payload -> rendered cell text at time T (DOM capture),Independent read of the same exchange/engine truth recomputed by a script that does not import HL_Copy_App_SSOT.py,source unavailable shows n/a/Unavailable not 0 | stale source flagged | API error surfaced,2026-05-11 field proof: PASS,NOT_TESTED,,,,"Field-level baseline; may overlap UI-LCC-*/UI-SSOT-* cells. OD-21 decided: certify against the 13 May UI. Elements named only in the 11 May proof (lcCoreChip, lcWsChip, lcStatsBanner, ACCOUNT-LEVEL ORPHAN section) are absent from the 13 May file; the field must be found by its data, not its element id."
UI-FP-019,UI,Real Account cards: Unrealized PnL,Shows exchange_account_snapshot.unrealized_pnl from exchange_account_snapshot.json/manual_live_positions.json/append_only/send_attempts.csv as sum(assetPositions.position.unrealizedPnl) (provenance EXCHANGE_ACCOUNT; rows HEADER; can affect send: NO; execution truth: NO).,local-trading/Hyperliquid scanner/_archive/hl_stage2/acceptance_reports/dashboard_field_proof_20260511_124846.csv,APPLIES,,Engine/exchange truth at time T -> API endpoint payload -> rendered cell text at time T (DOM capture),Independent read of the same exchange/engine truth recomputed by a script that does not import HL_Copy_App_SSOT.py,source unavailable shows n/a/Unavailable not 0 | stale source flagged | API error surfaced,2026-05-11 field proof: PASS,NOT_TESTED,,,,"Field-level baseline; may overlap UI-LCC-*/UI-SSOT-* cells. OD-21 decided: certify against the 13 May UI. Elements named only in the 11 May proof (lcCoreChip, lcWsChip, lcStatsBanner, ACCOUNT-LEVEL ORPHAN section) are absent from the 13 May file; the field must be found by its data, not its element id."
UI-FP-020,UI,Real Account cards: Realized PnL,Shows exchange_account_snapshot.realized_pnl_selected from exchange_account_snapshot.json/manual_live_positions.json/append_only/send_attempts.csv as sum actual user closedPnl for selected window (provenance EXCHANGE_ACCOUNT; rows HEADER; can affect send: NO; execution truth: NO).,local-trading/Hyperliquid scanner/_archive/hl_stage2/acceptance_reports/dashboard_field_proof_20260511_124846.csv,APPLIES,,Engine/exchange truth at time T -> API endpoint payload -> rendered cell text at time T (DOM capture),Independent read of the same exchange/engine truth recomputed by a script that does not import HL_Copy_App_SSOT.py,source unavailable shows n/a/Unavailable not 0 | stale source flagged | API error surfaced,2026-05-11 field proof: PASS,NOT_TESTED,,,,"Field-level baseline; may overlap UI-LCC-*/UI-SSOT-* cells. OD-21 decided: certify against the 13 May UI. Elements named only in the 11 May proof (lcCoreChip, lcWsChip, lcStatsBanner, ACCOUNT-LEVEL ORPHAN section) are absent from the 13 May file; the field must be found by its data, not its element id."
UI-FP-021,UI,Real Account cards: Open Positions,Shows exchange_account_snapshot.open_positions from exchange_account_snapshot.json/manual_live_positions.json/append_only/send_attempts.csv as count exchange open positions (provenance EXCHANGE_ACCOUNT; rows HEADER; can affect send: NO; execution truth: NO).,local-trading/Hyperliquid scanner/_archive/hl_stage2/acceptance_reports/dashboard_field_proof_20260511_124846.csv,APPLIES,,Engine/exchange truth at time T -> API endpoint payload -> rendered cell text at time T (DOM capture),Independent read of the same exchange/engine truth recomputed by a script that does not import HL_Copy_App_SSOT.py,source unavailable shows n/a/Unavailable not 0 | stale source flagged | API error surfaced,2026-05-11 field proof: PASS,NOT_TESTED,,,,"Field-level baseline; may overlap UI-LCC-*/UI-SSOT-* cells. OD-21 decided: certify against the 13 May UI. Elements named only in the 11 May proof (lcCoreChip, lcWsChip, lcStatsBanner, ACCOUNT-LEVEL ORPHAN section) are absent from the 13 May file; the field must be found by its data, not its element id."
UI-FP-022,UI,Real Account cards: Live Exposure,Shows manual_live_summary.manual_live_exposure_estimate from exchange_account_snapshot.json/manual_live_positions.json/append_only/send_attempts.csv as sum manual sleeves abs(size)*price estimate (provenance MANUAL_LEDGER; rows HEADER; can affect send: NO; execution truth: NO).,local-trading/Hyperliquid scanner/_archive/hl_stage2/acceptance_reports/dashboard_field_proof_20260511_124846.csv,APPLIES,,Engine/exchange truth at time T -> API endpoint payload -> rendered cell text at time T (DOM capture),Independent read of the same exchange/engine truth recomputed by a script that does not import HL_Copy_App_SSOT.py,source unavailable shows n/a/Unavailable not 0 | stale source flagged | API error surfaced,2026-05-11 field proof: PASS,NOT_TESTED,,,,"Field-level baseline; may overlap UI-LCC-*/UI-SSOT-* cells. OD-21 decided: certify against the 13 May UI. Elements named only in the 11 May proof (lcCoreChip, lcWsChip, lcStatsBanner, ACCOUNT-LEVEL ORPHAN section) are absent from the 13 May file; the field must be found by its data, not its element id."
UI-FP-023,UI,Real Account cards: Last Fill,Shows manual_live_summary.last_filled_manual_order from exchange_account_snapshot.json/manual_live_positions.json/append_only/send_attempts.csv as latest ORDER_FILLED send_attempt (provenance ENGINE_TRUTH; rows HEADER; can affect send: NO; execution truth: NO).,local-trading/Hyperliquid scanner/_archive/hl_stage2/acceptance_reports/dashboard_field_proof_20260511_124846.csv,APPLIES,,Engine/exchange truth at time T -> API endpoint payload -> rendered cell text at time T (DOM capture),Independent read of the same exchange/engine truth recomputed by a script that does not import HL_Copy_App_SSOT.py,source unavailable shows n/a/Unavailable not 0 | stale source flagged | API error surfaced,2026-05-11 field proof: PASS,NOT_TESTED,,,,"Field-level baseline; may overlap UI-LCC-*/UI-SSOT-* cells. OD-21 decided: certify against the 13 May UI. Elements named only in the 11 May proof (lcCoreChip, lcWsChip, lcStatsBanner, ACCOUNT-LEVEL ORPHAN section) are absent from the 13 May file; the field must be found by its data, not its element id."
UI-FP-024,UI,Real Account cards: Last Reject,Shows manual_live_summary.last_rejected_manual_order from exchange_account_snapshot.json/manual_live_positions.json/append_only/send_attempts.csv as latest rejected send_attempt (provenance ENGINE_TRUTH; rows HEADER; can affect send: NO; execution truth: NO).,local-trading/Hyperliquid scanner/_archive/hl_stage2/acceptance_reports/dashboard_field_proof_20260511_124846.csv,APPLIES,,Engine/exchange truth at time T -> API endpoint payload -> rendered cell text at time T (DOM capture),Independent read of the same exchange/engine truth recomputed by a script that does not import HL_Copy_App_SSOT.py,source unavailable shows n/a/Unavailable not 0 | stale source flagged | API error surfaced,2026-05-11 field proof: PASS,NOT_TESTED,,,,"Field-level baseline; may overlap UI-LCC-*/UI-SSOT-* cells. OD-21 decided: certify against the 13 May UI. Elements named only in the 11 May proof (lcCoreChip, lcWsChip, lcStatsBanner, ACCOUNT-LEVEL ORPHAN section) are absent from the 13 May file; the field must be found by its data, not its element id."
UI-FP-025,UI,Graph: Account graph total PnL,Shows exchange_account_history[].unified_portfolio_value from exchange_account_history.json as point.value = unified_portfolio_value - first_visible_unified_portfolio_value (provenance EXCHANGE_ACCOUNT; rows GRAPH; can affect send: NO; execution truth: NO).,local-trading/Hyperliquid scanner/_archive/hl_stage2/acceptance_reports/dashboard_field_proof_20260511_124846.csv,APPLIES,,Engine/exchange truth at time T -> API endpoint payload -> rendered cell text at time T (DOM capture),Independent read of the same exchange/engine truth recomputed by a script that does not import HL_Copy_App_SSOT.py,source unavailable shows n/a/Unavailable not 0 | stale source flagged | API error surfaced,2026-05-11 field proof: PASS,NOT_TESTED,,,,"Field-level baseline; may overlap UI-LCC-*/UI-SSOT-* cells. OD-21 decided: certify against the 13 May UI. Elements named only in the 11 May proof (lcCoreChip, lcWsChip, lcStatsBanner, ACCOUNT-LEVEL ORPHAN section) are absent from the 13 May file; the field must be found by its data, not its element id."
UI-FP-026,UI,Graph: Account graph realized PnL,Shows closedPnl cumulative over selected range minus baseline from live_graph.realized_pnl_points as EXCHANGE_ACCOUNT (provenance GRAPH; rows HEADER; can affect send: NO; execution truth: NO).,local-trading/Hyperliquid scanner/_archive/hl_stage2/acceptance_reports/dashboard_field_proof_20260511_124846.csv,APPLIES,,Engine/exchange truth at time T -> API endpoint payload -> rendered cell text at time T (DOM capture),Independent read of the same exchange/engine truth recomputed by a script that does not import HL_Copy_App_SSOT.py,source unavailable shows n/a/Unavailable not 0 | stale source flagged | API error surfaced,2026-05-11 field proof: PASS,NOT_TESTED,,,,"Field-level baseline; may overlap UI-LCC-*/UI-SSOT-* cells. OD-21 decided: certify against the 13 May UI. Elements named only in the 11 May proof (lcCoreChip, lcWsChip, lcStatsBanner, ACCOUNT-LEVEL ORPHAN section) are absent from the 13 May file; the field must be found by its data, not its element id."
UI-FP-027,UI,Graph: Account graph drawdown,Shows derived from account_points from exchange_account_history.json as drawdown = value - running_peak(value) (provenance APP_DERIVED; rows GRAPH; can affect send: NO; execution truth: NO).,local-trading/Hyperliquid scanner/_archive/hl_stage2/acceptance_reports/dashboard_field_proof_20260511_124846.csv,APPLIES,,Engine/exchange truth at time T -> API endpoint payload -> rendered cell text at time T (DOM capture),Independent read of the same exchange/engine truth recomputed by a script that does not import HL_Copy_App_SSOT.py,source unavailable shows n/a/Unavailable not 0 | stale source flagged | API error surfaced,2026-05-11 field proof: PASS,NOT_TESTED,,,,"Field-level baseline; may overlap UI-LCC-*/UI-SSOT-* cells. OD-21 decided: certify against the 13 May UI. Elements named only in the 11 May proof (lcCoreChip, lcWsChip, lcStatsBanner, ACCOUNT-LEVEL ORPHAN section) are absent from the 13 May file; the field must be found by its data, not its element id."
UI-FP-028,UI,Graph: Selected wallet PnL graph,Shows selected wallet pnl_series from live_leader_performance[wallet].pnl_series as APP_DERIVED (provenance GRAPH; rows HEADER; can affect send: NO; execution truth: NO).,local-trading/Hyperliquid scanner/_archive/hl_stage2/acceptance_reports/dashboard_field_proof_20260511_124846.csv,APPLIES,,Engine/exchange truth at time T -> API endpoint payload -> rendered cell text at time T (DOM capture),Independent read of the same exchange/engine truth recomputed by a script that does not import HL_Copy_App_SSOT.py,source unavailable shows n/a/Unavailable not 0 | stale source flagged | API error surfaced,2026-05-11 field proof: FAIL (visible graph mode exists but _build_live_leader_performance currently emits empty pnl_series),NOT_TESTED,,,,"Field-level baseline; may overlap UI-LCC-*/UI-SSOT-* cells. OD-21 decided: certify against the 13 May UI. Elements named only in the 11 May proof (lcCoreChip, lcWsChip, lcStatsBanner, ACCOUNT-LEVEL ORPHAN section) are absent from the 13 May file; the field must be found by its data, not its element id."
UI-FP-029,UI,Graph: Selected wallet exposure graph,Shows selected wallet current_exposure points from live_leader_performance[wallet].exposure_series as MANUAL_LEDGER (provenance GRAPH; rows HEADER; can affect send: NO; execution truth: NO).,local-trading/Hyperliquid scanner/_archive/hl_stage2/acceptance_reports/dashboard_field_proof_20260511_124846.csv,APPLIES,,Engine/exchange truth at time T -> API endpoint payload -> rendered cell text at time T (DOM capture),Independent read of the same exchange/engine truth recomputed by a script that does not import HL_Copy_App_SSOT.py,source unavailable shows n/a/Unavailable not 0 | stale source flagged | API error surfaced,2026-05-11 field proof: PASS,NOT_TESTED,,,,"Field-level baseline; may overlap UI-LCC-*/UI-SSOT-* cells. OD-21 decided: certify against the 13 May UI. Elements named only in the 11 May proof (lcCoreChip, lcWsChip, lcStatsBanner, ACCOUNT-LEVEL ORPHAN section) are absent from the 13 May file; the field must be found by its data, not its element id."
UI-FP-030,UI,Graph controls: Graph range controls,Shows lcGraphScale/start/end from UI state only as filters points by selected time range (provenance UI_STATE; rows CONTROL; can affect send: NO; execution truth: NO).,local-trading/Hyperliquid scanner/_archive/hl_stage2/acceptance_reports/dashboard_field_proof_20260511_124846.csv,APPLIES,,Engine/exchange truth at time T -> API endpoint payload -> rendered cell text at time T (DOM capture),Independent read of the same exchange/engine truth recomputed by a script that does not import HL_Copy_App_SSOT.py,source unavailable shows n/a/Unavailable not 0 | stale source flagged | API error surfaced,2026-05-11 field proof: PASS,NOT_TESTED,,,,"Field-level baseline; may overlap UI-LCC-*/UI-SSOT-* cells. OD-21 decided: certify against the 13 May UI. Elements named only in the 11 May proof (lcCoreChip, lcWsChip, lcStatsBanner, ACCOUNT-LEVEL ORPHAN section) are absent from the 13 May file; the field must be found by its data, not its element id."
UI-FP-031,UI,Live Copy Wallets row: Wallet,Shows wallet from live_config.json/manual_live_positions.json/append_only/send_attempts.csv/live_ws_health.json as shortWallet(live_config wallet key) (provenance LIVE_SERVICE_STATE; rows OWNED_COPY; can affect send: NO; execution truth: NO).,local-trading/Hyperliquid scanner/_archive/hl_stage2/acceptance_reports/dashboard_field_proof_20260511_124846.csv,APPLIES,,Engine/exchange truth at time T -> API endpoint payload -> rendered cell text at time T (DOM capture),Independent read of the same exchange/engine truth recomputed by a script that does not import HL_Copy_App_SSOT.py,source unavailable shows n/a/Unavailable not 0 | stale source flagged | API error surfaced,2026-05-11 field proof: PASS,NOT_TESTED,,,,"Field-level baseline; may overlap UI-LCC-*/UI-SSOT-* cells. OD-21 decided: certify against the 13 May UI. Elements named only in the 11 May proof (lcCoreChip, lcWsChip, lcStatsBanner, ACCOUNT-LEVEL ORPHAN section) are absent from the 13 May file; the field must be found by its data, not its element id."
UI-FP-032,UI,Live Copy Wallets row: Mode,Shows mode from live_config.json/manual_live_positions.json/append_only/send_attempts.csv/live_ws_health.json as normalized live_config mode (provenance LIVE_SERVICE_STATE; rows OWNED_COPY; can affect send: NO; execution truth: NO).,local-trading/Hyperliquid scanner/_archive/hl_stage2/acceptance_reports/dashboard_field_proof_20260511_124846.csv,APPLIES,,Engine/exchange truth at time T -> API endpoint payload -> rendered cell text at time T (DOM capture),Independent read of the same exchange/engine truth recomputed by a script that does not import HL_Copy_App_SSOT.py,source unavailable shows n/a/Unavailable not 0 | stale source flagged | API error surfaced,2026-05-11 field proof: PASS,NOT_TESTED,,,,"Field-level baseline; may overlap UI-LCC-*/UI-SSOT-* cells. OD-21 decided: certify against the 13 May UI. Elements named only in the 11 May proof (lcCoreChip, lcWsChip, lcStatsBanner, ACCOUNT-LEVEL ORPHAN section) are absent from the 13 May file; the field must be found by its data, not its element id."
UI-FP-033,UI,Live Copy Wallets row: Eligibility,Shows eligibility from live_config.json/manual_live_positions.json/append_only/send_attempts.csv/live_ws_health.json as mode/service_eligible derived label (provenance APP_DERIVED; rows OWNED_COPY; can affect send: NO; execution truth: NO).,local-trading/Hyperliquid scanner/_archive/hl_stage2/acceptance_reports/dashboard_field_proof_20260511_124846.csv,APPLIES,,Engine/exchange truth at time T -> API endpoint payload -> rendered cell text at time T (DOM capture),Independent read of the same exchange/engine truth recomputed by a script that does not import HL_Copy_App_SSOT.py,source unavailable shows n/a/Unavailable not 0 | stale source flagged | API error surfaced,2026-05-11 field proof: PASS,NOT_TESTED,,,,"Field-level baseline; may overlap UI-LCC-*/UI-SSOT-* cells. OD-21 decided: certify against the 13 May UI. Elements named only in the 11 May proof (lcCoreChip, lcWsChip, lcStatsBanner, ACCOUNT-LEVEL ORPHAN section) are absent from the 13 May file; the field must be found by its data, not its element id."
UI-FP-034,UI,Live Copy Wallets row: Connection pill,Shows ws_state from live_config.json/manual_live_positions.json/append_only/send_attempts.csv/live_ws_health.json as WS health or shared socket status (provenance LIVE_SERVICE_STATE; rows OWNED_COPY; can affect send: NO; execution truth: NO).,local-trading/Hyperliquid scanner/_archive/hl_stage2/acceptance_reports/dashboard_field_proof_20260511_124846.csv,APPLIES,,Engine/exchange truth at time T -> API endpoint payload -> rendered cell text at time T (DOM capture),Independent read of the same exchange/engine truth recomputed by a script that does not import HL_Copy_App_SSOT.py,source unavailable shows n/a/Unavailable not 0 | stale source flagged | API error surfaced,2026-05-11 field proof: PASS,NOT_TESTED,,,,"Field-level baseline; may overlap UI-LCC-*/UI-SSOT-* cells. OD-21 decided: certify against the 13 May UI. Elements named only in the 11 May proof (lcCoreChip, lcWsChip, lcStatsBanner, ACCOUNT-LEVEL ORPHAN section) are absent from the 13 May file; the field must be found by its data, not its element id."
UI-FP-035,UI,Live Copy Wallets row: Live PnL realized,Shows realized_pnl from live_config.json/manual_live_positions.json/append_only/send_attempts.csv/live_ws_health.json as wallet perf realized if exactly attributable else None (provenance APP_DERIVED; rows OWNED_COPY; can affect send: NO; execution truth: NO).,local-trading/Hyperliquid scanner/_archive/hl_stage2/acceptance_reports/dashboard_field_proof_20260511_124846.csv,APPLIES,,Engine/exchange truth at time T -> API endpoint payload -> rendered cell text at time T (DOM capture),Independent read of the same exchange/engine truth recomputed by a script that does not import HL_Copy_App_SSOT.py,source unavailable shows n/a/Unavailable not 0 | stale source flagged | API error surfaced,2026-05-11 field proof: PASS,NOT_TESTED,,,,"Field-level baseline; may overlap UI-LCC-*/UI-SSOT-* cells. OD-21 decided: certify against the 13 May UI. Elements named only in the 11 May proof (lcCoreChip, lcWsChip, lcStatsBanner, ACCOUNT-LEVEL ORPHAN section) are absent from the 13 May file; the field must be found by its data, not its element id."
UI-FP-036,UI,Live Copy Wallets row: Live PnL unrealized,"Shows unrealized_pnl from live_config.json/manual_live_positions.json/append_only/send_attempts.csv/live_ws_health.json as owned sleeve unrealized when safe, never account-only/shared (provenance MANUAL_LEDGER; rows OWNED_COPY; can affect send: NO; execution truth: NO).",local-trading/Hyperliquid scanner/_archive/hl_stage2/acceptance_reports/dashboard_field_proof_20260511_124846.csv,APPLIES,,Engine/exchange truth at time T -> API endpoint payload -> rendered cell text at time T (DOM capture),Independent read of the same exchange/engine truth recomputed by a script that does not import HL_Copy_App_SSOT.py,source unavailable shows n/a/Unavailable not 0 | stale source flagged | API error surfaced,2026-05-11 field proof: PASS,NOT_TESTED,,,,"Field-level baseline; may overlap UI-LCC-*/UI-SSOT-* cells. OD-21 decided: certify against the 13 May UI. Elements named only in the 11 May proof (lcCoreChip, lcWsChip, lcStatsBanner, ACCOUNT-LEVEL ORPHAN section) are absent from the 13 May file; the field must be found by its data, not its element id."
UI-FP-037,UI,Live Copy Wallets row: Live PnL net,Shows net_pnl from live_config.json/manual_live_positions.json/append_only/send_attempts.csv/live_ws_health.json as realized + unrealized when safe (provenance APP_DERIVED; rows OWNED_COPY; can affect send: NO; execution truth: NO).,local-trading/Hyperliquid scanner/_archive/hl_stage2/acceptance_reports/dashboard_field_proof_20260511_124846.csv,APPLIES,,Engine/exchange truth at time T -> API endpoint payload -> rendered cell text at time T (DOM capture),Independent read of the same exchange/engine truth recomputed by a script that does not import HL_Copy_App_SSOT.py,source unavailable shows n/a/Unavailable not 0 | stale source flagged | API error surfaced,2026-05-11 field proof: PASS,NOT_TESTED,,,,"Field-level baseline; may overlap UI-LCC-*/UI-SSOT-* cells. OD-21 decided: certify against the 13 May UI. Elements named only in the 11 May proof (lcCoreChip, lcWsChip, lcStatsBanner, ACCOUNT-LEVEL ORPHAN section) are absent from the 13 May file; the field must be found by its data, not its element id."
UI-FP-038,UI,Live Copy Wallets row: PnL status,Shows pnl_status_label from live_config.json/manual_live_positions.json/append_only/send_attempts.csv/live_ws_health.json as provenance/status label (provenance APP_DERIVED; rows OWNED_COPY; can affect send: NO; execution truth: NO).,local-trading/Hyperliquid scanner/_archive/hl_stage2/acceptance_reports/dashboard_field_proof_20260511_124846.csv,APPLIES,,Engine/exchange truth at time T -> API endpoint payload -> rendered cell text at time T (DOM capture),Independent read of the same exchange/engine truth recomputed by a script that does not import HL_Copy_App_SSOT.py,source unavailable shows n/a/Unavailable not 0 | stale source flagged | API error surfaced,2026-05-11 field proof: PASS,NOT_TESTED,,,,"Field-level baseline; may overlap UI-LCC-*/UI-SSOT-* cells. OD-21 decided: certify against the 13 May UI. Elements named only in the 11 May proof (lcCoreChip, lcWsChip, lcStatsBanner, ACCOUNT-LEVEL ORPHAN section) are absent from the 13 May file; the field must be found by its data, not its element id."
UI-FP-039,UI,Live Copy Wallets row: Lead-copy total diff,Shows total_diff_usd from live_config.json/manual_live_positions.json/append_only/send_attempts.csv/live_ws_health.json as sum copy fill price - leader reference price per fill (provenance APP_DERIVED; rows OWNED_COPY; can affect send: NO; execution truth: NO).,local-trading/Hyperliquid scanner/_archive/hl_stage2/acceptance_reports/dashboard_field_proof_20260511_124846.csv,APPLIES,,Engine/exchange truth at time T -> API endpoint payload -> rendered cell text at time T (DOM capture),Independent read of the same exchange/engine truth recomputed by a script that does not import HL_Copy_App_SSOT.py,source unavailable shows n/a/Unavailable not 0 | stale source flagged | API error surfaced,2026-05-11 field proof: PASS,NOT_TESTED,,,,"Field-level baseline; may overlap UI-LCC-*/UI-SSOT-* cells. OD-21 decided: certify against the 13 May UI. Elements named only in the 11 May proof (lcCoreChip, lcWsChip, lcStatsBanner, ACCOUNT-LEVEL ORPHAN section) are absent from the 13 May file; the field must be found by its data, not its element id."
UI-FP-040,UI,Live Copy Wallets row: Lead-copy avg diff,Shows avg_diff_usd from live_config.json/manual_live_positions.json/append_only/send_attempts.csv/live_ws_health.json as avg per-fill diff_usd (provenance APP_DERIVED; rows OWNED_COPY; can affect send: NO; execution truth: NO).,local-trading/Hyperliquid scanner/_archive/hl_stage2/acceptance_reports/dashboard_field_proof_20260511_124846.csv,APPLIES,,Engine/exchange truth at time T -> API endpoint payload -> rendered cell text at time T (DOM capture),Independent read of the same exchange/engine truth recomputed by a script that does not import HL_Copy_App_SSOT.py,source unavailable shows n/a/Unavailable not 0 | stale source flagged | API error surfaced,2026-05-11 field proof: PASS,NOT_TESTED,,,,"Field-level baseline; may overlap UI-LCC-*/UI-SSOT-* cells. OD-21 decided: certify against the 13 May UI. Elements named only in the 11 May proof (lcCoreChip, lcWsChip, lcStatsBanner, ACCOUNT-LEVEL ORPHAN section) are absent from the 13 May file; the field must be found by its data, not its element id."
UI-FP-041,UI,Live Copy Wallets row: Lead-copy avg bps,Shows avg_diff_bps from live_config.json/manual_live_positions.json/append_only/send_attempts.csv/live_ws_health.json as avg leader-vs-copy bps (provenance APP_DERIVED; rows OWNED_COPY; can affect send: NO; execution truth: NO).,local-trading/Hyperliquid scanner/_archive/hl_stage2/acceptance_reports/dashboard_field_proof_20260511_124846.csv,APPLIES,,Engine/exchange truth at time T -> API endpoint payload -> rendered cell text at time T (DOM capture),Independent read of the same exchange/engine truth recomputed by a script that does not import HL_Copy_App_SSOT.py,source unavailable shows n/a/Unavailable not 0 | stale source flagged | API error surfaced,2026-05-11 field proof: PASS,NOT_TESTED,,,,"Field-level baseline; may overlap UI-LCC-*/UI-SSOT-* cells. OD-21 decided: certify against the 13 May UI. Elements named only in the 11 May proof (lcCoreChip, lcWsChip, lcStatsBanner, ACCOUNT-LEVEL ORPHAN section) are absent from the 13 May file; the field must be found by its data, not its element id."
UI-FP-042,UI,Live Copy Wallets row: Lead-copy worst bps,Shows worst_diff_bps from live_config.json/manual_live_positions.json/append_only/send_attempts.csv/live_ws_health.json as max leader-vs-copy bps (provenance APP_DERIVED; rows OWNED_COPY; can affect send: NO; execution truth: NO).,local-trading/Hyperliquid scanner/_archive/hl_stage2/acceptance_reports/dashboard_field_proof_20260511_124846.csv,APPLIES,,Engine/exchange truth at time T -> API endpoint payload -> rendered cell text at time T (DOM capture),Independent read of the same exchange/engine truth recomputed by a script that does not import HL_Copy_App_SSOT.py,source unavailable shows n/a/Unavailable not 0 | stale source flagged | API error surfaced,2026-05-11 field proof: PASS,NOT_TESTED,,,,"Field-level baseline; may overlap UI-LCC-*/UI-SSOT-* cells. OD-21 decided: certify against the 13 May UI. Elements named only in the 11 May proof (lcCoreChip, lcWsChip, lcStatsBanner, ACCOUNT-LEVEL ORPHAN section) are absent from the 13 May file; the field must be found by its data, not its element id."
UI-FP-043,UI,Live Copy Wallets row: Filled count,Shows filled_count from live_config.json/manual_live_positions.json/append_only/send_attempts.csv/live_ws_health.json as count wallet ORDER_FILLED send_attempt rows (provenance ENGINE_TRUTH; rows OWNED_COPY; can affect send: NO; execution truth: YES).,local-trading/Hyperliquid scanner/_archive/hl_stage2/acceptance_reports/dashboard_field_proof_20260511_124846.csv,APPLIES,,Engine/exchange truth at time T -> API endpoint payload -> rendered cell text at time T (DOM capture),Independent read of the same exchange/engine truth recomputed by a script that does not import HL_Copy_App_SSOT.py,source unavailable shows n/a/Unavailable not 0 | stale source flagged | API error surfaced,2026-05-11 field proof: PASS,NOT_TESTED,,,,"Field-level baseline; may overlap UI-LCC-*/UI-SSOT-* cells. OD-21 decided: certify against the 13 May UI. Elements named only in the 11 May proof (lcCoreChip, lcWsChip, lcStatsBanner, ACCOUNT-LEVEL ORPHAN section) are absent from the 13 May file; the field must be found by its data, not its element id."
UI-FP-044,UI,Live Copy Wallets row: Exit count,Shows exits_count from live_config.json/manual_live_positions.json/append_only/send_attempts.csv/live_ws_health.json as filled attempts reducing/exit (provenance ENGINE_TRUTH; rows OWNED_COPY; can affect send: NO; execution truth: YES).,local-trading/Hyperliquid scanner/_archive/hl_stage2/acceptance_reports/dashboard_field_proof_20260511_124846.csv,APPLIES,,Engine/exchange truth at time T -> API endpoint payload -> rendered cell text at time T (DOM capture),Independent read of the same exchange/engine truth recomputed by a script that does not import HL_Copy_App_SSOT.py,source unavailable shows n/a/Unavailable not 0 | stale source flagged | API error surfaced,2026-05-11 field proof: PASS,NOT_TESTED,,,,"Field-level baseline; may overlap UI-LCC-*/UI-SSOT-* cells. OD-21 decided: certify against the 13 May UI. Elements named only in the 11 May proof (lcCoreChip, lcWsChip, lcStatsBanner, ACCOUNT-LEVEL ORPHAN section) are absent from the 13 May file; the field must be found by its data, not its element id."
UI-FP-045,UI,Live Copy Wallets row: Recent rejects,Shows recent_reject_count from live_config.json/manual_live_positions.json/append_only/send_attempts.csv/live_ws_health.json as recent ORDER_REJECTED count (provenance ENGINE_TRUTH; rows OWNED_COPY; can affect send: NO; execution truth: YES).,local-trading/Hyperliquid scanner/_archive/hl_stage2/acceptance_reports/dashboard_field_proof_20260511_124846.csv,APPLIES,,Engine/exchange truth at time T -> API endpoint payload -> rendered cell text at time T (DOM capture),Independent read of the same exchange/engine truth recomputed by a script that does not import HL_Copy_App_SSOT.py,source unavailable shows n/a/Unavailable not 0 | stale source flagged | API error surfaced,2026-05-11 field proof: PASS,NOT_TESTED,,,,"Field-level baseline; may overlap UI-LCC-*/UI-SSOT-* cells. OD-21 decided: certify against the 13 May UI. Elements named only in the 11 May proof (lcCoreChip, lcWsChip, lcStatsBanner, ACCOUNT-LEVEL ORPHAN section) are absent from the 13 May file; the field must be found by its data, not its element id."
UI-FP-046,UI,Live Copy Wallets row: Recent blocks,Shows recent_block_count from live_config.json/manual_live_positions.json/append_only/send_attempts.csv/live_ws_health.json as recent local block count (provenance ENGINE_TRUTH; rows OWNED_COPY; can affect send: NO; execution truth: YES).,local-trading/Hyperliquid scanner/_archive/hl_stage2/acceptance_reports/dashboard_field_proof_20260511_124846.csv,APPLIES,,Engine/exchange truth at time T -> API endpoint payload -> rendered cell text at time T (DOM capture),Independent read of the same exchange/engine truth recomputed by a script that does not import HL_Copy_App_SSOT.py,source unavailable shows n/a/Unavailable not 0 | stale source flagged | API error surfaced,2026-05-11 field proof: PASS,NOT_TESTED,,,,"Field-level baseline; may overlap UI-LCC-*/UI-SSOT-* cells. OD-21 decided: certify against the 13 May UI. Elements named only in the 11 May proof (lcCoreChip, lcWsChip, lcStatsBanner, ACCOUNT-LEVEL ORPHAN section) are absent from the 13 May file; the field must be found by its data, not its element id."
UI-FP-047,UI,Live Copy Wallets row: Exposure,Shows current_exposure from live_config.json/manual_live_positions.json/append_only/send_attempts.csv/live_ws_health.json as manual wallet sleeves exposure only (provenance MANUAL_LEDGER; rows OWNED_COPY; can affect send: NO; execution truth: NO).,local-trading/Hyperliquid scanner/_archive/hl_stage2/acceptance_reports/dashboard_field_proof_20260511_124846.csv,APPLIES,,Engine/exchange truth at time T -> API endpoint payload -> rendered cell text at time T (DOM capture),Independent read of the same exchange/engine truth recomputed by a script that does not import HL_Copy_App_SSOT.py,source unavailable shows n/a/Unavailable not 0 | stale source flagged | API error surfaced,2026-05-11 field proof: PASS,NOT_TESTED,,,,"Field-level baseline; may overlap UI-LCC-*/UI-SSOT-* cells. OD-21 decided: certify against the 13 May UI. Elements named only in the 11 May proof (lcCoreChip, lcWsChip, lcStatsBanner, ACCOUNT-LEVEL ORPHAN section) are absent from the 13 May file; the field must be found by its data, not its element id."
UI-FP-048,UI,Live Copy Wallets row: Open pos,Shows open_position_count from live_config.json/manual_live_positions.json/append_only/send_attempts.csv/live_ws_health.json as count nonzero manual wallet sleeves (provenance MANUAL_LEDGER; rows OWNED_COPY; can affect send: NO; execution truth: NO).,local-trading/Hyperliquid scanner/_archive/hl_stage2/acceptance_reports/dashboard_field_proof_20260511_124846.csv,APPLIES,,Engine/exchange truth at time T -> API endpoint payload -> rendered cell text at time T (DOM capture),Independent read of the same exchange/engine truth recomputed by a script that does not import HL_Copy_App_SSOT.py,source unavailable shows n/a/Unavailable not 0 | stale source flagged | API error surfaced,2026-05-11 field proof: PASS,NOT_TESTED,,,,"Field-level baseline; may overlap UI-LCC-*/UI-SSOT-* cells. OD-21 decided: certify against the 13 May UI. Elements named only in the 11 May proof (lcCoreChip, lcWsChip, lcStatsBanner, ACCOUNT-LEVEL ORPHAN section) are absent from the 13 May file; the field must be found by its data, not its element id."
UI-FP-049,UI,Live Copy Wallets row: DD,"Shows drawdown from live_config.json/manual_live_positions.json/append_only/send_attempts.csv/live_ws_health.json as wallet pnl_series drawdown, None when account-only/shared (provenance APP_DERIVED; rows OWNED_COPY; can affect send: NO; execution truth: NO).",local-trading/Hyperliquid scanner/_archive/hl_stage2/acceptance_reports/dashboard_field_proof_20260511_124846.csv,APPLIES,,Engine/exchange truth at time T -> API endpoint payload -> rendered cell text at time T (DOM capture),Independent read of the same exchange/engine truth recomputed by a script that does not import HL_Copy_App_SSOT.py,source unavailable shows n/a/Unavailable not 0 | stale source flagged | API error surfaced,"2026-05-11 field proof: FAIL (wallet DD fields render n/a when source series is absent, not UNKNOWN/NOT_PROVEN)",NOT_TESTED,,,,"Field-level baseline; may overlap UI-LCC-*/UI-SSOT-* cells. OD-21 decided: certify against the 13 May UI. Elements named only in the 11 May proof (lcCoreChip, lcWsChip, lcStatsBanner, ACCOUNT-LEVEL ORPHAN section) are absent from the 13 May file; the field must be found by its data, not its element id."
UI-FP-050,UI,Live Copy Wallets row: MaxDD,"Shows max_drawdown from live_config.json/manual_live_positions.json/append_only/send_attempts.csv/live_ws_health.json as min wallet pnl_series drawdown, None when account-only/shared (provenance APP_DERIVED; rows OWNED_COPY; can affect send: NO; execution truth: NO).",local-trading/Hyperliquid scanner/_archive/hl_stage2/acceptance_reports/dashboard_field_proof_20260511_124846.csv,APPLIES,,Engine/exchange truth at time T -> API endpoint payload -> rendered cell text at time T (DOM capture),Independent read of the same exchange/engine truth recomputed by a script that does not import HL_Copy_App_SSOT.py,source unavailable shows n/a/Unavailable not 0 | stale source flagged | API error surfaced,"2026-05-11 field proof: FAIL (wallet DD fields render n/a when source series is absent, not UNKNOWN/NOT_PROVEN)",NOT_TESTED,,,,"Field-level baseline; may overlap UI-LCC-*/UI-SSOT-* cells. OD-21 decided: certify against the 13 May UI. Elements named only in the 11 May proof (lcCoreChip, lcWsChip, lcStatsBanner, ACCOUNT-LEVEL ORPHAN section) are absent from the 13 May file; the field must be found by its data, not its element id."
UI-FP-051,UI,Live Copy Wallets row: Last fill,Shows last_fill from live_config.json/manual_live_positions.json/append_only/send_attempts.csv/live_ws_health.json as latest live_fill row for wallet (provenance MANUAL_LEDGER; rows OWNED_COPY; can affect send: NO; execution truth: NO).,local-trading/Hyperliquid scanner/_archive/hl_stage2/acceptance_reports/dashboard_field_proof_20260511_124846.csv,APPLIES,,Engine/exchange truth at time T -> API endpoint payload -> rendered cell text at time T (DOM capture),Independent read of the same exchange/engine truth recomputed by a script that does not import HL_Copy_App_SSOT.py,source unavailable shows n/a/Unavailable not 0 | stale source flagged | API error surfaced,2026-05-11 field proof: PASS,NOT_TESTED,,,,"Field-level baseline; may overlap UI-LCC-*/UI-SSOT-* cells. OD-21 decided: certify against the 13 May UI. Elements named only in the 11 May proof (lcCoreChip, lcWsChip, lcStatsBanner, ACCOUNT-LEVEL ORPHAN section) are absent from the 13 May file; the field must be found by its data, not its element id."
UI-FP-052,UI,Live Copy Wallets row: Controls mode,Shows mode select from live_config.json/manual_live_positions.json/append_only/send_attempts.csv/live_ws_health.json as POST /api/live-config set-wallet/set-mode (provenance UI_STATE; rows CONTROL; can affect send: YES; execution truth: YES).,local-trading/Hyperliquid scanner/_archive/hl_stage2/acceptance_reports/dashboard_field_proof_20260511_124846.csv,APPLIES,,Engine/exchange truth at time T -> API endpoint payload -> rendered cell text at time T (DOM capture),Independent read of the same exchange/engine truth recomputed by a script that does not import HL_Copy_App_SSOT.py,source unavailable shows n/a/Unavailable not 0 | stale source flagged | API error surfaced,2026-05-11 field proof: PASS,NOT_TESTED,,,,"Field-level baseline; may overlap UI-LCC-*/UI-SSOT-* cells. OD-21 decided: certify against the 13 May UI. Elements named only in the 11 May proof (lcCoreChip, lcWsChip, lcStatsBanner, ACCOUNT-LEVEL ORPHAN section) are absent from the 13 May file; the field must be found by its data, not its element id."
UI-FP-053,UI,Live Copy Wallets row: Controls copy model,Shows copy_mode select from live_config.json/manual_live_positions.json/append_only/send_attempts.csv/live_ws_health.json as POST /api/live-config set-wallet (provenance UI_STATE; rows CONTROL; can affect send: YES; execution truth: YES).,local-trading/Hyperliquid scanner/_archive/hl_stage2/acceptance_reports/dashboard_field_proof_20260511_124846.csv,APPLIES,,Engine/exchange truth at time T -> API endpoint payload -> rendered cell text at time T (DOM capture),Independent read of the same exchange/engine truth recomputed by a script that does not import HL_Copy_App_SSOT.py,source unavailable shows n/a/Unavailable not 0 | stale source flagged | API error surfaced,2026-05-11 field proof: PASS,NOT_TESTED,,,,"Field-level baseline; may overlap UI-LCC-*/UI-SSOT-* cells. OD-21 decided: certify against the 13 May UI. Elements named only in the 11 May proof (lcCoreChip, lcWsChip, lcStatsBanner, ACCOUNT-LEVEL ORPHAN section) are absent from the 13 May file; the field must be found by its data, not its element id."
UI-FP-054,UI,Live Copy Wallets row: Controls fixed notional,Shows fixed_notional input from live_config.json/manual_live_positions.json/append_only/send_attempts.csv/live_ws_health.json as POST /api/live-config set-wallet (provenance UI_STATE; rows CONTROL; can affect send: YES; execution truth: YES).,local-trading/Hyperliquid scanner/_archive/hl_stage2/acceptance_reports/dashboard_field_proof_20260511_124846.csv,APPLIES,,Engine/exchange truth at time T -> API endpoint payload -> rendered cell text at time T (DOM capture),Independent read of the same exchange/engine truth recomputed by a script that does not import HL_Copy_App_SSOT.py,source unavailable shows n/a/Unavailable not 0 | stale source flagged | API error surfaced,2026-05-11 field proof: PASS,NOT_TESTED,,,,"Field-level baseline; may overlap UI-LCC-*/UI-SSOT-* cells. OD-21 decided: certify against the 13 May UI. Elements named only in the 11 May proof (lcCoreChip, lcWsChip, lcStatsBanner, ACCOUNT-LEVEL ORPHAN section) are absent from the 13 May file; the field must be found by its data, not its element id."
UI-FP-055,UI,Live Copy Wallets row: Controls norm base,Shows norm_base input from live_config.json/manual_live_positions.json/append_only/send_attempts.csv/live_ws_health.json as POST /api/live-config set-wallet (provenance UI_STATE; rows CONTROL; can affect send: YES; execution truth: YES).,local-trading/Hyperliquid scanner/_archive/hl_stage2/acceptance_reports/dashboard_field_proof_20260511_124846.csv,APPLIES,,Engine/exchange truth at time T -> API endpoint payload -> rendered cell text at time T (DOM capture),Independent read of the same exchange/engine truth recomputed by a script that does not import HL_Copy_App_SSOT.py,source unavailable shows n/a/Unavailable not 0 | stale source flagged | API error surfaced,2026-05-11 field proof: PASS,NOT_TESTED,,,,"Field-level baseline; may overlap UI-LCC-*/UI-SSOT-* cells. OD-21 decided: certify against the 13 May UI. Elements named only in the 11 May proof (lcCoreChip, lcWsChip, lcStatsBanner, ACCOUNT-LEVEL ORPHAN section) are absent from the 13 May file; the field must be found by its data, not its element id."
UI-FP-056,UI,Live Copy Wallets row: Controls leader equity base,Shows leader_equity_base input from live_config.json/manual_live_positions.json/append_only/send_attempts.csv/live_ws_health.json as POST /api/live-config set-wallet (provenance UI_STATE; rows CONTROL; can affect send: YES; execution truth: YES).,local-trading/Hyperliquid scanner/_archive/hl_stage2/acceptance_reports/dashboard_field_proof_20260511_124846.csv,APPLIES,,Engine/exchange truth at time T -> API endpoint payload -> rendered cell text at time T (DOM capture),Independent read of the same exchange/engine truth recomputed by a script that does not import HL_Copy_App_SSOT.py,source unavailable shows n/a/Unavailable not 0 | stale source flagged | API error surfaced,2026-05-11 field proof: PASS,NOT_TESTED,,,,"Field-level baseline; may overlap UI-LCC-*/UI-SSOT-* cells. OD-21 decided: certify against the 13 May UI. Elements named only in the 11 May proof (lcCoreChip, lcWsChip, lcStatsBanner, ACCOUNT-LEVEL ORPHAN section) are absent from the 13 May file; the field must be found by its data, not its element id."
UI-FP-057,UI,Wallet expanded detail A: Detail realized PnL,Shows live_realized_pnl from manual_live_positions.json/exchange_account_snapshot.json/append_only/*.csv as exact/account-safe realized PnL else None (provenance APP_DERIVED; rows OWNED_COPY; can affect send: NO; execution truth: NO).,local-trading/Hyperliquid scanner/_archive/hl_stage2/acceptance_reports/dashboard_field_proof_20260511_124846.csv,APPLIES,,Engine/exchange truth at time T -> API endpoint payload -> rendered cell text at time T (DOM capture),Independent read of the same exchange/engine truth recomputed by a script that does not import HL_Copy_App_SSOT.py,source unavailable shows n/a/Unavailable not 0 | stale source flagged | API error surfaced,2026-05-11 field proof: PASS,NOT_TESTED,,,,"Field-level baseline; may overlap UI-LCC-*/UI-SSOT-* cells. OD-21 decided: certify against the 13 May UI. Elements named only in the 11 May proof (lcCoreChip, lcWsChip, lcStatsBanner, ACCOUNT-LEVEL ORPHAN section) are absent from the 13 May file; the field must be found by its data, not its element id."
UI-FP-058,UI,Wallet expanded detail A: Detail unrealized PnL,Shows live_unrealized_pnl from manual_live_positions.json/exchange_account_snapshot.json/append_only/*.csv as owned sleeve unrealized when safe (provenance MANUAL_LEDGER; rows OWNED_COPY; can affect send: NO; execution truth: NO).,local-trading/Hyperliquid scanner/_archive/hl_stage2/acceptance_reports/dashboard_field_proof_20260511_124846.csv,APPLIES,,Engine/exchange truth at time T -> API endpoint payload -> rendered cell text at time T (DOM capture),Independent read of the same exchange/engine truth recomputed by a script that does not import HL_Copy_App_SSOT.py,source unavailable shows n/a/Unavailable not 0 | stale source flagged | API error surfaced,2026-05-11 field proof: PASS,NOT_TESTED,,,,"Field-level baseline; may overlap UI-LCC-*/UI-SSOT-* cells. OD-21 decided: certify against the 13 May UI. Elements named only in the 11 May proof (lcCoreChip, lcWsChip, lcStatsBanner, ACCOUNT-LEVEL ORPHAN section) are absent from the 13 May file; the field must be found by its data, not its element id."
UI-FP-059,UI,Wallet expanded detail A: Detail net PnL,Shows live_net_pnl from manual_live_positions.json/exchange_account_snapshot.json/append_only/*.csv as realized + unrealized (provenance APP_DERIVED; rows OWNED_COPY; can affect send: NO; execution truth: NO).,local-trading/Hyperliquid scanner/_archive/hl_stage2/acceptance_reports/dashboard_field_proof_20260511_124846.csv,APPLIES,,Engine/exchange truth at time T -> API endpoint payload -> rendered cell text at time T (DOM capture),Independent read of the same exchange/engine truth recomputed by a script that does not import HL_Copy_App_SSOT.py,source unavailable shows n/a/Unavailable not 0 | stale source flagged | API error surfaced,2026-05-11 field proof: PASS,NOT_TESTED,,,,"Field-level baseline; may overlap UI-LCC-*/UI-SSOT-* cells. OD-21 decided: certify against the 13 May UI. Elements named only in the 11 May proof (lcCoreChip, lcWsChip, lcStatsBanner, ACCOUNT-LEVEL ORPHAN section) are absent from the 13 May file; the field must be found by its data, not its element id."
UI-FP-060,UI,Wallet expanded detail A: Detail exposure,Shows current_exposure from manual_live_positions.json/exchange_account_snapshot.json/append_only/*.csv as sum selected wallet sleeve exposure (provenance MANUAL_LEDGER; rows OWNED_COPY; can affect send: NO; execution truth: NO).,local-trading/Hyperliquid scanner/_archive/hl_stage2/acceptance_reports/dashboard_field_proof_20260511_124846.csv,APPLIES,,Engine/exchange truth at time T -> API endpoint payload -> rendered cell text at time T (DOM capture),Independent read of the same exchange/engine truth recomputed by a script that does not import HL_Copy_App_SSOT.py,source unavailable shows n/a/Unavailable not 0 | stale source flagged | API error surfaced,2026-05-11 field proof: PASS,NOT_TESTED,,,,"Field-level baseline; may overlap UI-LCC-*/UI-SSOT-* cells. OD-21 decided: certify against the 13 May UI. Elements named only in the 11 May proof (lcCoreChip, lcWsChip, lcStatsBanner, ACCOUNT-LEVEL ORPHAN section) are absent from the 13 May file; the field must be found by its data, not its element id."
UI-FP-061,UI,Wallet expanded detail A: Detail DD,Shows drawdown from manual_live_positions.json/exchange_account_snapshot.json/append_only/*.csv as wallet pnl_series current drawdown (provenance APP_DERIVED; rows OWNED_COPY; can affect send: NO; execution truth: NO).,local-trading/Hyperliquid scanner/_archive/hl_stage2/acceptance_reports/dashboard_field_proof_20260511_124846.csv,APPLIES,,Engine/exchange truth at time T -> API endpoint payload -> rendered cell text at time T (DOM capture),Independent read of the same exchange/engine truth recomputed by a script that does not import HL_Copy_App_SSOT.py,source unavailable shows n/a/Unavailable not 0 | stale source flagged | API error surfaced,"2026-05-11 field proof: FAIL (renders n/a when pnl_series is absent, not UNKNOWN/NOT_PROVEN)",NOT_TESTED,,,,"Field-level baseline; may overlap UI-LCC-*/UI-SSOT-* cells. OD-21 decided: certify against the 13 May UI. Elements named only in the 11 May proof (lcCoreChip, lcWsChip, lcStatsBanner, ACCOUNT-LEVEL ORPHAN section) are absent from the 13 May file; the field must be found by its data, not its element id."
UI-FP-062,UI,Wallet expanded detail A: Detail MaxDD,Shows max_drawdown from manual_live_positions.json/exchange_account_snapshot.json/append_only/*.csv as wallet pnl_series max drawdown (provenance APP_DERIVED; rows OWNED_COPY; can affect send: NO; execution truth: NO).,local-trading/Hyperliquid scanner/_archive/hl_stage2/acceptance_reports/dashboard_field_proof_20260511_124846.csv,APPLIES,,Engine/exchange truth at time T -> API endpoint payload -> rendered cell text at time T (DOM capture),Independent read of the same exchange/engine truth recomputed by a script that does not import HL_Copy_App_SSOT.py,source unavailable shows n/a/Unavailable not 0 | stale source flagged | API error surfaced,"2026-05-11 field proof: FAIL (renders n/a when pnl_series is absent, not UNKNOWN/NOT_PROVEN)",NOT_TESTED,,,,"Field-level baseline; may overlap UI-LCC-*/UI-SSOT-* cells. OD-21 decided: certify against the 13 May UI. Elements named only in the 11 May proof (lcCoreChip, lcWsChip, lcStatsBanner, ACCOUNT-LEVEL ORPHAN section) are absent from the 13 May file; the field must be found by its data, not its element id."
UI-FP-063,UI,Wallet expanded detail A: Detail PnL status,Shows pnl_status_label from manual_live_positions.json/exchange_account_snapshot.json/append_only/*.csv as explicit attribution label (provenance APP_DERIVED; rows OWNED_COPY; can affect send: NO; execution truth: NO).,local-trading/Hyperliquid scanner/_archive/hl_stage2/acceptance_reports/dashboard_field_proof_20260511_124846.csv,APPLIES,,Engine/exchange truth at time T -> API endpoint payload -> rendered cell text at time T (DOM capture),Independent read of the same exchange/engine truth recomputed by a script that does not import HL_Copy_App_SSOT.py,source unavailable shows n/a/Unavailable not 0 | stale source flagged | API error surfaced,2026-05-11 field proof: PASS,NOT_TESTED,,,,"Field-level baseline; may overlap UI-LCC-*/UI-SSOT-* cells. OD-21 decided: certify against the 13 May UI. Elements named only in the 11 May proof (lcCoreChip, lcWsChip, lcStatsBanner, ACCOUNT-LEVEL ORPHAN section) are absent from the 13 May file; the field must be found by its data, not its element id."
UI-FP-064,UI,Wallet expanded detail A: Detail attribution,Shows attribution_quality from manual_live_positions.json/exchange_account_snapshot.json/append_only/*.csv as explicit quality label (provenance APP_DERIVED; rows OWNED_COPY; can affect send: NO; execution truth: NO).,local-trading/Hyperliquid scanner/_archive/hl_stage2/acceptance_reports/dashboard_field_proof_20260511_124846.csv,APPLIES,,Engine/exchange truth at time T -> API endpoint payload -> rendered cell text at time T (DOM capture),Independent read of the same exchange/engine truth recomputed by a script that does not import HL_Copy_App_SSOT.py,source unavailable shows n/a/Unavailable not 0 | stale source flagged | API error surfaced,2026-05-11 field proof: PASS,NOT_TESTED,,,,"Field-level baseline; may overlap UI-LCC-*/UI-SSOT-* cells. OD-21 decided: certify against the 13 May UI. Elements named only in the 11 May proof (lcCoreChip, lcWsChip, lcStatsBanner, ACCOUNT-LEVEL ORPHAN section) are absent from the 13 May file; the field must be found by its data, not its element id."
UI-FP-065,UI,Wallet expanded detail A: Detail confirmed realized match,Shows confirmed_realized_pnl/realized_match_status from manual_live_positions.json/exchange_account_snapshot.json/append_only/*.csv as exact user fill closedPnl match when available (provenance EXCHANGE_ACCOUNT; rows OWNED_COPY; can affect send: NO; execution truth: NO).,local-trading/Hyperliquid scanner/_archive/hl_stage2/acceptance_reports/dashboard_field_proof_20260511_124846.csv,APPLIES,,Engine/exchange truth at time T -> API endpoint payload -> rendered cell text at time T (DOM capture),Independent read of the same exchange/engine truth recomputed by a script that does not import HL_Copy_App_SSOT.py,source unavailable shows n/a/Unavailable not 0 | stale source flagged | API error surfaced,2026-05-11 field proof: PASS,NOT_TESTED,,,,"Field-level baseline; may overlap UI-LCC-*/UI-SSOT-* cells. OD-21 decided: certify against the 13 May UI. Elements named only in the 11 May proof (lcCoreChip, lcWsChip, lcStatsBanner, ACCOUNT-LEVEL ORPHAN section) are absent from the 13 May file; the field must be found by its data, not its element id."
UI-FP-066,UI,Wallet expanded detail A: Detail cumulative rejects/blocks/previews,Shows exchange_rejected_count/local_blocked_count/preview_count from manual_live_positions.json/exchange_account_snapshot.json/append_only/*.csv as counts from send_attempts (provenance ENGINE_TRUTH; rows OWNED_COPY; can affect send: NO; execution truth: NO).,local-trading/Hyperliquid scanner/_archive/hl_stage2/acceptance_reports/dashboard_field_proof_20260511_124846.csv,APPLIES,,Engine/exchange truth at time T -> API endpoint payload -> rendered cell text at time T (DOM capture),Independent read of the same exchange/engine truth recomputed by a script that does not import HL_Copy_App_SSOT.py,source unavailable shows n/a/Unavailable not 0 | stale source flagged | API error surfaced,2026-05-11 field proof: PASS,NOT_TESTED,,,,"Field-level baseline; may overlap UI-LCC-*/UI-SSOT-* cells. OD-21 decided: certify against the 13 May UI. Elements named only in the 11 May proof (lcCoreChip, lcWsChip, lcStatsBanner, ACCOUNT-LEVEL ORPHAN section) are absent from the 13 May file; the field must be found by its data, not its element id."
UI-FP-067,UI,Wallet expanded detail B Open Positions: Open coin,Shows current_open_positions[].coin from manual_live_positions.json/exchange_account_snapshot.json as manual sleeve coin (provenance MANUAL_LEDGER; rows OWNED_COPY; can affect send: NO; execution truth: NO).,local-trading/Hyperliquid scanner/_archive/hl_stage2/acceptance_reports/dashboard_field_proof_20260511_124846.csv,APPLIES,,Engine/exchange truth at time T -> API endpoint payload -> rendered cell text at time T (DOM capture),Independent read of the same exchange/engine truth recomputed by a script that does not import HL_Copy_App_SSOT.py,source unavailable shows n/a/Unavailable not 0 | stale source flagged | API error surfaced,2026-05-11 field proof: PASS,NOT_TESTED,,,,"Field-level baseline; may overlap UI-LCC-*/UI-SSOT-* cells. OD-21 decided: certify against the 13 May UI. Elements named only in the 11 May proof (lcCoreChip, lcWsChip, lcStatsBanner, ACCOUNT-LEVEL ORPHAN section) are absent from the 13 May file; the field must be found by its data, not its element id."
UI-FP-068,UI,Wallet expanded detail B Open Positions: Open side,Shows current_open_positions[].side from manual_live_positions.json/exchange_account_snapshot.json as sign(signed_size) (provenance MANUAL_LEDGER; rows OWNED_COPY; can affect send: NO; execution truth: NO).,local-trading/Hyperliquid scanner/_archive/hl_stage2/acceptance_reports/dashboard_field_proof_20260511_124846.csv,APPLIES,,Engine/exchange truth at time T -> API endpoint payload -> rendered cell text at time T (DOM capture),Independent read of the same exchange/engine truth recomputed by a script that does not import HL_Copy_App_SSOT.py,source unavailable shows n/a/Unavailable not 0 | stale source flagged | API error surfaced,2026-05-11 field proof: PASS,NOT_TESTED,,,,"Field-level baseline; may overlap UI-LCC-*/UI-SSOT-* cells. OD-21 decided: certify against the 13 May UI. Elements named only in the 11 May proof (lcCoreChip, lcWsChip, lcStatsBanner, ACCOUNT-LEVEL ORPHAN section) are absent from the 13 May file; the field must be found by its data, not its element id."
UI-FP-069,UI,Wallet expanded detail B Open Positions: Open size,Shows current_open_positions[].signed_size from manual_live_positions.json/exchange_account_snapshot.json as manual sleeve signed_size (provenance MANUAL_LEDGER; rows OWNED_COPY; can affect send: NO; execution truth: NO).,local-trading/Hyperliquid scanner/_archive/hl_stage2/acceptance_reports/dashboard_field_proof_20260511_124846.csv,APPLIES,,Engine/exchange truth at time T -> API endpoint payload -> rendered cell text at time T (DOM capture),Independent read of the same exchange/engine truth recomputed by a script that does not import HL_Copy_App_SSOT.py,source unavailable shows n/a/Unavailable not 0 | stale source flagged | API error surfaced,2026-05-11 field proof: PASS,NOT_TESTED,,,,"Field-level baseline; may overlap UI-LCC-*/UI-SSOT-* cells. OD-21 decided: certify against the 13 May UI. Elements named only in the 11 May proof (lcCoreChip, lcWsChip, lcStatsBanner, ACCOUNT-LEVEL ORPHAN section) are absent from the 13 May file; the field must be found by its data, not its element id."
UI-FP-070,UI,Wallet expanded detail B Open Positions: Open entry px,Shows current_open_positions[].entry_px from manual_live_positions.json/exchange_account_snapshot.json as manual avg_entry_px fallback exchange entry (provenance MANUAL_LEDGER; rows OWNED_COPY; can affect send: NO; execution truth: NO).,local-trading/Hyperliquid scanner/_archive/hl_stage2/acceptance_reports/dashboard_field_proof_20260511_124846.csv,APPLIES,,Engine/exchange truth at time T -> API endpoint payload -> rendered cell text at time T (DOM capture),Independent read of the same exchange/engine truth recomputed by a script that does not import HL_Copy_App_SSOT.py,source unavailable shows n/a/Unavailable not 0 | stale source flagged | API error surfaced,2026-05-11 field proof: PASS,NOT_TESTED,,,,"Field-level baseline; may overlap UI-LCC-*/UI-SSOT-* cells. OD-21 decided: certify against the 13 May UI. Elements named only in the 11 May proof (lcCoreChip, lcWsChip, lcStatsBanner, ACCOUNT-LEVEL ORPHAN section) are absent from the 13 May file; the field must be found by its data, not its element id."
UI-FP-071,UI,Wallet expanded detail B Open Positions: Open mark px,Shows current_open_positions[].mark_px from manual_live_positions.json/exchange_account_snapshot.json as exchange mark_px (provenance EXCHANGE_ACCOUNT; rows OWNED_COPY; can affect send: NO; execution truth: NO).,local-trading/Hyperliquid scanner/_archive/hl_stage2/acceptance_reports/dashboard_field_proof_20260511_124846.csv,APPLIES,,Engine/exchange truth at time T -> API endpoint payload -> rendered cell text at time T (DOM capture),Independent read of the same exchange/engine truth recomputed by a script that does not import HL_Copy_App_SSOT.py,source unavailable shows n/a/Unavailable not 0 | stale source flagged | API error surfaced,2026-05-11 field proof: PASS,NOT_TESTED,,,,"Field-level baseline; may overlap UI-LCC-*/UI-SSOT-* cells. OD-21 decided: certify against the 13 May UI. Elements named only in the 11 May proof (lcCoreChip, lcWsChip, lcStatsBanner, ACCOUNT-LEVEL ORPHAN section) are absent from the 13 May file; the field must be found by its data, not its element id."
UI-FP-072,UI,Wallet expanded detail B Open Positions: Open unrealized PnL,Shows current_open_positions[].unrealized_pnl from manual_live_positions.json/exchange_account_snapshot.json as owned sleeve mark-to-entry PnL when safe (provenance MANUAL_LEDGER; rows OWNED_COPY; can affect send: NO; execution truth: NO).,local-trading/Hyperliquid scanner/_archive/hl_stage2/acceptance_reports/dashboard_field_proof_20260511_124846.csv,APPLIES,,Engine/exchange truth at time T -> API endpoint payload -> rendered cell text at time T (DOM capture),Independent read of the same exchange/engine truth recomputed by a script that does not import HL_Copy_App_SSOT.py,source unavailable shows n/a/Unavailable not 0 | stale source flagged | API error surfaced,2026-05-11 field proof: PASS,NOT_TESTED,,,,"Field-level baseline; may overlap UI-LCC-*/UI-SSOT-* cells. OD-21 decided: certify against the 13 May UI. Elements named only in the 11 May proof (lcCoreChip, lcWsChip, lcStatsBanner, ACCOUNT-LEVEL ORPHAN section) are absent from the 13 May file; the field must be found by its data, not its element id."
UI-FP-073,UI,Wallet expanded detail B Open Positions: Open exposure,Shows current_open_positions[].exposure from manual_live_positions.json/exchange_account_snapshot.json as abs(sleeve)*mark/entry (provenance MANUAL_LEDGER; rows OWNED_COPY; can affect send: NO; execution truth: NO).,local-trading/Hyperliquid scanner/_archive/hl_stage2/acceptance_reports/dashboard_field_proof_20260511_124846.csv,APPLIES,,Engine/exchange truth at time T -> API endpoint payload -> rendered cell text at time T (DOM capture),Independent read of the same exchange/engine truth recomputed by a script that does not import HL_Copy_App_SSOT.py,source unavailable shows n/a/Unavailable not 0 | stale source flagged | API error surfaced,2026-05-11 field proof: PASS,NOT_TESTED,,,,"Field-level baseline; may overlap UI-LCC-*/UI-SSOT-* cells. OD-21 decided: certify against the 13 May UI. Elements named only in the 11 May proof (lcCoreChip, lcWsChip, lcStatsBanner, ACCOUNT-LEVEL ORPHAN section) are absent from the 13 May file; the field must be found by its data, not its element id."
UI-FP-074,UI,Wallet expanded detail B Open Positions: Open exchange match,Shows current_open_positions[].exchange_match from manual_live_positions.json/exchange_account_snapshot.json as ownership classification (provenance APP_DERIVED; rows OWNED_COPY; can affect send: NO; execution truth: NO).,local-trading/Hyperliquid scanner/_archive/hl_stage2/acceptance_reports/dashboard_field_proof_20260511_124846.csv,APPLIES,,Engine/exchange truth at time T -> API endpoint payload -> rendered cell text at time T (DOM capture),Independent read of the same exchange/engine truth recomputed by a script that does not import HL_Copy_App_SSOT.py,source unavailable shows n/a/Unavailable not 0 | stale source flagged | API error surfaced,2026-05-11 field proof: PASS,NOT_TESTED,,,,"Field-level baseline; may overlap UI-LCC-*/UI-SSOT-* cells. OD-21 decided: certify against the 13 May UI. Elements named only in the 11 May proof (lcCoreChip, lcWsChip, lcStatsBanner, ACCOUNT-LEVEL ORPHAN section) are absent from the 13 May file; the field must be found by its data, not its element id."
UI-FP-075,UI,Wallet expanded detail C Friction: Friction time,Shows friction_fills[].time from append_only/send_attempts.csv + order_intents.csv as send_attempt.created_at (provenance APP_DERIVED; rows OWNED_COPY; can affect send: NO; execution truth: NO).,local-trading/Hyperliquid scanner/_archive/hl_stage2/acceptance_reports/dashboard_field_proof_20260511_124846.csv,APPLIES,,Engine/exchange truth at time T -> API endpoint payload -> rendered cell text at time T (DOM capture),Independent read of the same exchange/engine truth recomputed by a script that does not import HL_Copy_App_SSOT.py,source unavailable shows n/a/Unavailable not 0 | stale source flagged | API error surfaced,2026-05-11 field proof: PASS,NOT_TESTED,,,,"Field-level baseline; may overlap UI-LCC-*/UI-SSOT-* cells. OD-21 decided: certify against the 13 May UI. Elements named only in the 11 May proof (lcCoreChip, lcWsChip, lcStatsBanner, ACCOUNT-LEVEL ORPHAN section) are absent from the 13 May file; the field must be found by its data, not its element id."
UI-FP-076,UI,Wallet expanded detail C Friction: Friction coin,Shows friction_fills[].coin from append_only/send_attempts.csv + order_intents.csv as send_attempt.coin (provenance APP_DERIVED; rows OWNED_COPY; can affect send: NO; execution truth: NO).,local-trading/Hyperliquid scanner/_archive/hl_stage2/acceptance_reports/dashboard_field_proof_20260511_124846.csv,APPLIES,,Engine/exchange truth at time T -> API endpoint payload -> rendered cell text at time T (DOM capture),Independent read of the same exchange/engine truth recomputed by a script that does not import HL_Copy_App_SSOT.py,source unavailable shows n/a/Unavailable not 0 | stale source flagged | API error surfaced,2026-05-11 field proof: PASS,NOT_TESTED,,,,"Field-level baseline; may overlap UI-LCC-*/UI-SSOT-* cells. OD-21 decided: certify against the 13 May UI. Elements named only in the 11 May proof (lcCoreChip, lcWsChip, lcStatsBanner, ACCOUNT-LEVEL ORPHAN section) are absent from the 13 May file; the field must be found by its data, not its element id."
UI-FP-077,UI,Wallet expanded detail C Friction: Friction side,Shows friction_fills[].side from append_only/send_attempts.csv + order_intents.csv as send_attempt side (provenance APP_DERIVED; rows OWNED_COPY; can affect send: NO; execution truth: NO).,local-trading/Hyperliquid scanner/_archive/hl_stage2/acceptance_reports/dashboard_field_proof_20260511_124846.csv,APPLIES,,Engine/exchange truth at time T -> API endpoint payload -> rendered cell text at time T (DOM capture),Independent read of the same exchange/engine truth recomputed by a script that does not import HL_Copy_App_SSOT.py,source unavailable shows n/a/Unavailable not 0 | stale source flagged | API error surfaced,2026-05-11 field proof: PASS,NOT_TESTED,,,,"Field-level baseline; may overlap UI-LCC-*/UI-SSOT-* cells. OD-21 decided: certify against the 13 May UI. Elements named only in the 11 May proof (lcCoreChip, lcWsChip, lcStatsBanner, ACCOUNT-LEVEL ORPHAN section) are absent from the 13 May file; the field must be found by its data, not its element id."
UI-FP-078,UI,Wallet expanded detail C Friction: Leader/ref px,Shows friction_fills[].leader_reference_px from append_only/send_attempts.csv + order_intents.csv as intent leader_price or target/limit (provenance APP_DERIVED; rows OWNED_COPY; can affect send: NO; execution truth: NO).,local-trading/Hyperliquid scanner/_archive/hl_stage2/acceptance_reports/dashboard_field_proof_20260511_124846.csv,APPLIES,,Engine/exchange truth at time T -> API endpoint payload -> rendered cell text at time T (DOM capture),Independent read of the same exchange/engine truth recomputed by a script that does not import HL_Copy_App_SSOT.py,source unavailable shows n/a/Unavailable not 0 | stale source flagged | API error surfaced,2026-05-11 field proof: PASS,NOT_TESTED,,,,"Field-level baseline; may overlap UI-LCC-*/UI-SSOT-* cells. OD-21 decided: certify against the 13 May UI. Elements named only in the 11 May proof (lcCoreChip, lcWsChip, lcStatsBanner, ACCOUNT-LEVEL ORPHAN section) are absent from the 13 May file; the field must be found by its data, not its element id."
UI-FP-079,UI,Wallet expanded detail C Friction: Our fill px,Shows friction_fills[].copy_fill_px from append_only/send_attempts.csv + order_intents.csv as send_attempt fill_avg_px (provenance APP_DERIVED; rows OWNED_COPY; can affect send: NO; execution truth: NO).,local-trading/Hyperliquid scanner/_archive/hl_stage2/acceptance_reports/dashboard_field_proof_20260511_124846.csv,APPLIES,,Engine/exchange truth at time T -> API endpoint payload -> rendered cell text at time T (DOM capture),Independent read of the same exchange/engine truth recomputed by a script that does not import HL_Copy_App_SSOT.py,source unavailable shows n/a/Unavailable not 0 | stale source flagged | API error surfaced,2026-05-11 field proof: PASS,NOT_TESTED,,,,"Field-level baseline; may overlap UI-LCC-*/UI-SSOT-* cells. OD-21 decided: certify against the 13 May UI. Elements named only in the 11 May proof (lcCoreChip, lcWsChip, lcStatsBanner, ACCOUNT-LEVEL ORPHAN section) are absent from the 13 May file; the field must be found by its data, not its element id."
UI-FP-080,UI,Wallet expanded detail C Friction: Friction size,Shows friction_fills[].size from append_only/send_attempts.csv + order_intents.csv as send_attempt fill_size (provenance APP_DERIVED; rows OWNED_COPY; can affect send: NO; execution truth: NO).,local-trading/Hyperliquid scanner/_archive/hl_stage2/acceptance_reports/dashboard_field_proof_20260511_124846.csv,APPLIES,,Engine/exchange truth at time T -> API endpoint payload -> rendered cell text at time T (DOM capture),Independent read of the same exchange/engine truth recomputed by a script that does not import HL_Copy_App_SSOT.py,source unavailable shows n/a/Unavailable not 0 | stale source flagged | API error surfaced,2026-05-11 field proof: PASS,NOT_TESTED,,,,"Field-level baseline; may overlap UI-LCC-*/UI-SSOT-* cells. OD-21 decided: certify against the 13 May UI. Elements named only in the 11 May proof (lcCoreChip, lcWsChip, lcStatsBanner, ACCOUNT-LEVEL ORPHAN section) are absent from the 13 May file; the field must be found by its data, not its element id."
UI-FP-081,UI,Wallet expanded detail C Friction: Diff $,Shows friction_fills[].diff_usd from append_only/send_attempts.csv + order_intents.csv as (copy_px-leader_px)*size side-adjusted (provenance APP_DERIVED; rows OWNED_COPY; can affect send: NO; execution truth: NO).,local-trading/Hyperliquid scanner/_archive/hl_stage2/acceptance_reports/dashboard_field_proof_20260511_124846.csv,APPLIES,,Engine/exchange truth at time T -> API endpoint payload -> rendered cell text at time T (DOM capture),Independent read of the same exchange/engine truth recomputed by a script that does not import HL_Copy_App_SSOT.py,source unavailable shows n/a/Unavailable not 0 | stale source flagged | API error surfaced,2026-05-11 field proof: PASS,NOT_TESTED,,,,"Field-level baseline; may overlap UI-LCC-*/UI-SSOT-* cells. OD-21 decided: certify against the 13 May UI. Elements named only in the 11 May proof (lcCoreChip, lcWsChip, lcStatsBanner, ACCOUNT-LEVEL ORPHAN section) are absent from the 13 May file; the field must be found by its data, not its element id."
UI-FP-082,UI,Wallet expanded detail C Friction: Diff bps,Shows friction_fills[].diff_bps from append_only/send_attempts.csv + order_intents.csv as side-adjusted bps vs leader (provenance APP_DERIVED; rows OWNED_COPY; can affect send: NO; execution truth: NO).,local-trading/Hyperliquid scanner/_archive/hl_stage2/acceptance_reports/dashboard_field_proof_20260511_124846.csv,APPLIES,,Engine/exchange truth at time T -> API endpoint payload -> rendered cell text at time T (DOM capture),Independent read of the same exchange/engine truth recomputed by a script that does not import HL_Copy_App_SSOT.py,source unavailable shows n/a/Unavailable not 0 | stale source flagged | API error surfaced,2026-05-11 field proof: PASS,NOT_TESTED,,,,"Field-level baseline; may overlap UI-LCC-*/UI-SSOT-* cells. OD-21 decided: certify against the 13 May UI. Elements named only in the 11 May proof (lcCoreChip, lcWsChip, lcStatsBanner, ACCOUNT-LEVEL ORPHAN section) are absent from the 13 May file; the field must be found by its data, not its element id."
UI-FP-083,UI,Wallet expanded detail C Friction: Limit px,Shows friction_fills[].limit_px from append_only/send_attempts.csv + order_intents.csv as send_attempt limit_price (provenance APP_DERIVED; rows OWNED_COPY; can affect send: NO; execution truth: NO).,local-trading/Hyperliquid scanner/_archive/hl_stage2/acceptance_reports/dashboard_field_proof_20260511_124846.csv,APPLIES,,Engine/exchange truth at time T -> API endpoint payload -> rendered cell text at time T (DOM capture),Independent read of the same exchange/engine truth recomputed by a script that does not import HL_Copy_App_SSOT.py,source unavailable shows n/a/Unavailable not 0 | stale source flagged | API error surfaced,2026-05-11 field proof: PASS,NOT_TESTED,,,,"Field-level baseline; may overlap UI-LCC-*/UI-SSOT-* cells. OD-21 decided: certify against the 13 May UI. Elements named only in the 11 May proof (lcCoreChip, lcWsChip, lcStatsBanner, ACCOUNT-LEVEL ORPHAN section) are absent from the 13 May file; the field must be found by its data, not its element id."
UI-FP-084,UI,Wallet expanded detail C Friction: Fill-vs-limit bps,Shows friction_fills[].fill_vs_limit_bps from append_only/send_attempts.csv + order_intents.csv as side-adjusted bps vs limit (provenance APP_DERIVED; rows OWNED_COPY; can affect send: NO; execution truth: NO).,local-trading/Hyperliquid scanner/_archive/hl_stage2/acceptance_reports/dashboard_field_proof_20260511_124846.csv,APPLIES,,Engine/exchange truth at time T -> API endpoint payload -> rendered cell text at time T (DOM capture),Independent read of the same exchange/engine truth recomputed by a script that does not import HL_Copy_App_SSOT.py,source unavailable shows n/a/Unavailable not 0 | stale source flagged | API error surfaced,2026-05-11 field proof: PASS,NOT_TESTED,,,,"Field-level baseline; may overlap UI-LCC-*/UI-SSOT-* cells. OD-21 decided: certify against the 13 May UI. Elements named only in the 11 May proof (lcCoreChip, lcWsChip, lcStatsBanner, ACCOUNT-LEVEL ORPHAN section) are absent from the 13 May file; the field must be found by its data, not its element id."
UI-FP-085,UI,Wallet expanded detail C Friction: Friction OID,Shows friction_fills[].oid from append_only/send_attempts.csv + order_intents.csv as exchange order id (provenance APP_DERIVED; rows OWNED_COPY; can affect send: NO; execution truth: NO).,local-trading/Hyperliquid scanner/_archive/hl_stage2/acceptance_reports/dashboard_field_proof_20260511_124846.csv,APPLIES,,Engine/exchange truth at time T -> API endpoint payload -> rendered cell text at time T (DOM capture),Independent read of the same exchange/engine truth recomputed by a script that does not import HL_Copy_App_SSOT.py,source unavailable shows n/a/Unavailable not 0 | stale source flagged | API error surfaced,2026-05-11 field proof: PASS,NOT_TESTED,,,,"Field-level baseline; may overlap UI-LCC-*/UI-SSOT-* cells. OD-21 decided: certify against the 13 May UI. Elements named only in the 11 May proof (lcCoreChip, lcWsChip, lcStatsBanner, ACCOUNT-LEVEL ORPHAN section) are absent from the 13 May file; the field must be found by its data, not its element id."
UI-FP-086,UI,Real User Copy Positions / OWNED COPY POSITIONS: Owned wallet,Shows leader_wallet from manual_live_positions.json/exchange_account_snapshot.json as manual ledger wallet (provenance MANUAL_LEDGER; rows OWNED_COPY; can affect send: NO; execution truth: NO).,local-trading/Hyperliquid scanner/_archive/hl_stage2/acceptance_reports/dashboard_field_proof_20260511_124846.csv,APPLIES,,Engine/exchange truth at time T -> API endpoint payload -> rendered cell text at time T (DOM capture),Independent read of the same exchange/engine truth recomputed by a script that does not import HL_Copy_App_SSOT.py,source unavailable shows n/a/Unavailable not 0 | stale source flagged | API error surfaced,2026-05-11 field proof: PASS,NOT_TESTED,,,,"Field-level baseline; may overlap UI-LCC-*/UI-SSOT-* cells. OD-21 decided: certify against the 13 May UI. Elements named only in the 11 May proof (lcCoreChip, lcWsChip, lcStatsBanner, ACCOUNT-LEVEL ORPHAN section) are absent from the 13 May file; the field must be found by its data, not its element id."
UI-FP-087,UI,Real User Copy Positions / OWNED COPY POSITIONS: Owned coin,Shows coin from manual_live_positions.json/exchange_account_snapshot.json as manual ledger coin (provenance MANUAL_LEDGER; rows OWNED_COPY; can affect send: NO; execution truth: NO).,local-trading/Hyperliquid scanner/_archive/hl_stage2/acceptance_reports/dashboard_field_proof_20260511_124846.csv,APPLIES,,Engine/exchange truth at time T -> API endpoint payload -> rendered cell text at time T (DOM capture),Independent read of the same exchange/engine truth recomputed by a script that does not import HL_Copy_App_SSOT.py,source unavailable shows n/a/Unavailable not 0 | stale source flagged | API error surfaced,2026-05-11 field proof: PASS,NOT_TESTED,,,,"Field-level baseline; may overlap UI-LCC-*/UI-SSOT-* cells. OD-21 decided: certify against the 13 May UI. Elements named only in the 11 May proof (lcCoreChip, lcWsChip, lcStatsBanner, ACCOUNT-LEVEL ORPHAN section) are absent from the 13 May file; the field must be found by its data, not its element id."
UI-FP-088,UI,Real User Copy Positions / OWNED COPY POSITIONS: Owned side,Shows side from manual_live_positions.json/exchange_account_snapshot.json as sign(manual signed_size) (provenance MANUAL_LEDGER; rows OWNED_COPY; can affect send: NO; execution truth: NO).,local-trading/Hyperliquid scanner/_archive/hl_stage2/acceptance_reports/dashboard_field_proof_20260511_124846.csv,APPLIES,,Engine/exchange truth at time T -> API endpoint payload -> rendered cell text at time T (DOM capture),Independent read of the same exchange/engine truth recomputed by a script that does not import HL_Copy_App_SSOT.py,source unavailable shows n/a/Unavailable not 0 | stale source flagged | API error surfaced,2026-05-11 field proof: PASS,NOT_TESTED,,,,"Field-level baseline; may overlap UI-LCC-*/UI-SSOT-* cells. OD-21 decided: certify against the 13 May UI. Elements named only in the 11 May proof (lcCoreChip, lcWsChip, lcStatsBanner, ACCOUNT-LEVEL ORPHAN section) are absent from the 13 May file; the field must be found by its data, not its element id."
UI-FP-089,UI,Real User Copy Positions / OWNED COPY POSITIONS: Owned signed size,Shows signed_size from manual_live_positions.json/exchange_account_snapshot.json as manual sleeve signed_size (provenance MANUAL_LEDGER; rows OWNED_COPY; can affect send: NO; execution truth: NO).,local-trading/Hyperliquid scanner/_archive/hl_stage2/acceptance_reports/dashboard_field_proof_20260511_124846.csv,APPLIES,,Engine/exchange truth at time T -> API endpoint payload -> rendered cell text at time T (DOM capture),Independent read of the same exchange/engine truth recomputed by a script that does not import HL_Copy_App_SSOT.py,source unavailable shows n/a/Unavailable not 0 | stale source flagged | API error surfaced,2026-05-11 field proof: PASS,NOT_TESTED,,,,"Field-level baseline; may overlap UI-LCC-*/UI-SSOT-* cells. OD-21 decided: certify against the 13 May UI. Elements named only in the 11 May proof (lcCoreChip, lcWsChip, lcStatsBanner, ACCOUNT-LEVEL ORPHAN section) are absent from the 13 May file; the field must be found by its data, not its element id."
UI-FP-090,UI,Real User Copy Positions / OWNED COPY POSITIONS: Owned avg entry,Shows avg_entry_px from manual_live_positions.json/exchange_account_snapshot.json as manual avg_entry_px (provenance MANUAL_LEDGER; rows OWNED_COPY; can affect send: NO; execution truth: NO).,local-trading/Hyperliquid scanner/_archive/hl_stage2/acceptance_reports/dashboard_field_proof_20260511_124846.csv,APPLIES,,Engine/exchange truth at time T -> API endpoint payload -> rendered cell text at time T (DOM capture),Independent read of the same exchange/engine truth recomputed by a script that does not import HL_Copy_App_SSOT.py,source unavailable shows n/a/Unavailable not 0 | stale source flagged | API error surfaced,2026-05-11 field proof: PASS,NOT_TESTED,,,,"Field-level baseline; may overlap UI-LCC-*/UI-SSOT-* cells. OD-21 decided: certify against the 13 May UI. Elements named only in the 11 May proof (lcCoreChip, lcWsChip, lcStatsBanner, ACCOUNT-LEVEL ORPHAN section) are absent from the 13 May file; the field must be found by its data, not its element id."
UI-FP-091,UI,Real User Copy Positions / OWNED COPY POSITIONS: Owned ledger/exchange,Shows ledger_vs_exchange from manual_live_positions.json/exchange_account_snapshot.json as classification from manual vs exchange (provenance APP_DERIVED; rows OWNED_COPY; can affect send: NO; execution truth: NO).,local-trading/Hyperliquid scanner/_archive/hl_stage2/acceptance_reports/dashboard_field_proof_20260511_124846.csv,APPLIES,,Engine/exchange truth at time T -> API endpoint payload -> rendered cell text at time T (DOM capture),Independent read of the same exchange/engine truth recomputed by a script that does not import HL_Copy_App_SSOT.py,source unavailable shows n/a/Unavailable not 0 | stale source flagged | API error surfaced,2026-05-11 field proof: FAIL (does not render literal OWNED_COPY provenance badge; section title is not per-row provenance),NOT_TESTED,,,,"Field-level baseline; may overlap UI-LCC-*/UI-SSOT-* cells. OD-21 decided: certify against the 13 May UI. Elements named only in the 11 May proof (lcCoreChip, lcWsChip, lcStatsBanner, ACCOUNT-LEVEL ORPHAN section) are absent from the 13 May file; the field must be found by its data, not its element id."
UI-FP-092,UI,Real User Copy Positions / OWNED COPY POSITIONS: Owned exchange size,"Shows exchange_signed_size from manual_live_positions.json/exchange_account_snapshot.json as account-level net for coin, explicitly labelled Exchange size (provenance EXCHANGE_ACCOUNT; rows OWNED_COPY; can affect send: NO; execution truth: NO).",local-trading/Hyperliquid scanner/_archive/hl_stage2/acceptance_reports/dashboard_field_proof_20260511_124846.csv,APPLIES,,Engine/exchange truth at time T -> API endpoint payload -> rendered cell text at time T (DOM capture),Independent read of the same exchange/engine truth recomputed by a script that does not import HL_Copy_App_SSOT.py,source unavailable shows n/a/Unavailable not 0 | stale source flagged | API error surfaced,2026-05-11 field proof: PASS,NOT_TESTED,,,,"Field-level baseline; may overlap UI-LCC-*/UI-SSOT-* cells. OD-21 decided: certify against the 13 May UI. Elements named only in the 11 May proof (lcCoreChip, lcWsChip, lcStatsBanner, ACCOUNT-LEVEL ORPHAN section) are absent from the 13 May file; the field must be found by its data, not its element id."
UI-FP-093,UI,Real User Copy Positions / OWNED COPY POSITIONS: Owned last copy fill,Shows last_copy_fill_id/last_oid from manual_live_positions.json/exchange_account_snapshot.json as manual sleeve last fill/order id (provenance MANUAL_LEDGER; rows OWNED_COPY; can affect send: NO; execution truth: NO).,local-trading/Hyperliquid scanner/_archive/hl_stage2/acceptance_reports/dashboard_field_proof_20260511_124846.csv,APPLIES,,Engine/exchange truth at time T -> API endpoint payload -> rendered cell text at time T (DOM capture),Independent read of the same exchange/engine truth recomputed by a script that does not import HL_Copy_App_SSOT.py,source unavailable shows n/a/Unavailable not 0 | stale source flagged | API error surfaced,2026-05-11 field proof: PASS,NOT_TESTED,,,,"Field-level baseline; may overlap UI-LCC-*/UI-SSOT-* cells. OD-21 decided: certify against the 13 May UI. Elements named only in the 11 May proof (lcCoreChip, lcWsChip, lcStatsBanner, ACCOUNT-LEVEL ORPHAN section) are absent from the 13 May file; the field must be found by its data, not its element id."
UI-FP-094,UI,Real User Copy Positions / OWNED COPY POSITIONS: Owned last updated,Shows last_updated_at from manual_live_positions.json/exchange_account_snapshot.json as manual sleeve timestamp (provenance MANUAL_LEDGER; rows OWNED_COPY; can affect send: NO; execution truth: NO).,local-trading/Hyperliquid scanner/_archive/hl_stage2/acceptance_reports/dashboard_field_proof_20260511_124846.csv,APPLIES,,Engine/exchange truth at time T -> API endpoint payload -> rendered cell text at time T (DOM capture),Independent read of the same exchange/engine truth recomputed by a script that does not import HL_Copy_App_SSOT.py,source unavailable shows n/a/Unavailable not 0 | stale source flagged | API error surfaced,2026-05-11 field proof: PASS,NOT_TESTED,,,,"Field-level baseline; may overlap UI-LCC-*/UI-SSOT-* cells. OD-21 decided: certify against the 13 May UI. Elements named only in the 11 May proof (lcCoreChip, lcWsChip, lcStatsBanner, ACCOUNT-LEVEL ORPHAN section) are absent from the 13 May file; the field must be found by its data, not its element id."
UI-FP-095,UI,Real User Copy Positions / ACCOUNT-LEVEL ORPHAN EXCHANGE: Orphan coin,Shows coin from exchange_account_snapshot.json as exchange position coin (provenance EXCHANGE_ACCOUNT; rows ACCOUNT_LEVEL_ONLY; can affect send: NO; execution truth: NO).,local-trading/Hyperliquid scanner/_archive/hl_stage2/acceptance_reports/dashboard_field_proof_20260511_124846.csv,APPLIES,,Engine/exchange truth at time T -> API endpoint payload -> rendered cell text at time T (DOM capture),Independent read of the same exchange/engine truth recomputed by a script that does not import HL_Copy_App_SSOT.py,source unavailable shows n/a/Unavailable not 0 | stale source flagged | API error surfaced,2026-05-11 field proof: PASS,NOT_TESTED,,,,"Field-level baseline; may overlap UI-LCC-*/UI-SSOT-* cells. OD-21 decided: certify against the 13 May UI. Elements named only in the 11 May proof (lcCoreChip, lcWsChip, lcStatsBanner, ACCOUNT-LEVEL ORPHAN section) are absent from the 13 May file; the field must be found by its data, not its element id."
UI-FP-096,UI,Real User Copy Positions / ACCOUNT-LEVEL ORPHAN EXCHANGE: Orphan exchange size,Shows exchange_signed_size from exchange_account_snapshot.json as exchange account signed_size (provenance EXCHANGE_ACCOUNT; rows ACCOUNT_LEVEL_ONLY; can affect send: NO; execution truth: NO).,local-trading/Hyperliquid scanner/_archive/hl_stage2/acceptance_reports/dashboard_field_proof_20260511_124846.csv,APPLIES,,Engine/exchange truth at time T -> API endpoint payload -> rendered cell text at time T (DOM capture),Independent read of the same exchange/engine truth recomputed by a script that does not import HL_Copy_App_SSOT.py,source unavailable shows n/a/Unavailable not 0 | stale source flagged | API error surfaced,2026-05-11 field proof: PASS,NOT_TESTED,,,,"Field-level baseline; may overlap UI-LCC-*/UI-SSOT-* cells. OD-21 decided: certify against the 13 May UI. Elements named only in the 11 May proof (lcCoreChip, lcWsChip, lcStatsBanner, ACCOUNT-LEVEL ORPHAN section) are absent from the 13 May file; the field must be found by its data, not its element id."
UI-FP-097,UI,Real User Copy Positions / ACCOUNT-LEVEL ORPHAN EXCHANGE: Orphan entry px,Shows entry_px from exchange_account_snapshot.json as exchange account entry_px (provenance EXCHANGE_ACCOUNT; rows ACCOUNT_LEVEL_ONLY; can affect send: NO; execution truth: NO).,local-trading/Hyperliquid scanner/_archive/hl_stage2/acceptance_reports/dashboard_field_proof_20260511_124846.csv,APPLIES,,Engine/exchange truth at time T -> API endpoint payload -> rendered cell text at time T (DOM capture),Independent read of the same exchange/engine truth recomputed by a script that does not import HL_Copy_App_SSOT.py,source unavailable shows n/a/Unavailable not 0 | stale source flagged | API error surfaced,2026-05-11 field proof: PASS,NOT_TESTED,,,,"Field-level baseline; may overlap UI-LCC-*/UI-SSOT-* cells. OD-21 decided: certify against the 13 May UI. Elements named only in the 11 May proof (lcCoreChip, lcWsChip, lcStatsBanner, ACCOUNT-LEVEL ORPHAN section) are absent from the 13 May file; the field must be found by its data, not its element id."
UI-FP-098,UI,Real User Copy Positions / ACCOUNT-LEVEL ORPHAN EXCHANGE: Orphan mark px,Shows mark_px from exchange_account_snapshot.json as exchange account mark_px (provenance EXCHANGE_ACCOUNT; rows ACCOUNT_LEVEL_ONLY; can affect send: NO; execution truth: NO).,local-trading/Hyperliquid scanner/_archive/hl_stage2/acceptance_reports/dashboard_field_proof_20260511_124846.csv,APPLIES,,Engine/exchange truth at time T -> API endpoint payload -> rendered cell text at time T (DOM capture),Independent read of the same exchange/engine truth recomputed by a script that does not import HL_Copy_App_SSOT.py,source unavailable shows n/a/Unavailable not 0 | stale source flagged | API error surfaced,2026-05-11 field proof: PASS,NOT_TESTED,,,,"Field-level baseline; may overlap UI-LCC-*/UI-SSOT-* cells. OD-21 decided: certify against the 13 May UI. Elements named only in the 11 May proof (lcCoreChip, lcWsChip, lcStatsBanner, ACCOUNT-LEVEL ORPHAN section) are absent from the 13 May file; the field must be found by its data, not its element id."
UI-FP-099,UI,Real User Copy Positions / ACCOUNT-LEVEL ORPHAN EXCHANGE: Orphan unrealized PnL,Shows unrealized_pnl from exchange_account_snapshot.json as exchange account unrealizedPnl (provenance EXCHANGE_ACCOUNT; rows ACCOUNT_LEVEL_ONLY; can affect send: NO; execution truth: NO).,local-trading/Hyperliquid scanner/_archive/hl_stage2/acceptance_reports/dashboard_field_proof_20260511_124846.csv,APPLIES,,Engine/exchange truth at time T -> API endpoint payload -> rendered cell text at time T (DOM capture),Independent read of the same exchange/engine truth recomputed by a script that does not import HL_Copy_App_SSOT.py,source unavailable shows n/a/Unavailable not 0 | stale source flagged | API error surfaced,2026-05-11 field proof: PASS,NOT_TESTED,,,,"Field-level baseline; may overlap UI-LCC-*/UI-SSOT-* cells. OD-21 decided: certify against the 13 May UI. Elements named only in the 11 May proof (lcCoreChip, lcWsChip, lcStatsBanner, ACCOUNT-LEVEL ORPHAN section) are absent from the 13 May file; the field must be found by its data, not its element id."
UI-FP-100,UI,Real User Copy Positions / ACCOUNT-LEVEL ORPHAN EXCHANGE: Orphan status,Shows ledger_vs_exchange from exchange_account_snapshot.json as ACCOUNT_LEVEL_ONLY / ORPHAN_EXCHANGE badge (provenance APP_DERIVED; rows ACCOUNT_LEVEL_ONLY; can affect send: NO; execution truth: NO).,local-trading/Hyperliquid scanner/_archive/hl_stage2/acceptance_reports/dashboard_field_proof_20260511_124846.csv,APPLIES,,Engine/exchange truth at time T -> API endpoint payload -> rendered cell text at time T (DOM capture),Independent read of the same exchange/engine truth recomputed by a script that does not import HL_Copy_App_SSOT.py,source unavailable shows n/a/Unavailable not 0 | stale source flagged | API error surfaced,2026-05-11 field proof: PASS,NOT_TESTED,,,,"Field-level baseline; may overlap UI-LCC-*/UI-SSOT-* cells. OD-21 decided: certify against the 13 May UI. Elements named only in the 11 May proof (lcCoreChip, lcWsChip, lcStatsBanner, ACCOUNT-LEVEL ORPHAN section) are absent from the 13 May file; the field must be found by its data, not its element id."
UI-FP-101,UI,Real User Copy Positions / ACCOUNT-LEVEL ORPHAN EXCHANGE: Orphan context,Shows reconciliation_note from exchange_account_snapshot.json as NO OWNED SLEEVE/explanation (provenance APP_DERIVED; rows ACCOUNT_LEVEL_ONLY; can affect send: NO; execution truth: NO).,local-trading/Hyperliquid scanner/_archive/hl_stage2/acceptance_reports/dashboard_field_proof_20260511_124846.csv,APPLIES,,Engine/exchange truth at time T -> API endpoint payload -> rendered cell text at time T (DOM capture),Independent read of the same exchange/engine truth recomputed by a script that does not import HL_Copy_App_SSOT.py,source unavailable shows n/a/Unavailable not 0 | stale source flagged | API error surfaced,2026-05-11 field proof: PASS,NOT_TESTED,,,,"Field-level baseline; may overlap UI-LCC-*/UI-SSOT-* cells. OD-21 decided: certify against the 13 May UI. Elements named only in the 11 May proof (lcCoreChip, lcWsChip, lcStatsBanner, ACCOUNT-LEVEL ORPHAN section) are absent from the 13 May file; the field must be found by its data, not its element id."
UI-FP-102,UI,Positions tab: Shared-symbol residual row visibility,Shows real_copy_positions aggregate row from manual_live_positions.json/exchange_account_snapshot.json as aggregate shared net/residual should be visible as account-level context (provenance APP_DERIVED; rows ACCOUNT_LEVEL_ONLY; can affect send: NO; execution truth: NO).,local-trading/Hyperliquid scanner/_archive/hl_stage2/acceptance_reports/dashboard_field_proof_20260511_124846.csv,APPLIES,,Engine/exchange truth at time T -> API endpoint payload -> rendered cell text at time T (DOM capture),Independent read of the same exchange/engine truth recomputed by a script that does not import HL_Copy_App_SSOT.py,source unavailable shows n/a/Unavailable not 0 | stale source flagged | API error surfaced,2026-05-11 field proof: FAIL (aggregate shared-symbol residual row lacks row_type and is filtered out of owned_copy_positions/orphan_exchange_positions),NOT_TESTED,,,,"Field-level baseline; may overlap UI-LCC-*/UI-SSOT-* cells. OD-21 decided: certify against the 13 May UI. Elements named only in the 11 May proof (lcCoreChip, lcWsChip, lcStatsBanner, ACCOUNT-LEVEL ORPHAN section) are absent from the 13 May file; the field must be found by its data, not its element id."
UI-FP-103,UI,Execution Quality table: Time,Shows Time from append_only/send_attempts.csv + live_fills.csv as direct send_attempt/live_fill field or latency delta (provenance ENGINE_TRUTH; rows HEADER; can affect send: NO; execution truth: YES).,local-trading/Hyperliquid scanner/_archive/hl_stage2/acceptance_reports/dashboard_field_proof_20260511_124846.csv,APPLIES,,Engine/exchange truth at time T -> API endpoint payload -> rendered cell text at time T (DOM capture),Independent read of the same exchange/engine truth recomputed by a script that does not import HL_Copy_App_SSOT.py,source unavailable shows n/a/Unavailable not 0 | stale source flagged | API error surfaced,2026-05-11 field proof: PASS,NOT_TESTED,,,,"Field-level baseline; may overlap UI-LCC-*/UI-SSOT-* cells. OD-21 decided: certify against the 13 May UI. Elements named only in the 11 May proof (lcCoreChip, lcWsChip, lcStatsBanner, ACCOUNT-LEVEL ORPHAN section) are absent from the 13 May file; the field must be found by its data, not its element id."
UI-FP-104,UI,Execution Quality table: Wallet,Shows Wallet from append_only/send_attempts.csv + live_fills.csv as direct send_attempt/live_fill field or latency delta (provenance ENGINE_TRUTH; rows HEADER; can affect send: NO; execution truth: YES).,local-trading/Hyperliquid scanner/_archive/hl_stage2/acceptance_reports/dashboard_field_proof_20260511_124846.csv,APPLIES,,Engine/exchange truth at time T -> API endpoint payload -> rendered cell text at time T (DOM capture),Independent read of the same exchange/engine truth recomputed by a script that does not import HL_Copy_App_SSOT.py,source unavailable shows n/a/Unavailable not 0 | stale source flagged | API error surfaced,2026-05-11 field proof: PASS,NOT_TESTED,,,,"Field-level baseline; may overlap UI-LCC-*/UI-SSOT-* cells. OD-21 decided: certify against the 13 May UI. Elements named only in the 11 May proof (lcCoreChip, lcWsChip, lcStatsBanner, ACCOUNT-LEVEL ORPHAN section) are absent from the 13 May file; the field must be found by its data, not its element id."
UI-FP-105,UI,Execution Quality table: Coin,Shows Coin from append_only/send_attempts.csv + live_fills.csv as direct send_attempt/live_fill field or latency delta (provenance ENGINE_TRUTH; rows HEADER; can affect send: NO; execution truth: YES).,local-trading/Hyperliquid scanner/_archive/hl_stage2/acceptance_reports/dashboard_field_proof_20260511_124846.csv,APPLIES,,Engine/exchange truth at time T -> API endpoint payload -> rendered cell text at time T (DOM capture),Independent read of the same exchange/engine truth recomputed by a script that does not import HL_Copy_App_SSOT.py,source unavailable shows n/a/Unavailable not 0 | stale source flagged | API error surfaced,2026-05-11 field proof: PASS,NOT_TESTED,,,,"Field-level baseline; may overlap UI-LCC-*/UI-SSOT-* cells. OD-21 decided: certify against the 13 May UI. Elements named only in the 11 May proof (lcCoreChip, lcWsChip, lcStatsBanner, ACCOUNT-LEVEL ORPHAN section) are absent from the 13 May file; the field must be found by its data, not its element id."
UI-FP-106,UI,Execution Quality table: Side,Shows Side from append_only/send_attempts.csv + live_fills.csv as direct send_attempt/live_fill field or latency delta (provenance ENGINE_TRUTH; rows HEADER; can affect send: NO; execution truth: YES).,local-trading/Hyperliquid scanner/_archive/hl_stage2/acceptance_reports/dashboard_field_proof_20260511_124846.csv,APPLIES,,Engine/exchange truth at time T -> API endpoint payload -> rendered cell text at time T (DOM capture),Independent read of the same exchange/engine truth recomputed by a script that does not import HL_Copy_App_SSOT.py,source unavailable shows n/a/Unavailable not 0 | stale source flagged | API error surfaced,2026-05-11 field proof: PASS,NOT_TESTED,,,,"Field-level baseline; may overlap UI-LCC-*/UI-SSOT-* cells. OD-21 decided: certify against the 13 May UI. Elements named only in the 11 May proof (lcCoreChip, lcWsChip, lcStatsBanner, ACCOUNT-LEVEL ORPHAN section) are absent from the 13 May file; the field must be found by its data, not its element id."
UI-FP-107,UI,Execution Quality table: Status,Shows Status from append_only/send_attempts.csv + live_fills.csv as direct send_attempt/live_fill field or latency delta (provenance ENGINE_TRUTH; rows HEADER; can affect send: NO; execution truth: YES).,local-trading/Hyperliquid scanner/_archive/hl_stage2/acceptance_reports/dashboard_field_proof_20260511_124846.csv,APPLIES,,Engine/exchange truth at time T -> API endpoint payload -> rendered cell text at time T (DOM capture),Independent read of the same exchange/engine truth recomputed by a script that does not import HL_Copy_App_SSOT.py,source unavailable shows n/a/Unavailable not 0 | stale source flagged | API error surfaced,2026-05-11 field proof: PASS,NOT_TESTED,,,,"Field-level baseline; may overlap UI-LCC-*/UI-SSOT-* cells. OD-21 decided: certify against the 13 May UI. Elements named only in the 11 May proof (lcCoreChip, lcWsChip, lcStatsBanner, ACCOUNT-LEVEL ORPHAN section) are absent from the 13 May file; the field must be found by its data, not its element id."
UI-FP-108,UI,Execution Quality table: Terminal state,Shows Terminal state from append_only/send_attempts.csv + live_fills.csv as direct send_attempt/live_fill field or latency delta (provenance ENGINE_TRUTH; rows HEADER; can affect send: NO; execution truth: YES).,local-trading/Hyperliquid scanner/_archive/hl_stage2/acceptance_reports/dashboard_field_proof_20260511_124846.csv,APPLIES,,Engine/exchange truth at time T -> API endpoint payload -> rendered cell text at time T (DOM capture),Independent read of the same exchange/engine truth recomputed by a script that does not import HL_Copy_App_SSOT.py,source unavailable shows n/a/Unavailable not 0 | stale source flagged | API error surfaced,2026-05-11 field proof: PASS,NOT_TESTED,,,,"Field-level baseline; may overlap UI-LCC-*/UI-SSOT-* cells. OD-21 decided: certify against the 13 May UI. Elements named only in the 11 May proof (lcCoreChip, lcWsChip, lcStatsBanner, ACCOUNT-LEVEL ORPHAN section) are absent from the 13 May file; the field must be found by its data, not its element id."
UI-FP-109,UI,Execution Quality table: Operator action,Shows Operator action from append_only/send_attempts.csv + live_fills.csv as direct send_attempt/live_fill field or latency delta (provenance ENGINE_TRUTH; rows HEADER; can affect send: NO; execution truth: YES).,local-trading/Hyperliquid scanner/_archive/hl_stage2/acceptance_reports/dashboard_field_proof_20260511_124846.csv,APPLIES,,Engine/exchange truth at time T -> API endpoint payload -> rendered cell text at time T (DOM capture),Independent read of the same exchange/engine truth recomputed by a script that does not import HL_Copy_App_SSOT.py,source unavailable shows n/a/Unavailable not 0 | stale source flagged | API error surfaced,2026-05-11 field proof: PASS,NOT_TESTED,,,,"Field-level baseline; may overlap UI-LCC-*/UI-SSOT-* cells. OD-21 decided: certify against the 13 May UI. Elements named only in the 11 May proof (lcCoreChip, lcWsChip, lcStatsBanner, ACCOUNT-LEVEL ORPHAN section) are absent from the 13 May file; the field must be found by its data, not its element id."
UI-FP-110,UI,Execution Quality table: Reject category,Shows Reject category from append_only/send_attempts.csv + live_fills.csv as direct send_attempt/live_fill field or latency delta (provenance ENGINE_TRUTH; rows HEADER; can affect send: NO; execution truth: YES).,local-trading/Hyperliquid scanner/_archive/hl_stage2/acceptance_reports/dashboard_field_proof_20260511_124846.csv,APPLIES,,Engine/exchange truth at time T -> API endpoint payload -> rendered cell text at time T (DOM capture),Independent read of the same exchange/engine truth recomputed by a script that does not import HL_Copy_App_SSOT.py,source unavailable shows n/a/Unavailable not 0 | stale source flagged | API error surfaced,2026-05-11 field proof: PASS,NOT_TESTED,,,,"Field-level baseline; may overlap UI-LCC-*/UI-SSOT-* cells. OD-21 decided: certify against the 13 May UI. Elements named only in the 11 May proof (lcCoreChip, lcWsChip, lcStatsBanner, ACCOUNT-LEVEL ORPHAN section) are absent from the 13 May file; the field must be found by its data, not its element id."
UI-FP-111,UI,Execution Quality table: OID,Shows OID from append_only/send_attempts.csv + live_fills.csv as direct send_attempt/live_fill field or latency delta (provenance ENGINE_TRUTH; rows HEADER; can affect send: NO; execution truth: YES).,local-trading/Hyperliquid scanner/_archive/hl_stage2/acceptance_reports/dashboard_field_proof_20260511_124846.csv,APPLIES,,Engine/exchange truth at time T -> API endpoint payload -> rendered cell text at time T (DOM capture),Independent read of the same exchange/engine truth recomputed by a script that does not import HL_Copy_App_SSOT.py,source unavailable shows n/a/Unavailable not 0 | stale source flagged | API error surfaced,2026-05-11 field proof: PASS,NOT_TESTED,,,,"Field-level baseline; may overlap UI-LCC-*/UI-SSOT-* cells. OD-21 decided: certify against the 13 May UI. Elements named only in the 11 May proof (lcCoreChip, lcWsChip, lcStatsBanner, ACCOUNT-LEVEL ORPHAN section) are absent from the 13 May file; the field must be found by its data, not its element id."
UI-FP-112,UI,Execution Quality table: Fill avg px,Shows Fill avg px from append_only/send_attempts.csv + live_fills.csv as direct send_attempt/live_fill field or latency delta (provenance ENGINE_TRUTH; rows HEADER; can affect send: NO; execution truth: YES).,local-trading/Hyperliquid scanner/_archive/hl_stage2/acceptance_reports/dashboard_field_proof_20260511_124846.csv,APPLIES,,Engine/exchange truth at time T -> API endpoint payload -> rendered cell text at time T (DOM capture),Independent read of the same exchange/engine truth recomputed by a script that does not import HL_Copy_App_SSOT.py,source unavailable shows n/a/Unavailable not 0 | stale source flagged | API error surfaced,2026-05-11 field proof: PASS,NOT_TESTED,,,,"Field-level baseline; may overlap UI-LCC-*/UI-SSOT-* cells. OD-21 decided: certify against the 13 May UI. Elements named only in the 11 May proof (lcCoreChip, lcWsChip, lcStatsBanner, ACCOUNT-LEVEL ORPHAN section) are absent from the 13 May file; the field must be found by its data, not its element id."
UI-FP-113,UI,Execution Quality table: Size,Shows Size from append_only/send_attempts.csv + live_fills.csv as direct send_attempt/live_fill field or latency delta (provenance ENGINE_TRUTH; rows HEADER; can affect send: NO; execution truth: YES).,local-trading/Hyperliquid scanner/_archive/hl_stage2/acceptance_reports/dashboard_field_proof_20260511_124846.csv,APPLIES,,Engine/exchange truth at time T -> API endpoint payload -> rendered cell text at time T (DOM capture),Independent read of the same exchange/engine truth recomputed by a script that does not import HL_Copy_App_SSOT.py,source unavailable shows n/a/Unavailable not 0 | stale source flagged | API error surfaced,2026-05-11 field proof: PASS,NOT_TESTED,,,,"Field-level baseline; may overlap UI-LCC-*/UI-SSOT-* cells. OD-21 decided: certify against the 13 May UI. Elements named only in the 11 May proof (lcCoreChip, lcWsChip, lcStatsBanner, ACCOUNT-LEVEL ORPHAN section) are absent from the 13 May file; the field must be found by its data, not its element id."
UI-FP-114,UI,Execution Quality table: Pos before -> after,Shows Pos before -> after from append_only/send_attempts.csv + live_fills.csv as direct send_attempt/live_fill field or latency delta (provenance ENGINE_TRUTH; rows HEADER; can affect send: NO; execution truth: YES).,local-trading/Hyperliquid scanner/_archive/hl_stage2/acceptance_reports/dashboard_field_proof_20260511_124846.csv,APPLIES,,Engine/exchange truth at time T -> API endpoint payload -> rendered cell text at time T (DOM capture),Independent read of the same exchange/engine truth recomputed by a script that does not import HL_Copy_App_SSOT.py,source unavailable shows n/a/Unavailable not 0 | stale source flagged | API error surfaced,2026-05-11 field proof: PASS,NOT_TESTED,,,,"Field-level baseline; may overlap UI-LCC-*/UI-SSOT-* cells. OD-21 decided: certify against the 13 May UI. Elements named only in the 11 May proof (lcCoreChip, lcWsChip, lcStatsBanner, ACCOUNT-LEVEL ORPHAN section) are absent from the 13 May file; the field must be found by its data, not its element id."
UI-FP-115,UI,Execution Quality table: Leader?send ms,Shows Leader?send ms from append_only/send_attempts.csv + live_fills.csv as direct send_attempt/live_fill field or latency delta (provenance ENGINE_TRUTH; rows HEADER; can affect send: NO; execution truth: YES).,local-trading/Hyperliquid scanner/_archive/hl_stage2/acceptance_reports/dashboard_field_proof_20260511_124846.csv,APPLIES,,Engine/exchange truth at time T -> API endpoint payload -> rendered cell text at time T (DOM capture),Independent read of the same exchange/engine truth recomputed by a script that does not import HL_Copy_App_SSOT.py,source unavailable shows n/a/Unavailable not 0 | stale source flagged | API error surfaced,2026-05-11 field proof: PASS,NOT_TESTED,,,,"Field-level baseline; may overlap UI-LCC-*/UI-SSOT-* cells. OD-21 decided: certify against the 13 May UI. Elements named only in the 11 May proof (lcCoreChip, lcWsChip, lcStatsBanner, ACCOUNT-LEVEL ORPHAN section) are absent from the 13 May file; the field must be found by its data, not its element id."
UI-FP-116,UI,Execution Quality table: Total ms,Shows Total ms from append_only/send_attempts.csv + live_fills.csv as direct send_attempt/live_fill field or latency delta (provenance ENGINE_TRUTH; rows HEADER; can affect send: NO; execution truth: YES).,local-trading/Hyperliquid scanner/_archive/hl_stage2/acceptance_reports/dashboard_field_proof_20260511_124846.csv,APPLIES,,Engine/exchange truth at time T -> API endpoint payload -> rendered cell text at time T (DOM capture),Independent read of the same exchange/engine truth recomputed by a script that does not import HL_Copy_App_SSOT.py,source unavailable shows n/a/Unavailable not 0 | stale source flagged | API error surfaced,2026-05-11 field proof: PASS,NOT_TESTED,,,,"Field-level baseline; may overlap UI-LCC-*/UI-SSOT-* cells. OD-21 decided: certify against the 13 May UI. Elements named only in the 11 May proof (lcCoreChip, lcWsChip, lcStatsBanner, ACCOUNT-LEVEL ORPHAN section) are absent from the 13 May file; the field must be found by its data, not its element id."
UI-FP-117,UI,Execution Quality table: Symbol ms,Shows Symbol ms from append_only/send_attempts.csv + live_fills.csv as direct send_attempt/live_fill field or latency delta (provenance ENGINE_TRUTH; rows HEADER; can affect send: NO; execution truth: YES).,local-trading/Hyperliquid scanner/_archive/hl_stage2/acceptance_reports/dashboard_field_proof_20260511_124846.csv,APPLIES,,Engine/exchange truth at time T -> API endpoint payload -> rendered cell text at time T (DOM capture),Independent read of the same exchange/engine truth recomputed by a script that does not import HL_Copy_App_SSOT.py,source unavailable shows n/a/Unavailable not 0 | stale source flagged | API error surfaced,2026-05-11 field proof: PASS,NOT_TESTED,,,,"Field-level baseline; may overlap UI-LCC-*/UI-SSOT-* cells. OD-21 decided: certify against the 13 May UI. Elements named only in the 11 May proof (lcCoreChip, lcWsChip, lcStatsBanner, ACCOUNT-LEVEL ORPHAN section) are absent from the 13 May file; the field must be found by its data, not its element id."
UI-FP-118,UI,Execution Quality table: SDK ms,Shows SDK ms from append_only/send_attempts.csv + live_fills.csv as direct send_attempt/live_fill field or latency delta (provenance ENGINE_TRUTH; rows HEADER; can affect send: NO; execution truth: YES).,local-trading/Hyperliquid scanner/_archive/hl_stage2/acceptance_reports/dashboard_field_proof_20260511_124846.csv,APPLIES,,Engine/exchange truth at time T -> API endpoint payload -> rendered cell text at time T (DOM capture),Independent read of the same exchange/engine truth recomputed by a script that does not import HL_Copy_App_SSOT.py,source unavailable shows n/a/Unavailable not 0 | stale source flagged | API error surfaced,2026-05-11 field proof: PASS,NOT_TESTED,,,,"Field-level baseline; may overlap UI-LCC-*/UI-SSOT-* cells. OD-21 decided: certify against the 13 May UI. Elements named only in the 11 May proof (lcCoreChip, lcWsChip, lcStatsBanner, ACCOUNT-LEVEL ORPHAN section) are absent from the 13 May file; the field must be found by its data, not its element id."
UI-FP-119,UI,Execution Quality table: Exchange ms,Shows Exchange ms from append_only/send_attempts.csv + live_fills.csv as direct send_attempt/live_fill field or latency delta (provenance ENGINE_TRUTH; rows HEADER; can affect send: NO; execution truth: YES).,local-trading/Hyperliquid scanner/_archive/hl_stage2/acceptance_reports/dashboard_field_proof_20260511_124846.csv,APPLIES,,Engine/exchange truth at time T -> API endpoint payload -> rendered cell text at time T (DOM capture),Independent read of the same exchange/engine truth recomputed by a script that does not import HL_Copy_App_SSOT.py,source unavailable shows n/a/Unavailable not 0 | stale source flagged | API error surfaced,2026-05-11 field proof: PASS,NOT_TESTED,,,,"Field-level baseline; may overlap UI-LCC-*/UI-SSOT-* cells. OD-21 decided: certify against the 13 May UI. Elements named only in the 11 May proof (lcCoreChip, lcWsChip, lcStatsBanner, ACCOUNT-LEVEL ORPHAN section) are absent from the 13 May file; the field must be found by its data, not its element id."
UI-FP-120,UI,Execution Quality table: Error,Shows Error from append_only/send_attempts.csv + live_fills.csv as direct send_attempt/live_fill field or latency delta (provenance ENGINE_TRUTH; rows HEADER; can affect send: NO; execution truth: YES).,local-trading/Hyperliquid scanner/_archive/hl_stage2/acceptance_reports/dashboard_field_proof_20260511_124846.csv,APPLIES,,Engine/exchange truth at time T -> API endpoint payload -> rendered cell text at time T (DOM capture),Independent read of the same exchange/engine truth recomputed by a script that does not import HL_Copy_App_SSOT.py,source unavailable shows n/a/Unavailable not 0 | stale source flagged | API error surfaced,2026-05-11 field proof: PASS,NOT_TESTED,,,,"Field-level baseline; may overlap UI-LCC-*/UI-SSOT-* cells. OD-21 decided: certify against the 13 May UI. Elements named only in the 11 May proof (lcCoreChip, lcWsChip, lcStatsBanner, ACCOUNT-LEVEL ORPHAN section) are absent from the 13 May file; the field must be found by its data, not its element id."
UI-FP-121,UI,Order Intents / Audit table: Time,Shows Time from append_only/order_intents.csv + send_attempts.csv as direct intent/send join field (provenance ENGINE_TRUTH; rows HEADER; can affect send: NO; execution truth: YES).,local-trading/Hyperliquid scanner/_archive/hl_stage2/acceptance_reports/dashboard_field_proof_20260511_124846.csv,APPLIES,,Engine/exchange truth at time T -> API endpoint payload -> rendered cell text at time T (DOM capture),Independent read of the same exchange/engine truth recomputed by a script that does not import HL_Copy_App_SSOT.py,source unavailable shows n/a/Unavailable not 0 | stale source flagged | API error surfaced,2026-05-11 field proof: PASS,NOT_TESTED,,,,"Field-level baseline; may overlap UI-LCC-*/UI-SSOT-* cells. OD-21 decided: certify against the 13 May UI. Elements named only in the 11 May proof (lcCoreChip, lcWsChip, lcStatsBanner, ACCOUNT-LEVEL ORPHAN section) are absent from the 13 May file; the field must be found by its data, not its element id."
UI-FP-122,UI,Order Intents / Audit table: Wallet,Shows Wallet from append_only/order_intents.csv + send_attempts.csv as direct intent/send join field (provenance ENGINE_TRUTH; rows HEADER; can affect send: NO; execution truth: YES).,local-trading/Hyperliquid scanner/_archive/hl_stage2/acceptance_reports/dashboard_field_proof_20260511_124846.csv,APPLIES,,Engine/exchange truth at time T -> API endpoint payload -> rendered cell text at time T (DOM capture),Independent read of the same exchange/engine truth recomputed by a script that does not import HL_Copy_App_SSOT.py,source unavailable shows n/a/Unavailable not 0 | stale source flagged | API error surfaced,2026-05-11 field proof: PASS,NOT_TESTED,,,,"Field-level baseline; may overlap UI-LCC-*/UI-SSOT-* cells. OD-21 decided: certify against the 13 May UI. Elements named only in the 11 May proof (lcCoreChip, lcWsChip, lcStatsBanner, ACCOUNT-LEVEL ORPHAN section) are absent from the 13 May file; the field must be found by its data, not its element id."
UI-FP-123,UI,Order Intents / Audit table: Coin,Shows Coin from append_only/order_intents.csv + send_attempts.csv as direct intent/send join field (provenance ENGINE_TRUTH; rows HEADER; can affect send: NO; execution truth: YES).,local-trading/Hyperliquid scanner/_archive/hl_stage2/acceptance_reports/dashboard_field_proof_20260511_124846.csv,APPLIES,,Engine/exchange truth at time T -> API endpoint payload -> rendered cell text at time T (DOM capture),Independent read of the same exchange/engine truth recomputed by a script that does not import HL_Copy_App_SSOT.py,source unavailable shows n/a/Unavailable not 0 | stale source flagged | API error surfaced,2026-05-11 field proof: PASS,NOT_TESTED,,,,"Field-level baseline; may overlap UI-LCC-*/UI-SSOT-* cells. OD-21 decided: certify against the 13 May UI. Elements named only in the 11 May proof (lcCoreChip, lcWsChip, lcStatsBanner, ACCOUNT-LEVEL ORPHAN section) are absent from the 13 May file; the field must be found by its data, not its element id."
UI-FP-124,UI,Order Intents / Audit table: Side,Shows Side from append_only/order_intents.csv + send_attempts.csv as direct intent/send join field (provenance ENGINE_TRUTH; rows HEADER; can affect send: NO; execution truth: YES).,local-trading/Hyperliquid scanner/_archive/hl_stage2/acceptance_reports/dashboard_field_proof_20260511_124846.csv,APPLIES,,Engine/exchange truth at time T -> API endpoint payload -> rendered cell text at time T (DOM capture),Independent read of the same exchange/engine truth recomputed by a script that does not import HL_Copy_App_SSOT.py,source unavailable shows n/a/Unavailable not 0 | stale source flagged | API error surfaced,2026-05-11 field proof: PASS,NOT_TESTED,,,,"Field-level baseline; may overlap UI-LCC-*/UI-SSOT-* cells. OD-21 decided: certify against the 13 May UI. Elements named only in the 11 May proof (lcCoreChip, lcWsChip, lcStatsBanner, ACCOUNT-LEVEL ORPHAN section) are absent from the 13 May file; the field must be found by its data, not its element id."
UI-FP-125,UI,Order Intents / Audit table: Source/Reason,Shows Source/Reason from append_only/order_intents.csv + send_attempts.csv as direct intent/send join field (provenance ENGINE_TRUTH; rows HEADER; can affect send: NO; execution truth: YES).,local-trading/Hyperliquid scanner/_archive/hl_stage2/acceptance_reports/dashboard_field_proof_20260511_124846.csv,APPLIES,,Engine/exchange truth at time T -> API endpoint payload -> rendered cell text at time T (DOM capture),Independent read of the same exchange/engine truth recomputed by a script that does not import HL_Copy_App_SSOT.py,source unavailable shows n/a/Unavailable not 0 | stale source flagged | API error surfaced,2026-05-11 field proof: PASS,NOT_TESTED,,,,"Field-level baseline; may overlap UI-LCC-*/UI-SSOT-* cells. OD-21 decided: certify against the 13 May UI. Elements named only in the 11 May proof (lcCoreChip, lcWsChip, lcStatsBanner, ACCOUNT-LEVEL ORPHAN section) are absent from the 13 May file; the field must be found by its data, not its element id."
UI-FP-126,UI,Order Intents / Audit table: Status,Shows Status from append_only/order_intents.csv + send_attempts.csv as direct intent/send join field (provenance ENGINE_TRUTH; rows HEADER; can affect send: NO; execution truth: YES).,local-trading/Hyperliquid scanner/_archive/hl_stage2/acceptance_reports/dashboard_field_proof_20260511_124846.csv,APPLIES,,Engine/exchange truth at time T -> API endpoint payload -> rendered cell text at time T (DOM capture),Independent read of the same exchange/engine truth recomputed by a script that does not import HL_Copy_App_SSOT.py,source unavailable shows n/a/Unavailable not 0 | stale source flagged | API error surfaced,2026-05-11 field proof: PASS,NOT_TESTED,,,,"Field-level baseline; may overlap UI-LCC-*/UI-SSOT-* cells. OD-21 decided: certify against the 13 May UI. Elements named only in the 11 May proof (lcCoreChip, lcWsChip, lcStatsBanner, ACCOUNT-LEVEL ORPHAN section) are absent from the 13 May file; the field must be found by its data, not its element id."
UI-FP-127,UI,Order Intents / Audit table: Decision,Shows Decision from append_only/order_intents.csv + send_attempts.csv as direct intent/send join field (provenance ENGINE_TRUTH; rows HEADER; can affect send: NO; execution truth: YES).,local-trading/Hyperliquid scanner/_archive/hl_stage2/acceptance_reports/dashboard_field_proof_20260511_124846.csv,APPLIES,,Engine/exchange truth at time T -> API endpoint payload -> rendered cell text at time T (DOM capture),Independent read of the same exchange/engine truth recomputed by a script that does not import HL_Copy_App_SSOT.py,source unavailable shows n/a/Unavailable not 0 | stale source flagged | API error surfaced,2026-05-11 field proof: PASS,NOT_TESTED,,,,"Field-level baseline; may overlap UI-LCC-*/UI-SSOT-* cells. OD-21 decided: certify against the 13 May UI. Elements named only in the 11 May proof (lcCoreChip, lcWsChip, lcStatsBanner, ACCOUNT-LEVEL ORPHAN section) are absent from the 13 May file; the field must be found by its data, not its element id."
UI-FP-128,UI,Order Intents / Audit table: Decision reason,Shows Decision reason from append_only/order_intents.csv + send_attempts.csv as direct intent/send join field (provenance ENGINE_TRUTH; rows HEADER; can affect send: NO; execution truth: YES).,local-trading/Hyperliquid scanner/_archive/hl_stage2/acceptance_reports/dashboard_field_proof_20260511_124846.csv,APPLIES,,Engine/exchange truth at time T -> API endpoint payload -> rendered cell text at time T (DOM capture),Independent read of the same exchange/engine truth recomputed by a script that does not import HL_Copy_App_SSOT.py,source unavailable shows n/a/Unavailable not 0 | stale source flagged | API error surfaced,2026-05-11 field proof: PASS,NOT_TESTED,,,,"Field-level baseline; may overlap UI-LCC-*/UI-SSOT-* cells. OD-21 decided: certify against the 13 May UI. Elements named only in the 11 May proof (lcCoreChip, lcWsChip, lcStatsBanner, ACCOUNT-LEVEL ORPHAN section) are absent from the 13 May file; the field must be found by its data, not its element id."
UI-FP-129,UI,Order Intents / Audit table: Suggested limit,Shows Suggested limit from append_only/order_intents.csv + send_attempts.csv as direct intent/send join field (provenance ENGINE_TRUTH; rows HEADER; can affect send: NO; execution truth: YES).,local-trading/Hyperliquid scanner/_archive/hl_stage2/acceptance_reports/dashboard_field_proof_20260511_124846.csv,APPLIES,,Engine/exchange truth at time T -> API endpoint payload -> rendered cell text at time T (DOM capture),Independent read of the same exchange/engine truth recomputed by a script that does not import HL_Copy_App_SSOT.py,source unavailable shows n/a/Unavailable not 0 | stale source flagged | API error surfaced,2026-05-11 field proof: PASS,NOT_TESTED,,,,"Field-level baseline; may overlap UI-LCC-*/UI-SSOT-* cells. OD-21 decided: certify against the 13 May UI. Elements named only in the 11 May proof (lcCoreChip, lcWsChip, lcStatsBanner, ACCOUNT-LEVEL ORPHAN section) are absent from the 13 May file; the field must be found by its data, not its element id."
UI-FP-130,UI,Order Intents / Audit table: Diff %,Shows Diff % from append_only/order_intents.csv + send_attempts.csv as direct intent/send join field (provenance ENGINE_TRUTH; rows HEADER; can affect send: NO; execution truth: YES).,local-trading/Hyperliquid scanner/_archive/hl_stage2/acceptance_reports/dashboard_field_proof_20260511_124846.csv,APPLIES,,Engine/exchange truth at time T -> API endpoint payload -> rendered cell text at time T (DOM capture),Independent read of the same exchange/engine truth recomputed by a script that does not import HL_Copy_App_SSOT.py,source unavailable shows n/a/Unavailable not 0 | stale source flagged | API error surfaced,2026-05-11 field proof: PASS,NOT_TESTED,,,,"Field-level baseline; may overlap UI-LCC-*/UI-SSOT-* cells. OD-21 decided: certify against the 13 May UI. Elements named only in the 11 May proof (lcCoreChip, lcWsChip, lcStatsBanner, ACCOUNT-LEVEL ORPHAN section) are absent from the 13 May file; the field must be found by its data, not its element id."
UI-FP-131,UI,Order Intents / Audit table: Manual?,Shows Manual? from append_only/order_intents.csv + send_attempts.csv as direct intent/send join field (provenance ENGINE_TRUTH; rows HEADER; can affect send: NO; execution truth: YES).,local-trading/Hyperliquid scanner/_archive/hl_stage2/acceptance_reports/dashboard_field_proof_20260511_124846.csv,APPLIES,,Engine/exchange truth at time T -> API endpoint payload -> rendered cell text at time T (DOM capture),Independent read of the same exchange/engine truth recomputed by a script that does not import HL_Copy_App_SSOT.py,source unavailable shows n/a/Unavailable not 0 | stale source flagged | API error surfaced,2026-05-11 field proof: PASS,NOT_TESTED,,,,"Field-level baseline; may overlap UI-LCC-*/UI-SSOT-* cells. OD-21 decided: certify against the 13 May UI. Elements named only in the 11 May proof (lcCoreChip, lcWsChip, lcStatsBanner, ACCOUNT-LEVEL ORPHAN section) are absent from the 13 May file; the field must be found by its data, not its element id."
UI-FP-132,UI,Order Intents / Audit table: Intent note,Shows Intent note from append_only/order_intents.csv + send_attempts.csv as direct intent/send join field (provenance ENGINE_TRUTH; rows HEADER; can affect send: NO; execution truth: YES).,local-trading/Hyperliquid scanner/_archive/hl_stage2/acceptance_reports/dashboard_field_proof_20260511_124846.csv,APPLIES,,Engine/exchange truth at time T -> API endpoint payload -> rendered cell text at time T (DOM capture),Independent read of the same exchange/engine truth recomputed by a script that does not import HL_Copy_App_SSOT.py,source unavailable shows n/a/Unavailable not 0 | stale source flagged | API error surfaced,2026-05-11 field proof: PASS,NOT_TESTED,,,,"Field-level baseline; may overlap UI-LCC-*/UI-SSOT-* cells. OD-21 decided: certify against the 13 May UI. Elements named only in the 11 May proof (lcCoreChip, lcWsChip, lcStatsBanner, ACCOUNT-LEVEL ORPHAN section) are absent from the 13 May file; the field must be found by its data, not its element id."
UI-FP-133,UI,Order Intents / Audit table: Real order result,Shows Real order result from append_only/order_intents.csv + send_attempts.csv as direct intent/send join field (provenance ENGINE_TRUTH; rows HEADER; can affect send: NO; execution truth: YES).,local-trading/Hyperliquid scanner/_archive/hl_stage2/acceptance_reports/dashboard_field_proof_20260511_124846.csv,APPLIES,,Engine/exchange truth at time T -> API endpoint payload -> rendered cell text at time T (DOM capture),Independent read of the same exchange/engine truth recomputed by a script that does not import HL_Copy_App_SSOT.py,source unavailable shows n/a/Unavailable not 0 | stale source flagged | API error surfaced,2026-05-11 field proof: PASS,NOT_TESTED,,,,"Field-level baseline; may overlap UI-LCC-*/UI-SSOT-* cells. OD-21 decided: certify against the 13 May UI. Elements named only in the 11 May proof (lcCoreChip, lcWsChip, lcStatsBanner, ACCOUNT-LEVEL ORPHAN section) are absent from the 13 May file; the field must be found by its data, not its element id."
UI-FP-134,UI,Reconciliation / Actionable Critical Items: Event,Shows Event from append_only/reconciliation.csv/manual_live_positions.json/exchange_account_snapshot.json as direct reconciliation/manual/exchange field (provenance APP_DERIVED; rows HEADER; can affect send: NO; execution truth: NO).,local-trading/Hyperliquid scanner/_archive/hl_stage2/acceptance_reports/dashboard_field_proof_20260511_124846.csv,APPLIES,,Engine/exchange truth at time T -> API endpoint payload -> rendered cell text at time T (DOM capture),Independent read of the same exchange/engine truth recomputed by a script that does not import HL_Copy_App_SSOT.py,source unavailable shows n/a/Unavailable not 0 | stale source flagged | API error surfaced,2026-05-11 field proof: PASS,NOT_TESTED,,,,"Field-level baseline; may overlap UI-LCC-*/UI-SSOT-* cells. OD-21 decided: certify against the 13 May UI. Elements named only in the 11 May proof (lcCoreChip, lcWsChip, lcStatsBanner, ACCOUNT-LEVEL ORPHAN section) are absent from the 13 May file; the field must be found by its data, not its element id."
UI-FP-135,UI,Reconciliation / Actionable Critical Items: Status,Shows Status from append_only/reconciliation.csv/manual_live_positions.json/exchange_account_snapshot.json as direct reconciliation/manual/exchange field (provenance APP_DERIVED; rows HEADER; can affect send: NO; execution truth: NO).,local-trading/Hyperliquid scanner/_archive/hl_stage2/acceptance_reports/dashboard_field_proof_20260511_124846.csv,APPLIES,,Engine/exchange truth at time T -> API endpoint payload -> rendered cell text at time T (DOM capture),Independent read of the same exchange/engine truth recomputed by a script that does not import HL_Copy_App_SSOT.py,source unavailable shows n/a/Unavailable not 0 | stale source flagged | API error surfaced,2026-05-11 field proof: PASS,NOT_TESTED,,,,"Field-level baseline; may overlap UI-LCC-*/UI-SSOT-* cells. OD-21 decided: certify against the 13 May UI. Elements named only in the 11 May proof (lcCoreChip, lcWsChip, lcStatsBanner, ACCOUNT-LEVEL ORPHAN section) are absent from the 13 May file; the field must be found by its data, not its element id."
UI-FP-136,UI,Reconciliation / Actionable Critical Items: Action,Shows Action from append_only/reconciliation.csv/manual_live_positions.json/exchange_account_snapshot.json as direct reconciliation/manual/exchange field (provenance APP_DERIVED; rows HEADER; can affect send: NO; execution truth: NO).,local-trading/Hyperliquid scanner/_archive/hl_stage2/acceptance_reports/dashboard_field_proof_20260511_124846.csv,APPLIES,,Engine/exchange truth at time T -> API endpoint payload -> rendered cell text at time T (DOM capture),Independent read of the same exchange/engine truth recomputed by a script that does not import HL_Copy_App_SSOT.py,source unavailable shows n/a/Unavailable not 0 | stale source flagged | API error surfaced,2026-05-11 field proof: PASS,NOT_TESTED,,,,"Field-level baseline; may overlap UI-LCC-*/UI-SSOT-* cells. OD-21 decided: certify against the 13 May UI. Elements named only in the 11 May proof (lcCoreChip, lcWsChip, lcStatsBanner, ACCOUNT-LEVEL ORPHAN section) are absent from the 13 May file; the field must be found by its data, not its element id."
UI-FP-137,UI,Reconciliation / Actionable Critical Items: Reject category,Shows Reject category from append_only/reconciliation.csv/manual_live_positions.json/exchange_account_snapshot.json as direct reconciliation/manual/exchange field (provenance APP_DERIVED; rows HEADER; can affect send: NO; execution truth: NO).,local-trading/Hyperliquid scanner/_archive/hl_stage2/acceptance_reports/dashboard_field_proof_20260511_124846.csv,APPLIES,,Engine/exchange truth at time T -> API endpoint payload -> rendered cell text at time T (DOM capture),Independent read of the same exchange/engine truth recomputed by a script that does not import HL_Copy_App_SSOT.py,source unavailable shows n/a/Unavailable not 0 | stale source flagged | API error surfaced,2026-05-11 field proof: PASS,NOT_TESTED,,,,"Field-level baseline; may overlap UI-LCC-*/UI-SSOT-* cells. OD-21 decided: certify against the 13 May UI. Elements named only in the 11 May proof (lcCoreChip, lcWsChip, lcStatsBanner, ACCOUNT-LEVEL ORPHAN section) are absent from the 13 May file; the field must be found by its data, not its element id."
UI-FP-138,UI,Reconciliation / Actionable Critical Items: Terminal state,Shows Terminal state from append_only/reconciliation.csv/manual_live_positions.json/exchange_account_snapshot.json as direct reconciliation/manual/exchange field (provenance APP_DERIVED; rows HEADER; can affect send: NO; execution truth: NO).,local-trading/Hyperliquid scanner/_archive/hl_stage2/acceptance_reports/dashboard_field_proof_20260511_124846.csv,APPLIES,,Engine/exchange truth at time T -> API endpoint payload -> rendered cell text at time T (DOM capture),Independent read of the same exchange/engine truth recomputed by a script that does not import HL_Copy_App_SSOT.py,source unavailable shows n/a/Unavailable not 0 | stale source flagged | API error surfaced,2026-05-11 field proof: PASS,NOT_TESTED,,,,"Field-level baseline; may overlap UI-LCC-*/UI-SSOT-* cells. OD-21 decided: certify against the 13 May UI. Elements named only in the 11 May proof (lcCoreChip, lcWsChip, lcStatsBanner, ACCOUNT-LEVEL ORPHAN section) are absent from the 13 May file; the field must be found by its data, not its element id."
UI-FP-139,UI,Reconciliation / Actionable Critical Items: Coin,Shows Coin from append_only/reconciliation.csv/manual_live_positions.json/exchange_account_snapshot.json as direct reconciliation/manual/exchange field (provenance APP_DERIVED; rows HEADER; can affect send: NO; execution truth: NO).,local-trading/Hyperliquid scanner/_archive/hl_stage2/acceptance_reports/dashboard_field_proof_20260511_124846.csv,APPLIES,,Engine/exchange truth at time T -> API endpoint payload -> rendered cell text at time T (DOM capture),Independent read of the same exchange/engine truth recomputed by a script that does not import HL_Copy_App_SSOT.py,source unavailable shows n/a/Unavailable not 0 | stale source flagged | API error surfaced,2026-05-11 field proof: PASS,NOT_TESTED,,,,"Field-level baseline; may overlap UI-LCC-*/UI-SSOT-* cells. OD-21 decided: certify against the 13 May UI. Elements named only in the 11 May proof (lcCoreChip, lcWsChip, lcStatsBanner, ACCOUNT-LEVEL ORPHAN section) are absent from the 13 May file; the field must be found by its data, not its element id."
UI-FP-140,UI,Reconciliation / Actionable Critical Items: Wallet,Shows Wallet from append_only/reconciliation.csv/manual_live_positions.json/exchange_account_snapshot.json as direct reconciliation/manual/exchange field (provenance APP_DERIVED; rows HEADER; can affect send: NO; execution truth: NO).,local-trading/Hyperliquid scanner/_archive/hl_stage2/acceptance_reports/dashboard_field_proof_20260511_124846.csv,APPLIES,,Engine/exchange truth at time T -> API endpoint payload -> rendered cell text at time T (DOM capture),Independent read of the same exchange/engine truth recomputed by a script that does not import HL_Copy_App_SSOT.py,source unavailable shows n/a/Unavailable not 0 | stale source flagged | API error surfaced,2026-05-11 field proof: PASS,NOT_TESTED,,,,"Field-level baseline; may overlap UI-LCC-*/UI-SSOT-* cells. OD-21 decided: certify against the 13 May UI. Elements named only in the 11 May proof (lcCoreChip, lcWsChip, lcStatsBanner, ACCOUNT-LEVEL ORPHAN section) are absent from the 13 May file; the field must be found by its data, not its element id."
UI-FP-141,UI,Reconciliation / Actionable Critical Items: Intent,Shows Intent from append_only/reconciliation.csv/manual_live_positions.json/exchange_account_snapshot.json as direct reconciliation/manual/exchange field (provenance APP_DERIVED; rows HEADER; can affect send: NO; execution truth: NO).,local-trading/Hyperliquid scanner/_archive/hl_stage2/acceptance_reports/dashboard_field_proof_20260511_124846.csv,APPLIES,,Engine/exchange truth at time T -> API endpoint payload -> rendered cell text at time T (DOM capture),Independent read of the same exchange/engine truth recomputed by a script that does not import HL_Copy_App_SSOT.py,source unavailable shows n/a/Unavailable not 0 | stale source flagged | API error surfaced,2026-05-11 field proof: PASS,NOT_TESTED,,,,"Field-level baseline; may overlap UI-LCC-*/UI-SSOT-* cells. OD-21 decided: certify against the 13 May UI. Elements named only in the 11 May proof (lcCoreChip, lcWsChip, lcStatsBanner, ACCOUNT-LEVEL ORPHAN section) are absent from the 13 May file; the field must be found by its data, not its element id."
UI-FP-142,UI,Reconciliation / Actionable Critical Items: Notes,Shows Notes from append_only/reconciliation.csv/manual_live_positions.json/exchange_account_snapshot.json as direct reconciliation/manual/exchange field (provenance APP_DERIVED; rows HEADER; can affect send: NO; execution truth: NO).,local-trading/Hyperliquid scanner/_archive/hl_stage2/acceptance_reports/dashboard_field_proof_20260511_124846.csv,APPLIES,,Engine/exchange truth at time T -> API endpoint payload -> rendered cell text at time T (DOM capture),Independent read of the same exchange/engine truth recomputed by a script that does not import HL_Copy_App_SSOT.py,source unavailable shows n/a/Unavailable not 0 | stale source flagged | API error surfaced,2026-05-11 field proof: PASS,NOT_TESTED,,,,"Field-level baseline; may overlap UI-LCC-*/UI-SSOT-* cells. OD-21 decided: certify against the 13 May UI. Elements named only in the 11 May proof (lcCoreChip, lcWsChip, lcStatsBanner, ACCOUNT-LEVEL ORPHAN section) are absent from the 13 May file; the field must be found by its data, not its element id."
UI-FP-143,UI,Reconciliation / Warnings: Event,Shows Event from append_only/reconciliation.csv/manual_live_positions.json/exchange_account_snapshot.json as direct reconciliation/manual/exchange field (provenance APP_DERIVED; rows HEADER; can affect send: NO; execution truth: NO).,local-trading/Hyperliquid scanner/_archive/hl_stage2/acceptance_reports/dashboard_field_proof_20260511_124846.csv,APPLIES,,Engine/exchange truth at time T -> API endpoint payload -> rendered cell text at time T (DOM capture),Independent read of the same exchange/engine truth recomputed by a script that does not import HL_Copy_App_SSOT.py,source unavailable shows n/a/Unavailable not 0 | stale source flagged | API error surfaced,2026-05-11 field proof: PASS,NOT_TESTED,,,,"Field-level baseline; may overlap UI-LCC-*/UI-SSOT-* cells. OD-21 decided: certify against the 13 May UI. Elements named only in the 11 May proof (lcCoreChip, lcWsChip, lcStatsBanner, ACCOUNT-LEVEL ORPHAN section) are absent from the 13 May file; the field must be found by its data, not its element id."
UI-FP-144,UI,Reconciliation / Warnings: Status,Shows Status from append_only/reconciliation.csv/manual_live_positions.json/exchange_account_snapshot.json as direct reconciliation/manual/exchange field (provenance APP_DERIVED; rows HEADER; can affect send: NO; execution truth: NO).,local-trading/Hyperliquid scanner/_archive/hl_stage2/acceptance_reports/dashboard_field_proof_20260511_124846.csv,APPLIES,,Engine/exchange truth at time T -> API endpoint payload -> rendered cell text at time T (DOM capture),Independent read of the same exchange/engine truth recomputed by a script that does not import HL_Copy_App_SSOT.py,source unavailable shows n/a/Unavailable not 0 | stale source flagged | API error surfaced,2026-05-11 field proof: PASS,NOT_TESTED,,,,"Field-level baseline; may overlap UI-LCC-*/UI-SSOT-* cells. OD-21 decided: certify against the 13 May UI. Elements named only in the 11 May proof (lcCoreChip, lcWsChip, lcStatsBanner, ACCOUNT-LEVEL ORPHAN section) are absent from the 13 May file; the field must be found by its data, not its element id."
UI-FP-145,UI,Reconciliation / Warnings: Action,Shows Action from append_only/reconciliation.csv/manual_live_positions.json/exchange_account_snapshot.json as direct reconciliation/manual/exchange field (provenance APP_DERIVED; rows HEADER; can affect send: NO; execution truth: NO).,local-trading/Hyperliquid scanner/_archive/hl_stage2/acceptance_reports/dashboard_field_proof_20260511_124846.csv,APPLIES,,Engine/exchange truth at time T -> API endpoint payload -> rendered cell text at time T (DOM capture),Independent read of the same exchange/engine truth recomputed by a script that does not import HL_Copy_App_SSOT.py,source unavailable shows n/a/Unavailable not 0 | stale source flagged | API error surfaced,2026-05-11 field proof: PASS,NOT_TESTED,,,,"Field-level baseline; may overlap UI-LCC-*/UI-SSOT-* cells. OD-21 decided: certify against the 13 May UI. Elements named only in the 11 May proof (lcCoreChip, lcWsChip, lcStatsBanner, ACCOUNT-LEVEL ORPHAN section) are absent from the 13 May file; the field must be found by its data, not its element id."
UI-FP-146,UI,Reconciliation / Warnings: Reject category,Shows Reject category from append_only/reconciliation.csv/manual_live_positions.json/exchange_account_snapshot.json as direct reconciliation/manual/exchange field (provenance APP_DERIVED; rows HEADER; can affect send: NO; execution truth: NO).,local-trading/Hyperliquid scanner/_archive/hl_stage2/acceptance_reports/dashboard_field_proof_20260511_124846.csv,APPLIES,,Engine/exchange truth at time T -> API endpoint payload -> rendered cell text at time T (DOM capture),Independent read of the same exchange/engine truth recomputed by a script that does not import HL_Copy_App_SSOT.py,source unavailable shows n/a/Unavailable not 0 | stale source flagged | API error surfaced,2026-05-11 field proof: PASS,NOT_TESTED,,,,"Field-level baseline; may overlap UI-LCC-*/UI-SSOT-* cells. OD-21 decided: certify against the 13 May UI. Elements named only in the 11 May proof (lcCoreChip, lcWsChip, lcStatsBanner, ACCOUNT-LEVEL ORPHAN section) are absent from the 13 May file; the field must be found by its data, not its element id."
UI-FP-147,UI,Reconciliation / Warnings: Terminal state,Shows Terminal state from append_only/reconciliation.csv/manual_live_positions.json/exchange_account_snapshot.json as direct reconciliation/manual/exchange field (provenance APP_DERIVED; rows HEADER; can affect send: NO; execution truth: NO).,local-trading/Hyperliquid scanner/_archive/hl_stage2/acceptance_reports/dashboard_field_proof_20260511_124846.csv,APPLIES,,Engine/exchange truth at time T -> API endpoint payload -> rendered cell text at time T (DOM capture),Independent read of the same exchange/engine truth recomputed by a script that does not import HL_Copy_App_SSOT.py,source unavailable shows n/a/Unavailable not 0 | stale source flagged | API error surfaced,2026-05-11 field proof: PASS,NOT_TESTED,,,,"Field-level baseline; may overlap UI-LCC-*/UI-SSOT-* cells. OD-21 decided: certify against the 13 May UI. Elements named only in the 11 May proof (lcCoreChip, lcWsChip, lcStatsBanner, ACCOUNT-LEVEL ORPHAN section) are absent from the 13 May file; the field must be found by its data, not its element id."
UI-FP-148,UI,Reconciliation / Warnings: Coin,Shows Coin from append_only/reconciliation.csv/manual_live_positions.json/exchange_account_snapshot.json as direct reconciliation/manual/exchange field (provenance APP_DERIVED; rows HEADER; can affect send: NO; execution truth: NO).,local-trading/Hyperliquid scanner/_archive/hl_stage2/acceptance_reports/dashboard_field_proof_20260511_124846.csv,APPLIES,,Engine/exchange truth at time T -> API endpoint payload -> rendered cell text at time T (DOM capture),Independent read of the same exchange/engine truth recomputed by a script that does not import HL_Copy_App_SSOT.py,source unavailable shows n/a/Unavailable not 0 | stale source flagged | API error surfaced,2026-05-11 field proof: PASS,NOT_TESTED,,,,"Field-level baseline; may overlap UI-LCC-*/UI-SSOT-* cells. OD-21 decided: certify against the 13 May UI. Elements named only in the 11 May proof (lcCoreChip, lcWsChip, lcStatsBanner, ACCOUNT-LEVEL ORPHAN section) are absent from the 13 May file; the field must be found by its data, not its element id."
UI-FP-149,UI,Reconciliation / Warnings: Wallet,Shows Wallet from append_only/reconciliation.csv/manual_live_positions.json/exchange_account_snapshot.json as direct reconciliation/manual/exchange field (provenance APP_DERIVED; rows HEADER; can affect send: NO; execution truth: NO).,local-trading/Hyperliquid scanner/_archive/hl_stage2/acceptance_reports/dashboard_field_proof_20260511_124846.csv,APPLIES,,Engine/exchange truth at time T -> API endpoint payload -> rendered cell text at time T (DOM capture),Independent read of the same exchange/engine truth recomputed by a script that does not import HL_Copy_App_SSOT.py,source unavailable shows n/a/Unavailable not 0 | stale source flagged | API error surfaced,2026-05-11 field proof: PASS,NOT_TESTED,,,,"Field-level baseline; may overlap UI-LCC-*/UI-SSOT-* cells. OD-21 decided: certify against the 13 May UI. Elements named only in the 11 May proof (lcCoreChip, lcWsChip, lcStatsBanner, ACCOUNT-LEVEL ORPHAN section) are absent from the 13 May file; the field must be found by its data, not its element id."
UI-FP-150,UI,Reconciliation / Warnings: Intent,Shows Intent from append_only/reconciliation.csv/manual_live_positions.json/exchange_account_snapshot.json as direct reconciliation/manual/exchange field (provenance APP_DERIVED; rows HEADER; can affect send: NO; execution truth: NO).,local-trading/Hyperliquid scanner/_archive/hl_stage2/acceptance_reports/dashboard_field_proof_20260511_124846.csv,APPLIES,,Engine/exchange truth at time T -> API endpoint payload -> rendered cell text at time T (DOM capture),Independent read of the same exchange/engine truth recomputed by a script that does not import HL_Copy_App_SSOT.py,source unavailable shows n/a/Unavailable not 0 | stale source flagged | API error surfaced,2026-05-11 field proof: PASS,NOT_TESTED,,,,"Field-level baseline; may overlap UI-LCC-*/UI-SSOT-* cells. OD-21 decided: certify against the 13 May UI. Elements named only in the 11 May proof (lcCoreChip, lcWsChip, lcStatsBanner, ACCOUNT-LEVEL ORPHAN section) are absent from the 13 May file; the field must be found by its data, not its element id."
UI-FP-151,UI,Reconciliation / Warnings: Notes,Shows Notes from append_only/reconciliation.csv/manual_live_positions.json/exchange_account_snapshot.json as direct reconciliation/manual/exchange field (provenance APP_DERIVED; rows HEADER; can affect send: NO; execution truth: NO).,local-trading/Hyperliquid scanner/_archive/hl_stage2/acceptance_reports/dashboard_field_proof_20260511_124846.csv,APPLIES,,Engine/exchange truth at time T -> API endpoint payload -> rendered cell text at time T (DOM capture),Independent read of the same exchange/engine truth recomputed by a script that does not import HL_Copy_App_SSOT.py,source unavailable shows n/a/Unavailable not 0 | stale source flagged | API error surfaced,2026-05-11 field proof: PASS,NOT_TESTED,,,,"Field-level baseline; may overlap UI-LCC-*/UI-SSOT-* cells. OD-21 decided: certify against the 13 May UI. Elements named only in the 11 May proof (lcCoreChip, lcWsChip, lcStatsBanner, ACCOUNT-LEVEL ORPHAN section) are absent from the 13 May file; the field must be found by its data, not its element id."
UI-FP-152,UI,Reconciliation / Historical / Legacy Items: Status,Shows Status from append_only/reconciliation.csv/manual_live_positions.json/exchange_account_snapshot.json as direct reconciliation/manual/exchange field (provenance APP_DERIVED; rows HEADER; can affect send: NO; execution truth: NO).,local-trading/Hyperliquid scanner/_archive/hl_stage2/acceptance_reports/dashboard_field_proof_20260511_124846.csv,APPLIES,,Engine/exchange truth at time T -> API endpoint payload -> rendered cell text at time T (DOM capture),Independent read of the same exchange/engine truth recomputed by a script that does not import HL_Copy_App_SSOT.py,source unavailable shows n/a/Unavailable not 0 | stale source flagged | API error surfaced,2026-05-11 field proof: PASS,NOT_TESTED,,,,"Field-level baseline; may overlap UI-LCC-*/UI-SSOT-* cells. OD-21 decided: certify against the 13 May UI. Elements named only in the 11 May proof (lcCoreChip, lcWsChip, lcStatsBanner, ACCOUNT-LEVEL ORPHAN section) are absent from the 13 May file; the field must be found by its data, not its element id."
UI-FP-153,UI,Reconciliation / Historical / Legacy Items: Wallet,Shows Wallet from append_only/reconciliation.csv/manual_live_positions.json/exchange_account_snapshot.json as direct reconciliation/manual/exchange field (provenance APP_DERIVED; rows HEADER; can affect send: NO; execution truth: NO).,local-trading/Hyperliquid scanner/_archive/hl_stage2/acceptance_reports/dashboard_field_proof_20260511_124846.csv,APPLIES,,Engine/exchange truth at time T -> API endpoint payload -> rendered cell text at time T (DOM capture),Independent read of the same exchange/engine truth recomputed by a script that does not import HL_Copy_App_SSOT.py,source unavailable shows n/a/Unavailable not 0 | stale source flagged | API error surfaced,2026-05-11 field proof: PASS,NOT_TESTED,,,,"Field-level baseline; may overlap UI-LCC-*/UI-SSOT-* cells. OD-21 decided: certify against the 13 May UI. Elements named only in the 11 May proof (lcCoreChip, lcWsChip, lcStatsBanner, ACCOUNT-LEVEL ORPHAN section) are absent from the 13 May file; the field must be found by its data, not its element id."
UI-FP-154,UI,Reconciliation / Historical / Legacy Items: Coin,Shows Coin from append_only/reconciliation.csv/manual_live_positions.json/exchange_account_snapshot.json as direct reconciliation/manual/exchange field (provenance APP_DERIVED; rows HEADER; can affect send: NO; execution truth: NO).,local-trading/Hyperliquid scanner/_archive/hl_stage2/acceptance_reports/dashboard_field_proof_20260511_124846.csv,APPLIES,,Engine/exchange truth at time T -> API endpoint payload -> rendered cell text at time T (DOM capture),Independent read of the same exchange/engine truth recomputed by a script that does not import HL_Copy_App_SSOT.py,source unavailable shows n/a/Unavailable not 0 | stale source flagged | API error surfaced,2026-05-11 field proof: PASS,NOT_TESTED,,,,"Field-level baseline; may overlap UI-LCC-*/UI-SSOT-* cells. OD-21 decided: certify against the 13 May UI. Elements named only in the 11 May proof (lcCoreChip, lcWsChip, lcStatsBanner, ACCOUNT-LEVEL ORPHAN section) are absent from the 13 May file; the field must be found by its data, not its element id."
UI-FP-155,UI,Reconciliation / Historical / Legacy Items: Intent,Shows Intent from append_only/reconciliation.csv/manual_live_positions.json/exchange_account_snapshot.json as direct reconciliation/manual/exchange field (provenance APP_DERIVED; rows HEADER; can affect send: NO; execution truth: NO).,local-trading/Hyperliquid scanner/_archive/hl_stage2/acceptance_reports/dashboard_field_proof_20260511_124846.csv,APPLIES,,Engine/exchange truth at time T -> API endpoint payload -> rendered cell text at time T (DOM capture),Independent read of the same exchange/engine truth recomputed by a script that does not import HL_Copy_App_SSOT.py,source unavailable shows n/a/Unavailable not 0 | stale source flagged | API error surfaced,2026-05-11 field proof: PASS,NOT_TESTED,,,,"Field-level baseline; may overlap UI-LCC-*/UI-SSOT-* cells. OD-21 decided: certify against the 13 May UI. Elements named only in the 11 May proof (lcCoreChip, lcWsChip, lcStatsBanner, ACCOUNT-LEVEL ORPHAN section) are absent from the 13 May file; the field must be found by its data, not its element id."
UI-FP-156,UI,Reconciliation / Historical / Legacy Items: Issue,Shows Issue from append_only/reconciliation.csv/manual_live_positions.json/exchange_account_snapshot.json as direct reconciliation/manual/exchange field (provenance APP_DERIVED; rows HEADER; can affect send: NO; execution truth: NO).,local-trading/Hyperliquid scanner/_archive/hl_stage2/acceptance_reports/dashboard_field_proof_20260511_124846.csv,APPLIES,,Engine/exchange truth at time T -> API endpoint payload -> rendered cell text at time T (DOM capture),Independent read of the same exchange/engine truth recomputed by a script that does not import HL_Copy_App_SSOT.py,source unavailable shows n/a/Unavailable not 0 | stale source flagged | API error surfaced,2026-05-11 field proof: PASS,NOT_TESTED,,,,"Field-level baseline; may overlap UI-LCC-*/UI-SSOT-* cells. OD-21 decided: certify against the 13 May UI. Elements named only in the 11 May proof (lcCoreChip, lcWsChip, lcStatsBanner, ACCOUNT-LEVEL ORPHAN section) are absent from the 13 May file; the field must be found by its data, not its element id."
UI-FP-157,UI,Reconciliation / Account-Level Orphan Context: Severity,Shows Severity from append_only/reconciliation.csv/manual_live_positions.json/exchange_account_snapshot.json as direct reconciliation/manual/exchange field (provenance APP_DERIVED; rows ACCOUNT_LEVEL_ONLY; can affect send: NO; execution truth: NO).,local-trading/Hyperliquid scanner/_archive/hl_stage2/acceptance_reports/dashboard_field_proof_20260511_124846.csv,APPLIES,,Engine/exchange truth at time T -> API endpoint payload -> rendered cell text at time T (DOM capture),Independent read of the same exchange/engine truth recomputed by a script that does not import HL_Copy_App_SSOT.py,source unavailable shows n/a/Unavailable not 0 | stale source flagged | API error surfaced,2026-05-11 field proof: PASS,NOT_TESTED,,,,"Field-level baseline; may overlap UI-LCC-*/UI-SSOT-* cells. OD-21 decided: certify against the 13 May UI. Elements named only in the 11 May proof (lcCoreChip, lcWsChip, lcStatsBanner, ACCOUNT-LEVEL ORPHAN section) are absent from the 13 May file; the field must be found by its data, not its element id."
UI-FP-158,UI,Reconciliation / Account-Level Orphan Context: Wallet,Shows Wallet from append_only/reconciliation.csv/manual_live_positions.json/exchange_account_snapshot.json as direct reconciliation/manual/exchange field (provenance APP_DERIVED; rows ACCOUNT_LEVEL_ONLY; can affect send: NO; execution truth: NO).,local-trading/Hyperliquid scanner/_archive/hl_stage2/acceptance_reports/dashboard_field_proof_20260511_124846.csv,APPLIES,,Engine/exchange truth at time T -> API endpoint payload -> rendered cell text at time T (DOM capture),Independent read of the same exchange/engine truth recomputed by a script that does not import HL_Copy_App_SSOT.py,source unavailable shows n/a/Unavailable not 0 | stale source flagged | API error surfaced,2026-05-11 field proof: PASS,NOT_TESTED,,,,"Field-level baseline; may overlap UI-LCC-*/UI-SSOT-* cells. OD-21 decided: certify against the 13 May UI. Elements named only in the 11 May proof (lcCoreChip, lcWsChip, lcStatsBanner, ACCOUNT-LEVEL ORPHAN section) are absent from the 13 May file; the field must be found by its data, not its element id."
UI-FP-159,UI,Reconciliation / Account-Level Orphan Context: Coin,Shows Coin from append_only/reconciliation.csv/manual_live_positions.json/exchange_account_snapshot.json as direct reconciliation/manual/exchange field (provenance APP_DERIVED; rows ACCOUNT_LEVEL_ONLY; can affect send: NO; execution truth: NO).,local-trading/Hyperliquid scanner/_archive/hl_stage2/acceptance_reports/dashboard_field_proof_20260511_124846.csv,APPLIES,,Engine/exchange truth at time T -> API endpoint payload -> rendered cell text at time T (DOM capture),Independent read of the same exchange/engine truth recomputed by a script that does not import HL_Copy_App_SSOT.py,source unavailable shows n/a/Unavailable not 0 | stale source flagged | API error surfaced,2026-05-11 field proof: PASS,NOT_TESTED,,,,"Field-level baseline; may overlap UI-LCC-*/UI-SSOT-* cells. OD-21 decided: certify against the 13 May UI. Elements named only in the 11 May proof (lcCoreChip, lcWsChip, lcStatsBanner, ACCOUNT-LEVEL ORPHAN section) are absent from the 13 May file; the field must be found by its data, not its element id."
UI-FP-160,UI,Reconciliation / Account-Level Orphan Context: Issue,Shows Issue from append_only/reconciliation.csv/manual_live_positions.json/exchange_account_snapshot.json as direct reconciliation/manual/exchange field (provenance APP_DERIVED; rows ACCOUNT_LEVEL_ONLY; can affect send: NO; execution truth: NO).,local-trading/Hyperliquid scanner/_archive/hl_stage2/acceptance_reports/dashboard_field_proof_20260511_124846.csv,APPLIES,,Engine/exchange truth at time T -> API endpoint payload -> rendered cell text at time T (DOM capture),Independent read of the same exchange/engine truth recomputed by a script that does not import HL_Copy_App_SSOT.py,source unavailable shows n/a/Unavailable not 0 | stale source flagged | API error surfaced,2026-05-11 field proof: PASS,NOT_TESTED,,,,"Field-level baseline; may overlap UI-LCC-*/UI-SSOT-* cells. OD-21 decided: certify against the 13 May UI. Elements named only in the 11 May proof (lcCoreChip, lcWsChip, lcStatsBanner, ACCOUNT-LEVEL ORPHAN section) are absent from the 13 May file; the field must be found by its data, not its element id."
UI-FP-161,UI,Reconciliation / Account-Level Orphan Context: Manual ledger,Shows Manual ledger from append_only/reconciliation.csv/manual_live_positions.json/exchange_account_snapshot.json as direct reconciliation/manual/exchange field (provenance APP_DERIVED; rows ACCOUNT_LEVEL_ONLY; can affect send: NO; execution truth: NO).,local-trading/Hyperliquid scanner/_archive/hl_stage2/acceptance_reports/dashboard_field_proof_20260511_124846.csv,APPLIES,,Engine/exchange truth at time T -> API endpoint payload -> rendered cell text at time T (DOM capture),Independent read of the same exchange/engine truth recomputed by a script that does not import HL_Copy_App_SSOT.py,source unavailable shows n/a/Unavailable not 0 | stale source flagged | API error surfaced,2026-05-11 field proof: PASS,NOT_TESTED,,,,"Field-level baseline; may overlap UI-LCC-*/UI-SSOT-* cells. OD-21 decided: certify against the 13 May UI. Elements named only in the 11 May proof (lcCoreChip, lcWsChip, lcStatsBanner, ACCOUNT-LEVEL ORPHAN section) are absent from the 13 May file; the field must be found by its data, not its element id."
UI-FP-162,UI,Reconciliation / Account-Level Orphan Context: Exchange,Shows Exchange from append_only/reconciliation.csv/manual_live_positions.json/exchange_account_snapshot.json as direct reconciliation/manual/exchange field (provenance APP_DERIVED; rows ACCOUNT_LEVEL_ONLY; can affect send: NO; execution truth: NO).,local-trading/Hyperliquid scanner/_archive/hl_stage2/acceptance_reports/dashboard_field_proof_20260511_124846.csv,APPLIES,,Engine/exchange truth at time T -> API endpoint payload -> rendered cell text at time T (DOM capture),Independent read of the same exchange/engine truth recomputed by a script that does not import HL_Copy_App_SSOT.py,source unavailable shows n/a/Unavailable not 0 | stale source flagged | API error surfaced,2026-05-11 field proof: PASS,NOT_TESTED,,,,"Field-level baseline; may overlap UI-LCC-*/UI-SSOT-* cells. OD-21 decided: certify against the 13 May UI. Elements named only in the 11 May proof (lcCoreChip, lcWsChip, lcStatsBanner, ACCOUNT-LEVEL ORPHAN section) are absent from the 13 May file; the field must be found by its data, not its element id."
UI-FP-163,UI,Reconciliation / Account-Level Orphan Context: Action,Shows Action from append_only/reconciliation.csv/manual_live_positions.json/exchange_account_snapshot.json as direct reconciliation/manual/exchange field (provenance APP_DERIVED; rows ACCOUNT_LEVEL_ONLY; can affect send: NO; execution truth: NO).,local-trading/Hyperliquid scanner/_archive/hl_stage2/acceptance_reports/dashboard_field_proof_20260511_124846.csv,APPLIES,,Engine/exchange truth at time T -> API endpoint payload -> rendered cell text at time T (DOM capture),Independent read of the same exchange/engine truth recomputed by a script that does not import HL_Copy_App_SSOT.py,source unavailable shows n/a/Unavailable not 0 | stale source flagged | API error surfaced,2026-05-11 field proof: PASS,NOT_TESTED,,,,"Field-level baseline; may overlap UI-LCC-*/UI-SSOT-* cells. OD-21 decided: certify against the 13 May UI. Elements named only in the 11 May proof (lcCoreChip, lcWsChip, lcStatsBanner, ACCOUNT-LEVEL ORPHAN section) are absent from the 13 May file; the field must be found by its data, not its element id."
UI-FP-164,UI,WS Health Detail: Wallet,Shows Wallet from live_ws_health.json as direct WS health field (provenance LIVE_SERVICE_STATE; rows HEADER; can affect send: NO; execution truth: NO).,local-trading/Hyperliquid scanner/_archive/hl_stage2/acceptance_reports/dashboard_field_proof_20260511_124846.csv,APPLIES,,Engine/exchange truth at time T -> API endpoint payload -> rendered cell text at time T (DOM capture),Independent read of the same exchange/engine truth recomputed by a script that does not import HL_Copy_App_SSOT.py,source unavailable shows n/a/Unavailable not 0 | stale source flagged | API error surfaced,2026-05-11 field proof: PASS,NOT_TESTED,,,,"Field-level baseline; may overlap UI-LCC-*/UI-SSOT-* cells. OD-21 decided: certify against the 13 May UI. Elements named only in the 11 May proof (lcCoreChip, lcWsChip, lcStatsBanner, ACCOUNT-LEVEL ORPHAN section) are absent from the 13 May file; the field must be found by its data, not its element id."
UI-FP-165,UI,WS Health Detail: Current,Shows Current from live_ws_health.json as direct WS health field (provenance LIVE_SERVICE_STATE; rows HEADER; can affect send: NO; execution truth: NO).,local-trading/Hyperliquid scanner/_archive/hl_stage2/acceptance_reports/dashboard_field_proof_20260511_124846.csv,APPLIES,,Engine/exchange truth at time T -> API endpoint payload -> rendered cell text at time T (DOM capture),Independent read of the same exchange/engine truth recomputed by a script that does not import HL_Copy_App_SSOT.py,source unavailable shows n/a/Unavailable not 0 | stale source flagged | API error surfaced,2026-05-11 field proof: PASS,NOT_TESTED,,,,"Field-level baseline; may overlap UI-LCC-*/UI-SSOT-* cells. OD-21 decided: certify against the 13 May UI. Elements named only in the 11 May proof (lcCoreChip, lcWsChip, lcStatsBanner, ACCOUNT-LEVEL ORPHAN section) are absent from the 13 May file; the field must be found by its data, not its element id."
UI-FP-166,UI,WS Health Detail: Grade,Shows Grade from live_ws_health.json as direct WS health field (provenance LIVE_SERVICE_STATE; rows HEADER; can affect send: NO; execution truth: NO).,local-trading/Hyperliquid scanner/_archive/hl_stage2/acceptance_reports/dashboard_field_proof_20260511_124846.csv,APPLIES,,Engine/exchange truth at time T -> API endpoint payload -> rendered cell text at time T (DOM capture),Independent read of the same exchange/engine truth recomputed by a script that does not import HL_Copy_App_SSOT.py,source unavailable shows n/a/Unavailable not 0 | stale source flagged | API error surfaced,2026-05-11 field proof: PASS,NOT_TESTED,,,,"Field-level baseline; may overlap UI-LCC-*/UI-SSOT-* cells. OD-21 decided: certify against the 13 May UI. Elements named only in the 11 May proof (lcCoreChip, lcWsChip, lcStatsBanner, ACCOUNT-LEVEL ORPHAN section) are absent from the 13 May file; the field must be found by its data, not its element id."
UI-FP-167,UI,WS Health Detail: Thread,Shows Thread from live_ws_health.json as direct WS health field (provenance LIVE_SERVICE_STATE; rows HEADER; can affect send: NO; execution truth: NO).,local-trading/Hyperliquid scanner/_archive/hl_stage2/acceptance_reports/dashboard_field_proof_20260511_124846.csv,APPLIES,,Engine/exchange truth at time T -> API endpoint payload -> rendered cell text at time T (DOM capture),Independent read of the same exchange/engine truth recomputed by a script that does not import HL_Copy_App_SSOT.py,source unavailable shows n/a/Unavailable not 0 | stale source flagged | API error surfaced,2026-05-11 field proof: PASS,NOT_TESTED,,,,"Field-level baseline; may overlap UI-LCC-*/UI-SSOT-* cells. OD-21 decided: certify against the 13 May UI. Elements named only in the 11 May proof (lcCoreChip, lcWsChip, lcStatsBanner, ACCOUNT-LEVEL ORPHAN section) are absent from the 13 May file; the field must be found by its data, not its element id."
UI-FP-168,UI,WS Health Detail: Reconnect/min,Shows Reconnect/min from live_ws_health.json as direct WS health field (provenance LIVE_SERVICE_STATE; rows HEADER; can affect send: NO; execution truth: NO).,local-trading/Hyperliquid scanner/_archive/hl_stage2/acceptance_reports/dashboard_field_proof_20260511_124846.csv,APPLIES,,Engine/exchange truth at time T -> API endpoint payload -> rendered cell text at time T (DOM capture),Independent read of the same exchange/engine truth recomputed by a script that does not import HL_Copy_App_SSOT.py,source unavailable shows n/a/Unavailable not 0 | stale source flagged | API error surfaced,2026-05-11 field proof: PASS,NOT_TESTED,,,,"Field-level baseline; may overlap UI-LCC-*/UI-SSOT-* cells. OD-21 decided: certify against the 13 May UI. Elements named only in the 11 May proof (lcCoreChip, lcWsChip, lcStatsBanner, ACCOUNT-LEVEL ORPHAN section) are absent from the 13 May file; the field must be found by its data, not its element id."
UI-FP-169,UI,WS Health Detail: Processed,Shows Processed from live_ws_health.json as direct WS health field (provenance LIVE_SERVICE_STATE; rows HEADER; can affect send: NO; execution truth: NO).,local-trading/Hyperliquid scanner/_archive/hl_stage2/acceptance_reports/dashboard_field_proof_20260511_124846.csv,APPLIES,,Engine/exchange truth at time T -> API endpoint payload -> rendered cell text at time T (DOM capture),Independent read of the same exchange/engine truth recomputed by a script that does not import HL_Copy_App_SSOT.py,source unavailable shows n/a/Unavailable not 0 | stale source flagged | API error surfaced,2026-05-11 field proof: PASS,NOT_TESTED,,,,"Field-level baseline; may overlap UI-LCC-*/UI-SSOT-* cells. OD-21 decided: certify against the 13 May UI. Elements named only in the 11 May proof (lcCoreChip, lcWsChip, lcStatsBanner, ACCOUNT-LEVEL ORPHAN section) are absent from the 13 May file; the field must be found by its data, not its element id."
UI-FP-170,UI,WS Health Detail: Raw msg,Shows Raw msg from live_ws_health.json as direct WS health field (provenance LIVE_SERVICE_STATE; rows HEADER; can affect send: NO; execution truth: NO).,local-trading/Hyperliquid scanner/_archive/hl_stage2/acceptance_reports/dashboard_field_proof_20260511_124846.csv,APPLIES,,Engine/exchange truth at time T -> API endpoint payload -> rendered cell text at time T (DOM capture),Independent read of the same exchange/engine truth recomputed by a script that does not import HL_Copy_App_SSOT.py,source unavailable shows n/a/Unavailable not 0 | stale source flagged | API error surfaced,2026-05-11 field proof: PASS,NOT_TESTED,,,,"Field-level baseline; may overlap UI-LCC-*/UI-SSOT-* cells. OD-21 decided: certify against the 13 May UI. Elements named only in the 11 May proof (lcCoreChip, lcWsChip, lcStatsBanner, ACCOUNT-LEVEL ORPHAN section) are absent from the 13 May file; the field must be found by its data, not its element id."
UI-FP-171,UI,WS Health Detail: Parsed,Shows Parsed from live_ws_health.json as direct WS health field (provenance LIVE_SERVICE_STATE; rows HEADER; can affect send: NO; execution truth: NO).,local-trading/Hyperliquid scanner/_archive/hl_stage2/acceptance_reports/dashboard_field_proof_20260511_124846.csv,APPLIES,,Engine/exchange truth at time T -> API endpoint payload -> rendered cell text at time T (DOM capture),Independent read of the same exchange/engine truth recomputed by a script that does not import HL_Copy_App_SSOT.py,source unavailable shows n/a/Unavailable not 0 | stale source flagged | API error surfaced,2026-05-11 field proof: PASS,NOT_TESTED,,,,"Field-level baseline; may overlap UI-LCC-*/UI-SSOT-* cells. OD-21 decided: certify against the 13 May UI. Elements named only in the 11 May proof (lcCoreChip, lcWsChip, lcStatsBanner, ACCOUNT-LEVEL ORPHAN section) are absent from the 13 May file; the field must be found by its data, not its element id."
UI-FP-172,UI,WS Health Detail: Snap seen,Shows Snap seen from live_ws_health.json as direct WS health field (provenance LIVE_SERVICE_STATE; rows HEADER; can affect send: NO; execution truth: NO).,local-trading/Hyperliquid scanner/_archive/hl_stage2/acceptance_reports/dashboard_field_proof_20260511_124846.csv,APPLIES,,Engine/exchange truth at time T -> API endpoint payload -> rendered cell text at time T (DOM capture),Independent read of the same exchange/engine truth recomputed by a script that does not import HL_Copy_App_SSOT.py,source unavailable shows n/a/Unavailable not 0 | stale source flagged | API error surfaced,2026-05-11 field proof: PASS,NOT_TESTED,,,,"Field-level baseline; may overlap UI-LCC-*/UI-SSOT-* cells. OD-21 decided: certify against the 13 May UI. Elements named only in the 11 May proof (lcCoreChip, lcWsChip, lcStatsBanner, ACCOUNT-LEVEL ORPHAN section) are absent from the 13 May file; the field must be found by its data, not its element id."
UI-FP-173,UI,WS Health Detail: Snap recovered,Shows Snap recovered from live_ws_health.json as direct WS health field (provenance LIVE_SERVICE_STATE; rows HEADER; can affect send: NO; execution truth: NO).,local-trading/Hyperliquid scanner/_archive/hl_stage2/acceptance_reports/dashboard_field_proof_20260511_124846.csv,APPLIES,,Engine/exchange truth at time T -> API endpoint payload -> rendered cell text at time T (DOM capture),Independent read of the same exchange/engine truth recomputed by a script that does not import HL_Copy_App_SSOT.py,source unavailable shows n/a/Unavailable not 0 | stale source flagged | API error surfaced,2026-05-11 field proof: PASS,NOT_TESTED,,,,"Field-level baseline; may overlap UI-LCC-*/UI-SSOT-* cells. OD-21 decided: certify against the 13 May UI. Elements named only in the 11 May proof (lcCoreChip, lcWsChip, lcStatsBanner, ACCOUNT-LEVEL ORPHAN section) are absent from the 13 May file; the field must be found by its data, not its element id."
UI-FP-174,UI,WS Health Detail: Ignored,Shows Ignored from live_ws_health.json as direct WS health field (provenance LIVE_SERVICE_STATE; rows HEADER; can affect send: NO; execution truth: NO).,local-trading/Hyperliquid scanner/_archive/hl_stage2/acceptance_reports/dashboard_field_proof_20260511_124846.csv,APPLIES,,Engine/exchange truth at time T -> API endpoint payload -> rendered cell text at time T (DOM capture),Independent read of the same exchange/engine truth recomputed by a script that does not import HL_Copy_App_SSOT.py,source unavailable shows n/a/Unavailable not 0 | stale source flagged | API error surfaced,2026-05-11 field proof: PASS,NOT_TESTED,,,,"Field-level baseline; may overlap UI-LCC-*/UI-SSOT-* cells. OD-21 decided: certify against the 13 May UI. Elements named only in the 11 May proof (lcCoreChip, lcWsChip, lcStatsBanner, ACCOUNT-LEVEL ORPHAN section) are absent from the 13 May file; the field must be found by its data, not its element id."
UI-FP-175,UI,WS Health Detail: Recent errors,Shows Recent errors from live_ws_health.json as direct WS health field (provenance LIVE_SERVICE_STATE; rows HEADER; can affect send: NO; execution truth: NO).,local-trading/Hyperliquid scanner/_archive/hl_stage2/acceptance_reports/dashboard_field_proof_20260511_124846.csv,APPLIES,,Engine/exchange truth at time T -> API endpoint payload -> rendered cell text at time T (DOM capture),Independent read of the same exchange/engine truth recomputed by a script that does not import HL_Copy_App_SSOT.py,source unavailable shows n/a/Unavailable not 0 | stale source flagged | API error surfaced,2026-05-11 field proof: PASS,NOT_TESTED,,,,"Field-level baseline; may overlap UI-LCC-*/UI-SSOT-* cells. OD-21 decided: certify against the 13 May UI. Elements named only in the 11 May proof (lcCoreChip, lcWsChip, lcStatsBanner, ACCOUNT-LEVEL ORPHAN section) are absent from the 13 May file; the field must be found by its data, not its element id."
UI-FP-176,UI,WS Health Detail: Lifetime errors,Shows Lifetime errors from live_ws_health.json as direct WS health field (provenance LIVE_SERVICE_STATE; rows HEADER; can affect send: NO; execution truth: NO).,local-trading/Hyperliquid scanner/_archive/hl_stage2/acceptance_reports/dashboard_field_proof_20260511_124846.csv,APPLIES,,Engine/exchange truth at time T -> API endpoint payload -> rendered cell text at time T (DOM capture),Independent read of the same exchange/engine truth recomputed by a script that does not import HL_Copy_App_SSOT.py,source unavailable shows n/a/Unavailable not 0 | stale source flagged | API error surfaced,2026-05-11 field proof: PASS,NOT_TESTED,,,,"Field-level baseline; may overlap UI-LCC-*/UI-SSOT-* cells. OD-21 decided: certify against the 13 May UI. Elements named only in the 11 May proof (lcCoreChip, lcWsChip, lcStatsBanner, ACCOUNT-LEVEL ORPHAN section) are absent from the 13 May file; the field must be found by its data, not its element id."
UI-FP-177,UI,WS Health Detail: Stale ms,Shows Stale ms from live_ws_health.json as direct WS health field (provenance LIVE_SERVICE_STATE; rows HEADER; can affect send: NO; execution truth: NO).,local-trading/Hyperliquid scanner/_archive/hl_stage2/acceptance_reports/dashboard_field_proof_20260511_124846.csv,APPLIES,,Engine/exchange truth at time T -> API endpoint payload -> rendered cell text at time T (DOM capture),Independent read of the same exchange/engine truth recomputed by a script that does not import HL_Copy_App_SSOT.py,source unavailable shows n/a/Unavailable not 0 | stale source flagged | API error surfaced,2026-05-11 field proof: PASS,NOT_TESTED,,,,"Field-level baseline; may overlap UI-LCC-*/UI-SSOT-* cells. OD-21 decided: certify against the 13 May UI. Elements named only in the 11 May proof (lcCoreChip, lcWsChip, lcStatsBanner, ACCOUNT-LEVEL ORPHAN section) are absent from the 13 May file; the field must be found by its data, not its element id."
UI-FP-178,UI,WS Health Detail: Data status,Shows Data status from live_ws_health.json as direct WS health field (provenance LIVE_SERVICE_STATE; rows HEADER; can affect send: NO; execution truth: NO).,local-trading/Hyperliquid scanner/_archive/hl_stage2/acceptance_reports/dashboard_field_proof_20260511_124846.csv,APPLIES,,Engine/exchange truth at time T -> API endpoint payload -> rendered cell text at time T (DOM capture),Independent read of the same exchange/engine truth recomputed by a script that does not import HL_Copy_App_SSOT.py,source unavailable shows n/a/Unavailable not 0 | stale source flagged | API error surfaced,2026-05-11 field proof: PASS,NOT_TESTED,,,,"Field-level baseline; may overlap UI-LCC-*/UI-SSOT-* cells. OD-21 decided: certify against the 13 May UI. Elements named only in the 11 May proof (lcCoreChip, lcWsChip, lcStatsBanner, ACCOUNT-LEVEL ORPHAN section) are absent from the 13 May file; the field must be found by its data, not its element id."
UI-FP-179,UI,WS Health Detail: Last close/error,Shows Last close/error from live_ws_health.json as direct WS health field (provenance LIVE_SERVICE_STATE; rows HEADER; can affect send: NO; execution truth: NO).,local-trading/Hyperliquid scanner/_archive/hl_stage2/acceptance_reports/dashboard_field_proof_20260511_124846.csv,APPLIES,,Engine/exchange truth at time T -> API endpoint payload -> rendered cell text at time T (DOM capture),Independent read of the same exchange/engine truth recomputed by a script that does not import HL_Copy_App_SSOT.py,source unavailable shows n/a/Unavailable not 0 | stale source flagged | API error surfaced,2026-05-11 field proof: PASS,NOT_TESTED,,,,"Field-level baseline; may overlap UI-LCC-*/UI-SSOT-* cells. OD-21 decided: certify against the 13 May UI. Elements named only in the 11 May proof (lcCoreChip, lcWsChip, lcStatsBanner, ACCOUNT-LEVEL ORPHAN section) are absent from the 13 May file; the field must be found by its data, not its element id."
UI-FP-180,UI,Controls: Max total live exposure,Shows max_total_live_exposure_usd from live_config.json as POST normalizes and persists to live_config.json (provenance UI_STATE; rows CONTROL; can affect send: YES; execution truth: YES).,local-trading/Hyperliquid scanner/_archive/hl_stage2/acceptance_reports/dashboard_field_proof_20260511_124846.csv,APPLIES,,Engine/exchange truth at time T -> API endpoint payload -> rendered cell text at time T (DOM capture),Independent read of the same exchange/engine truth recomputed by a script that does not import HL_Copy_App_SSOT.py,source unavailable shows n/a/Unavailable not 0 | stale source flagged | API error surfaced,2026-05-11 field proof: PASS,NOT_TESTED,,,,"Field-level baseline; may overlap UI-LCC-*/UI-SSOT-* cells. OD-21 decided: certify against the 13 May UI. Elements named only in the 11 May proof (lcCoreChip, lcWsChip, lcStatsBanner, ACCOUNT-LEVEL ORPHAN section) are absent from the 13 May file; the field must be found by its data, not its element id."
UI-FP-181,UI,Controls: Max per-asset directional exposure,Shows max_asset_directional_exposure_usd from live_config.json as POST normalizes and persists to live_config.json (provenance UI_STATE; rows CONTROL; can affect send: YES; execution truth: YES).,local-trading/Hyperliquid scanner/_archive/hl_stage2/acceptance_reports/dashboard_field_proof_20260511_124846.csv,APPLIES,,Engine/exchange truth at time T -> API endpoint payload -> rendered cell text at time T (DOM capture),Independent read of the same exchange/engine truth recomputed by a script that does not import HL_Copy_App_SSOT.py,source unavailable shows n/a/Unavailable not 0 | stale source flagged | API error surfaced,2026-05-11 field proof: PASS,NOT_TESTED,,,,"Field-level baseline; may overlap UI-LCC-*/UI-SSOT-* cells. OD-21 decided: certify against the 13 May UI. Elements named only in the 11 May proof (lcCoreChip, lcWsChip, lcStatsBanner, ACCOUNT-LEVEL ORPHAN section) are absent from the 13 May file; the field must be found by its data, not its element id."
UI-FP-182,UI,Controls: Max per-wallet exposure,Shows max_wallet_exposure_usd from live_config.json as POST normalizes and persists to live_config.json (provenance UI_STATE; rows CONTROL; can affect send: YES; execution truth: YES).,local-trading/Hyperliquid scanner/_archive/hl_stage2/acceptance_reports/dashboard_field_proof_20260511_124846.csv,APPLIES,,Engine/exchange truth at time T -> API endpoint payload -> rendered cell text at time T (DOM capture),Independent read of the same exchange/engine truth recomputed by a script that does not import HL_Copy_App_SSOT.py,source unavailable shows n/a/Unavailable not 0 | stale source flagged | API error surfaced,2026-05-11 field proof: PASS,NOT_TESTED,,,,"Field-level baseline; may overlap UI-LCC-*/UI-SSOT-* cells. OD-21 decided: certify against the 13 May UI. Elements named only in the 11 May proof (lcCoreChip, lcWsChip, lcStatsBanner, ACCOUNT-LEVEL ORPHAN section) are absent from the 13 May file; the field must be found by its data, not its element id."
UI-FP-183,UI,Controls: Max per-order notional,Shows max_order_notional_usd from live_config.json as POST normalizes and persists to live_config.json (provenance UI_STATE; rows CONTROL; can affect send: YES; execution truth: YES).,local-trading/Hyperliquid scanner/_archive/hl_stage2/acceptance_reports/dashboard_field_proof_20260511_124846.csv,APPLIES,,Engine/exchange truth at time T -> API endpoint payload -> rendered cell text at time T (DOM capture),Independent read of the same exchange/engine truth recomputed by a script that does not import HL_Copy_App_SSOT.py,source unavailable shows n/a/Unavailable not 0 | stale source flagged | API error surfaced,2026-05-11 field proof: PASS,NOT_TESTED,,,,"Field-level baseline; may overlap UI-LCC-*/UI-SSOT-* cells. OD-21 decided: certify against the 13 May UI. Elements named only in the 11 May proof (lcCoreChip, lcWsChip, lcStatsBanner, ACCOUNT-LEVEL ORPHAN section) are absent from the 13 May file; the field must be found by its data, not its element id."
UI-FP-184,UI,Controls: Marketable slippage %,Shows marketable_slippage_pct/marketable_bps from live_config.json as POST normalizes and persists to live_config.json (provenance UI_STATE; rows CONTROL; can affect send: YES; execution truth: YES).,local-trading/Hyperliquid scanner/_archive/hl_stage2/acceptance_reports/dashboard_field_proof_20260511_124846.csv,APPLIES,,Engine/exchange truth at time T -> API endpoint payload -> rendered cell text at time T (DOM capture),Independent read of the same exchange/engine truth recomputed by a script that does not import HL_Copy_App_SSOT.py,source unavailable shows n/a/Unavailable not 0 | stale source flagged | API error surfaced,2026-05-11 field proof: PASS,NOT_TESTED,,,,"Field-level baseline; may overlap UI-LCC-*/UI-SSOT-* cells. OD-21 decided: certify against the 13 May UI. Elements named only in the 11 May proof (lcCoreChip, lcWsChip, lcStatsBanner, ACCOUNT-LEVEL ORPHAN section) are absent from the 13 May file; the field must be found by its data, not its element id."
UI-FP-185,UI,Controls: Adverse close diff %,Shows max_close_adverse_diff_pct from live_config.json as POST normalizes and persists to live_config.json (provenance UI_STATE; rows CONTROL; can affect send: YES; execution truth: YES).,local-trading/Hyperliquid scanner/_archive/hl_stage2/acceptance_reports/dashboard_field_proof_20260511_124846.csv,APPLIES,,Engine/exchange truth at time T -> API endpoint payload -> rendered cell text at time T (DOM capture),Independent read of the same exchange/engine truth recomputed by a script that does not import HL_Copy_App_SSOT.py,source unavailable shows n/a/Unavailable not 0 | stale source flagged | API error surfaced,2026-05-11 field proof: PASS,NOT_TESTED,,,,"Field-level baseline; may overlap UI-LCC-*/UI-SSOT-* cells. OD-21 decided: certify against the 13 May UI. Elements named only in the 11 May proof (lcCoreChip, lcWsChip, lcStatsBanner, ACCOUNT-LEVEL ORPHAN section) are absent from the 13 May file; the field must be found by its data, not its element id."
UI-FP-186,UI,Controls: Symbol allowlist,Shows symbol_allowlist from live_config.json as POST normalizes and persists to live_config.json (provenance UI_STATE; rows CONTROL; can affect send: YES; execution truth: YES).,local-trading/Hyperliquid scanner/_archive/hl_stage2/acceptance_reports/dashboard_field_proof_20260511_124846.csv,APPLIES,,Engine/exchange truth at time T -> API endpoint payload -> rendered cell text at time T (DOM capture),Independent read of the same exchange/engine truth recomputed by a script that does not import HL_Copy_App_SSOT.py,source unavailable shows n/a/Unavailable not 0 | stale source flagged | API error surfaced,2026-05-11 field proof: PASS,NOT_TESTED,,,,"Field-level baseline; may overlap UI-LCC-*/UI-SSOT-* cells. OD-21 decided: certify against the 13 May UI. Elements named only in the 11 May proof (lcCoreChip, lcWsChip, lcStatsBanner, ACCOUNT-LEVEL ORPHAN section) are absent from the 13 May file; the field must be found by its data, not its element id."
UI-FP-187,UI,Controls: Symbol blocklist,Shows symbol_blocklist from live_config.json as POST normalizes and persists to live_config.json (provenance UI_STATE; rows CONTROL; can affect send: YES; execution truth: YES).,local-trading/Hyperliquid scanner/_archive/hl_stage2/acceptance_reports/dashboard_field_proof_20260511_124846.csv,APPLIES,,Engine/exchange truth at time T -> API endpoint payload -> rendered cell text at time T (DOM capture),Independent read of the same exchange/engine truth recomputed by a script that does not import HL_Copy_App_SSOT.py,source unavailable shows n/a/Unavailable not 0 | stale source flagged | API error surfaced,2026-05-11 field proof: PASS,NOT_TESTED,,,,"Field-level baseline; may overlap UI-LCC-*/UI-SSOT-* cells. OD-21 decided: certify against the 13 May UI. Elements named only in the 11 May proof (lcCoreChip, lcWsChip, lcStatsBanner, ACCOUNT-LEVEL ORPHAN section) are absent from the 13 May file; the field must be found by its data, not its element id."
UI-FP-188,UI,Controls: Add wallet address,Shows wallet from live_config.json as POST normalizes and persists to live_config.json (provenance UI_STATE; rows CONTROL; can affect send: YES; execution truth: YES).,local-trading/Hyperliquid scanner/_archive/hl_stage2/acceptance_reports/dashboard_field_proof_20260511_124846.csv,APPLIES,,Engine/exchange truth at time T -> API endpoint payload -> rendered cell text at time T (DOM capture),Independent read of the same exchange/engine truth recomputed by a script that does not import HL_Copy_App_SSOT.py,source unavailable shows n/a/Unavailable not 0 | stale source flagged | API error surfaced,2026-05-11 field proof: PASS,NOT_TESTED,,,,"Field-level baseline; may overlap UI-LCC-*/UI-SSOT-* cells. OD-21 decided: certify against the 13 May UI. Elements named only in the 11 May proof (lcCoreChip, lcWsChip, lcStatsBanner, ACCOUNT-LEVEL ORPHAN section) are absent from the 13 May file; the field must be found by its data, not its element id."
UI-FP-189,UI,Controls: Add initial mode,Shows mode from live_config.json as POST normalizes and persists to live_config.json (provenance UI_STATE; rows CONTROL; can affect send: YES; execution truth: YES).,local-trading/Hyperliquid scanner/_archive/hl_stage2/acceptance_reports/dashboard_field_proof_20260511_124846.csv,APPLIES,,Engine/exchange truth at time T -> API endpoint payload -> rendered cell text at time T (DOM capture),Independent read of the same exchange/engine truth recomputed by a script that does not import HL_Copy_App_SSOT.py,source unavailable shows n/a/Unavailable not 0 | stale source flagged | API error surfaced,2026-05-11 field proof: PASS,NOT_TESTED,,,,"Field-level baseline; may overlap UI-LCC-*/UI-SSOT-* cells. OD-21 decided: certify against the 13 May UI. Elements named only in the 11 May proof (lcCoreChip, lcWsChip, lcStatsBanner, ACCOUNT-LEVEL ORPHAN section) are absent from the 13 May file; the field must be found by its data, not its element id."
UI-FP-190,UI,Controls: Add copy model,Shows copy_mode from live_config.json as POST normalizes and persists to live_config.json (provenance UI_STATE; rows CONTROL; can affect send: YES; execution truth: YES).,local-trading/Hyperliquid scanner/_archive/hl_stage2/acceptance_reports/dashboard_field_proof_20260511_124846.csv,APPLIES,,Engine/exchange truth at time T -> API endpoint payload -> rendered cell text at time T (DOM capture),Independent read of the same exchange/engine truth recomputed by a script that does not import HL_Copy_App_SSOT.py,source unavailable shows n/a/Unavailable not 0 | stale source flagged | API error surfaced,2026-05-11 field proof: PASS,NOT_TESTED,,,,"Field-level baseline; may overlap UI-LCC-*/UI-SSOT-* cells. OD-21 decided: certify against the 13 May UI. Elements named only in the 11 May proof (lcCoreChip, lcWsChip, lcStatsBanner, ACCOUNT-LEVEL ORPHAN section) are absent from the 13 May file; the field must be found by its data, not its element id."
UI-FP-191,UI,Controls: Add norm base,Shows norm_base from live_config.json as POST normalizes and persists to live_config.json (provenance UI_STATE; rows CONTROL; can affect send: YES; execution truth: YES).,local-trading/Hyperliquid scanner/_archive/hl_stage2/acceptance_reports/dashboard_field_proof_20260511_124846.csv,APPLIES,,Engine/exchange truth at time T -> API endpoint payload -> rendered cell text at time T (DOM capture),Independent read of the same exchange/engine truth recomputed by a script that does not import HL_Copy_App_SSOT.py,source unavailable shows n/a/Unavailable not 0 | stale source flagged | API error surfaced,2026-05-11 field proof: PASS,NOT_TESTED,,,,"Field-level baseline; may overlap UI-LCC-*/UI-SSOT-* cells. OD-21 decided: certify against the 13 May UI. Elements named only in the 11 May proof (lcCoreChip, lcWsChip, lcStatsBanner, ACCOUNT-LEVEL ORPHAN section) are absent from the 13 May file; the field must be found by its data, not its element id."
UI-FP-192,UI,Controls: Add fixed notional,Shows fixed_notional from live_config.json as POST normalizes and persists to live_config.json (provenance UI_STATE; rows CONTROL; can affect send: YES; execution truth: YES).,local-trading/Hyperliquid scanner/_archive/hl_stage2/acceptance_reports/dashboard_field_proof_20260511_124846.csv,APPLIES,,Engine/exchange truth at time T -> API endpoint payload -> rendered cell text at time T (DOM capture),Independent read of the same exchange/engine truth recomputed by a script that does not import HL_Copy_App_SSOT.py,source unavailable shows n/a/Unavailable not 0 | stale source flagged | API error surfaced,2026-05-11 field proof: PASS,NOT_TESTED,,,,"Field-level baseline; may overlap UI-LCC-*/UI-SSOT-* cells. OD-21 decided: certify against the 13 May UI. Elements named only in the 11 May proof (lcCoreChip, lcWsChip, lcStatsBanner, ACCOUNT-LEVEL ORPHAN section) are absent from the 13 May file; the field must be found by its data, not its element id."
UI-FP-193,UI,Controls: Add leader equity base,Shows leader_equity_base from live_config.json as POST normalizes and persists to live_config.json (provenance UI_STATE; rows CONTROL; can affect send: YES; execution truth: YES).,local-trading/Hyperliquid scanner/_archive/hl_stage2/acceptance_reports/dashboard_field_proof_20260511_124846.csv,APPLIES,,Engine/exchange truth at time T -> API endpoint payload -> rendered cell text at time T (DOM capture),Independent read of the same exchange/engine truth recomputed by a script that does not import HL_Copy_App_SSOT.py,source unavailable shows n/a/Unavailable not 0 | stale source flagged | API error surfaced,2026-05-11 field proof: PASS,NOT_TESTED,,,,"Field-level baseline; may overlap UI-LCC-*/UI-SSOT-* cells. OD-21 decided: certify against the 13 May UI. Elements named only in the 11 May proof (lcCoreChip, lcWsChip, lcStatsBanner, ACCOUNT-LEVEL ORPHAN section) are absent from the 13 May file; the field must be found by its data, not its element id."
UI-FP-194,UI,Controls: Add max diff %,Shows max_diff_pct from live_config.json as POST normalizes and persists to live_config.json (provenance UI_STATE; rows CONTROL; can affect send: YES; execution truth: YES).,local-trading/Hyperliquid scanner/_archive/hl_stage2/acceptance_reports/dashboard_field_proof_20260511_124846.csv,APPLIES,,Engine/exchange truth at time T -> API endpoint payload -> rendered cell text at time T (DOM capture),Independent read of the same exchange/engine truth recomputed by a script that does not import HL_Copy_App_SSOT.py,source unavailable shows n/a/Unavailable not 0 | stale source flagged | API error surfaced,2026-05-11 field proof: PASS,NOT_TESTED,,,,"Field-level baseline; may overlap UI-LCC-*/UI-SSOT-* cells. OD-21 decided: certify against the 13 May UI. Elements named only in the 11 May proof (lcCoreChip, lcWsChip, lcStatsBanner, ACCOUNT-LEVEL ORPHAN section) are absent from the 13 May file; the field must be found by its data, not its element id."
UI-FP-195,UI,Controls: Add daily loss,Shows daily_loss_limit from live_config.json as POST normalizes and persists to live_config.json (provenance UI_STATE; rows CONTROL; can affect send: YES; execution truth: YES).,local-trading/Hyperliquid scanner/_archive/hl_stage2/acceptance_reports/dashboard_field_proof_20260511_124846.csv,APPLIES,,Engine/exchange truth at time T -> API endpoint payload -> rendered cell text at time T (DOM capture),Independent read of the same exchange/engine truth recomputed by a script that does not import HL_Copy_App_SSOT.py,source unavailable shows n/a/Unavailable not 0 | stale source flagged | API error surfaced,2026-05-11 field proof: PASS,NOT_TESTED,,,,"Field-level baseline; may overlap UI-LCC-*/UI-SSOT-* cells. OD-21 decided: certify against the 13 May UI. Elements named only in the 11 May proof (lcCoreChip, lcWsChip, lcStatsBanner, ACCOUNT-LEVEL ORPHAN section) are absent from the 13 May file; the field must be found by its data, not its element id."
UI-FP-196,UI,Main/model dashboard: Normalised model dollar fields,Shows normalisation fields from hl_copy_output/app_model_state.json as must apply to all model dollar fields consistently (provenance APP_DERIVED; rows HEADER; can affect send: NO; execution truth: NO).,local-trading/Hyperliquid scanner/_archive/hl_stage2/acceptance_reports/dashboard_field_proof_20260511_124846.csv,APPLIES,,Engine/exchange truth at time T -> API endpoint payload -> rendered cell text at time T (DOM capture),Independent read of the same exchange/engine truth recomputed by a script that does not import HL_Copy_App_SSOT.py,source unavailable shows n/a/Unavailable not 0 | stale source flagged | API error surfaced,2026-05-11 field proof: NOT_PROVEN (fixture covered live-copy controls only; full model dashboard normalisation not proven in this pass),NOT_TESTED,,,,"Field-level baseline; may overlap UI-LCC-*/UI-SSOT-* cells. OD-21 decided: certify against the 13 May UI. Elements named only in the 11 May proof (lcCoreChip, lcWsChip, lcStatsBanner, ACCOUNT-LEVEL ORPHAN section) are absent from the 13 May file; the field must be found by its data, not its element id."
UI-FP-197,UI,Live-copy performance: Friction isolation from account truth,Shows friction_fills vs exchange snapshot from send_attempts.csv/exchange_account_snapshot.json as friction calculations read send_attempts and do not mutate exchange/manual truth (provenance APP_DERIVED; rows HEADER; can affect send: NO; execution truth: NO).,local-trading/Hyperliquid scanner/_archive/hl_stage2/acceptance_reports/dashboard_field_proof_20260511_124846.csv,APPLIES,,Engine/exchange truth at time T -> API endpoint payload -> rendered cell text at time T (DOM capture),Independent read of the same exchange/engine truth recomputed by a script that does not import HL_Copy_App_SSOT.py,source unavailable shows n/a/Unavailable not 0 | stale source flagged | API error surfaced,2026-05-11 field proof: PASS,NOT_TESTED,,,,"Field-level baseline; may overlap UI-LCC-*/UI-SSOT-* cells. OD-21 decided: certify against the 13 May UI. Elements named only in the 11 May proof (lcCoreChip, lcWsChip, lcStatsBanner, ACCOUNT-LEVEL ORPHAN section) are absent from the 13 May file; the field must be found by its data, not its element id."
ENG-017,ENGINE,Missed leader entry or add,"When a genuine leader ENTRY/ADD was missed (connection gap, rejected or unfilled order) and is recovered from the leader's fills: if the follower can enter now at the leader's price or better, or within tolerance, the engine takes the entry; otherwise it records a diff that is shown in the UI and places a resting limit order at the desired price until it fills or the leader's lineage makes it obsolete.","Boss, project chat 2026-10-09T15:07Z (missed-entry methodology) | HL_Live_Copy_Service_Core.py MISSED_ENTRY/MISSED_ADD states and ENTRY_ADD_RECOVERY_RESTING | PRODUCT_SEMANTICS B1 (recovered genuine fills keep authority)",APPLIES,OD-10,Induce a gap on testnet (stop WS/poll) across a real mainnet leader entry; resume; capture recovered fill -> decision (take/diff) -> order payload -> exchange,"Leader fill price and time (mainnet info API) vs follower mid at resume and the follower's orders/fills (testnet info API), read without engine code","price same as leader -> entry taken | price better -> entry taken | price worse but within tolerance -> entry taken | price worse beyond tolerance -> diff shown + limit at desired price, no marketable order | resting limit later fills -> diff clears, position owned exactly once | leader reduces/closes before the limit fills -> limit cancelled or resized, no orphan exposure | restart while the limit rests -> no duplicate limit, diff still shown | missed ADD (not just ENTRY) follows the same rule | no fresh mid -> no order (OD-01 ruling) | leftover inventory in the same coin is never touched (ENG-016)",,NOT_TESTED,,,,Tolerance value and the exact 'desired price' (taken here as the leader's entry price) need confirming; the bound is part of OD-10. This rule replaces Build 4 F13's 'send nothing outside tolerance' for this product.
UI-DIFF-01,UI,Diffs are reported in the live UI,"Every diff (missed entry outside tolerance, position mismatch, resting recovery limit, ledger vs exchange difference) is visible in the Live Copy Command Centre with wallet, coin, size, desired vs current price and age, until it clears. Fixing it from the UI is not required.","Boss, project chat 2026-10-09T15:07Z (missed-entry methodology) | HL_Copy_App_SSOT.py (13 May, sha256 fad19d22) /live-copy Reconciliation tab",APPLIES,,Engine/exchange truth at time T -> API endpoint payload -> rendered cell text at time T (DOM capture),Independent read of the same exchange/engine truth recomputed by a script that does not import HL_Copy_App_SSOT.py,diff created while UI open -> appears on next refresh | diff clears -> disappears | restart -> diff still shown | multi-DEX coin -> namespaced correctly,,NOT_TESTED,,,,
UI-ROUTE-01,UI,Endpoint GET /,Responds as its page/control expects; a write persists to the file the running engine reads and the engine applies it without restart; a read returns engine/exchange truth or an explicit unavailable state. An endpoint with no caller in the live UI is listed and either removed or proven harmless.,"HL_Copy_App_SSOT.py (13 May, sha256 fad19d22) route /",APPLIES,,Engine/exchange truth at time T -> API endpoint payload -> rendered cell text at time T (DOM capture),Independent read of the same exchange/engine truth recomputed by a script that does not import HL_Copy_App_SSOT.py,malformed body | missing config file | engine not running | concurrent write,,NOT_TESTED,,,,
UI-ROUTE-02,UI,Endpoint GET /model,Responds as its page/control expects; a write persists to the file the running engine reads and the engine applies it without restart; a read returns engine/exchange truth or an explicit unavailable state. An endpoint with no caller in the live UI is listed and either removed or proven harmless.,"HL_Copy_App_SSOT.py (13 May, sha256 fad19d22) route /model",APPLIES,,Engine/exchange truth at time T -> API endpoint payload -> rendered cell text at time T (DOM capture),Independent read of the same exchange/engine truth recomputed by a script that does not import HL_Copy_App_SSOT.py,malformed body | missing config file | engine not running | concurrent write,,NOT_TESTED,,,,
UI-ROUTE-03,UI,Endpoint GET /legacy-model,Responds as its page/control expects; a write persists to the file the running engine reads and the engine applies it without restart; a read returns engine/exchange truth or an explicit unavailable state. An endpoint with no caller in the live UI is listed and either removed or proven harmless.,"HL_Copy_App_SSOT.py (13 May, sha256 fad19d22) route /legacy-model",APPLIES,,Engine/exchange truth at time T -> API endpoint payload -> rendered cell text at time T (DOM capture),Independent read of the same exchange/engine truth recomputed by a script that does not import HL_Copy_App_SSOT.py,malformed body | missing config file | engine not running | concurrent write,,NOT_TESTED,,,,
UI-ROUTE-04,UI,Endpoint GET /api/model-cache-status,Responds as its page/control expects; a write persists to the file the running engine reads and the engine applies it without restart; a read returns engine/exchange truth or an explicit unavailable state. An endpoint with no caller in the live UI is listed and either removed or proven harmless.,"HL_Copy_App_SSOT.py (13 May, sha256 fad19d22) route /api/model-cache-status",APPLIES,,Engine/exchange truth at time T -> API endpoint payload -> rendered cell text at time T (DOM capture),Independent read of the same exchange/engine truth recomputed by a script that does not import HL_Copy_App_SSOT.py,malformed body | missing config file | engine not running | concurrent write,,NOT_TESTED,,,,
UI-ROUTE-05,UI,Endpoint GET /api/state,Responds as its page/control expects; a write persists to the file the running engine reads and the engine applies it without restart; a read returns engine/exchange truth or an explicit unavailable state. An endpoint with no caller in the live UI is listed and either removed or proven harmless.,"HL_Copy_App_SSOT.py (13 May, sha256 fad19d22) route /api/state",APPLIES,,Engine/exchange truth at time T -> API endpoint payload -> rendered cell text at time T (DOM capture),Independent read of the same exchange/engine truth recomputed by a script that does not import HL_Copy_App_SSOT.py,malformed body | missing config file | engine not running | concurrent write,,NOT_TESTED,,,,
UI-ROUTE-06,UI,Endpoint GET /api/metrics,Responds as its page/control expects; a write persists to the file the running engine reads and the engine applies it without restart; a read returns engine/exchange truth or an explicit unavailable state. An endpoint with no caller in the live UI is listed and either removed or proven harmless.,"HL_Copy_App_SSOT.py (13 May, sha256 fad19d22) route /api/metrics",APPLIES,,Engine/exchange truth at time T -> API endpoint payload -> rendered cell text at time T (DOM capture),Independent read of the same exchange/engine truth recomputed by a script that does not import HL_Copy_App_SSOT.py,malformed body | missing config file | engine not running | concurrent write,,NOT_TESTED,,,,
UI-ROUTE-07,UI,Endpoint GET /api/trades/{wallet},Responds as its page/control expects; a write persists to the file the running engine reads and the engine applies it without restart; a read returns engine/exchange truth or an explicit unavailable state. An endpoint with no caller in the live UI is listed and either removed or proven harmless.,"HL_Copy_App_SSOT.py (13 May, sha256 fad19d22) route /api/trades/{wallet}",APPLIES,,Engine/exchange truth at time T -> API endpoint payload -> rendered cell text at time T (DOM capture),Independent read of the same exchange/engine truth recomputed by a script that does not import HL_Copy_App_SSOT.py,malformed body | missing config file | engine not running | concurrent write,,NOT_TESTED,,,,
UI-ROUTE-08,UI,Endpoint GET /api/equity/{wallet},Responds as its page/control expects; a write persists to the file the running engine reads and the engine applies it without restart; a read returns engine/exchange truth or an explicit unavailable state. An endpoint with no caller in the live UI is listed and either removed or proven harmless.,"HL_Copy_App_SSOT.py (13 May, sha256 fad19d22) route /api/equity/{wallet}",APPLIES,,Engine/exchange truth at time T -> API endpoint payload -> rendered cell text at time T (DOM capture),Independent read of the same exchange/engine truth recomputed by a script that does not import HL_Copy_App_SSOT.py,malformed body | missing config file | engine not running | concurrent write,,NOT_TESTED,,,,
UI-ROUTE-09,UI,Endpoint POST /api/wallet-include,Responds as its page/control expects; a write persists to the file the running engine reads and the engine applies it without restart; a read returns engine/exchange truth or an explicit unavailable state. An endpoint with no caller in the live UI is listed and either removed or proven harmless.,"HL_Copy_App_SSOT.py (13 May, sha256 fad19d22) route /api/wallet-include",APPLIES,,Engine/exchange truth at time T -> API endpoint payload -> rendered cell text at time T (DOM capture),Independent read of the same exchange/engine truth recomputed by a script that does not import HL_Copy_App_SSOT.py,malformed body | missing config file | engine not running | concurrent write,,NOT_TESTED,,,,
UI-ROUTE-10,UI,Endpoint POST /api/wallet-config,Responds as its page/control expects; a write persists to the file the running engine reads and the engine applies it without restart; a read returns engine/exchange truth or an explicit unavailable state. An endpoint with no caller in the live UI is listed and either removed or proven harmless.,"HL_Copy_App_SSOT.py (13 May, sha256 fad19d22) route /api/wallet-config",APPLIES,,Engine/exchange truth at time T -> API endpoint payload -> rendered cell text at time T (DOM capture),Independent read of the same exchange/engine truth recomputed by a script that does not import HL_Copy_App_SSOT.py,malformed body | missing config file | engine not running | concurrent write,,NOT_TESTED,,,,
UI-ROUTE-11,UI,Endpoint GET /wallet-meta/{wallet},Responds as its page/control expects; a write persists to the file the running engine reads and the engine applies it without restart; a read returns engine/exchange truth or an explicit unavailable state. An endpoint with no caller in the live UI is listed and either removed or proven harmless.,"HL_Copy_App_SSOT.py (13 May, sha256 fad19d22) route /wallet-meta/{wallet}",APPLIES,,Engine/exchange truth at time T -> API endpoint payload -> rendered cell text at time T (DOM capture),Independent read of the same exchange/engine truth recomputed by a script that does not import HL_Copy_App_SSOT.py,malformed body | missing config file | engine not running | concurrent write,,NOT_TESTED,,,,
UI-ROUTE-12,UI,Endpoint POST /api/wallet-meta,Responds as its page/control expects; a write persists to the file the running engine reads and the engine applies it without restart; a read returns engine/exchange truth or an explicit unavailable state. An endpoint with no caller in the live UI is listed and either removed or proven harmless.,"HL_Copy_App_SSOT.py (13 May, sha256 fad19d22) route /api/wallet-meta",APPLIES,,Engine/exchange truth at time T -> API endpoint payload -> rendered cell text at time T (DOM capture),Independent read of the same exchange/engine truth recomputed by a script that does not import HL_Copy_App_SSOT.py,malformed body | missing config file | engine not running | concurrent write,,NOT_TESTED,,,,
UI-ROUTE-13,UI,Endpoint POST /api/admin/purge-wallet,Responds as its page/control expects; a write persists to the file the running engine reads and the engine applies it without restart; a read returns engine/exchange truth or an explicit unavailable state. An endpoint with no caller in the live UI is listed and either removed or proven harmless.,"HL_Copy_App_SSOT.py (13 May, sha256 fad19d22) route /api/admin/purge-wallet",APPLIES,,Engine/exchange truth at time T -> API endpoint payload -> rendered cell text at time T (DOM capture),Independent read of the same exchange/engine truth recomputed by a script that does not import HL_Copy_App_SSOT.py,malformed body | missing config file | engine not running | concurrent write,,NOT_TESTED,,,,
UI-ROUTE-14,UI,Endpoint GET /wallet/{wallet},Responds as its page/control expects; a write persists to the file the running engine reads and the engine applies it without restart; a read returns engine/exchange truth or an explicit unavailable state. An endpoint with no caller in the live UI is listed and either removed or proven harmless.,"HL_Copy_App_SSOT.py (13 May, sha256 fad19d22) route /wallet/{wallet}",APPLIES,,Engine/exchange truth at time T -> API endpoint payload -> rendered cell text at time T (DOM capture),Independent read of the same exchange/engine truth recomputed by a script that does not import HL_Copy_App_SSOT.py,malformed body | missing config file | engine not running | concurrent write,,NOT_TESTED,,,,
UI-ROUTE-15,UI,Endpoint GET /api/ui-state,Responds as its page/control expects; a write persists to the file the running engine reads and the engine applies it without restart; a read returns engine/exchange truth or an explicit unavailable state. An endpoint with no caller in the live UI is listed and either removed or proven harmless.,"HL_Copy_App_SSOT.py (13 May, sha256 fad19d22) route /api/ui-state",APPLIES,,Engine/exchange truth at time T -> API endpoint payload -> rendered cell text at time T (DOM capture),Independent read of the same exchange/engine truth recomputed by a script that does not import HL_Copy_App_SSOT.py,malformed body | missing config file | engine not running | concurrent write,,NOT_TESTED,,,,
UI-ROUTE-16,UI,Endpoint POST /api/ui-state,Responds as its page/control expects; a write persists to the file the running engine reads and the engine applies it without restart; a read returns engine/exchange truth or an explicit unavailable state. An endpoint with no caller in the live UI is listed and either removed or proven harmless.,"HL_Copy_App_SSOT.py (13 May, sha256 fad19d22) route /api/ui-state",APPLIES,,Engine/exchange truth at time T -> API endpoint payload -> rendered cell text at time T (DOM capture),Independent read of the same exchange/engine truth recomputed by a script that does not import HL_Copy_App_SSOT.py,malformed body | missing config file | engine not running | concurrent write,,NOT_TESTED,,,,
UI-ROUTE-17,UI,Endpoint POST /api/norm,Responds as its page/control expects; a write persists to the file the running engine reads and the engine applies it without restart; a read returns engine/exchange truth or an explicit unavailable state. An endpoint with no caller in the live UI is listed and either removed or proven harmless.,"HL_Copy_App_SSOT.py (13 May, sha256 fad19d22) route /api/norm",APPLIES,,Engine/exchange truth at time T -> API endpoint payload -> rendered cell text at time T (DOM capture),Independent read of the same exchange/engine truth recomputed by a script that does not import HL_Copy_App_SSOT.py,malformed body | missing config file | engine not running | concurrent write,,NOT_TESTED,,,,
UI-ROUTE-18,UI,Endpoint POST /api/set-wallet-mode,Responds as its page/control expects; a write persists to the file the running engine reads and the engine applies it without restart; a read returns engine/exchange truth or an explicit unavailable state. An endpoint with no caller in the live UI is listed and either removed or proven harmless.,"HL_Copy_App_SSOT.py (13 May, sha256 fad19d22) route /api/set-wallet-mode",APPLIES,,Engine/exchange truth at time T -> API endpoint payload -> rendered cell text at time T (DOM capture),Independent read of the same exchange/engine truth recomputed by a script that does not import HL_Copy_App_SSOT.py,malformed body | missing config file | engine not running | concurrent write,,NOT_TESTED,,,,
UI-ROUTE-19,UI,Endpoint POST /api/set-all-modes,Responds as its page/control expects; a write persists to the file the running engine reads and the engine applies it without restart; a read returns engine/exchange truth or an explicit unavailable state. An endpoint with no caller in the live UI is listed and either removed or proven harmless.,"HL_Copy_App_SSOT.py (13 May, sha256 fad19d22) route /api/set-all-modes",APPLIES,,Engine/exchange truth at time T -> API endpoint payload -> rendered cell text at time T (DOM capture),Independent read of the same exchange/engine truth recomputed by a script that does not import HL_Copy_App_SSOT.py,malformed body | missing config file | engine not running | concurrent write,,NOT_TESTED,,,,
UI-ROUTE-20,UI,Endpoint POST /api/reset-app-history,Responds as its page/control expects; a write persists to the file the running engine reads and the engine applies it without restart; a read returns engine/exchange truth or an explicit unavailable state. An endpoint with no caller in the live UI is listed and either removed or proven harmless.,"HL_Copy_App_SSOT.py (13 May, sha256 fad19d22) route /api/reset-app-history",APPLIES,,Engine/exchange truth at time T -> API endpoint payload -> rendered cell text at time T (DOM capture),Independent read of the same exchange/engine truth recomputed by a script that does not import HL_Copy_App_SSOT.py,malformed body | missing config file | engine not running | concurrent write,,NOT_TESTED,,,,
UI-ROUTE-21,UI,Endpoint POST /api/snapshot,Responds as its page/control expects; a write persists to the file the running engine reads and the engine applies it without restart; a read returns engine/exchange truth or an explicit unavailable state. An endpoint with no caller in the live UI is listed and either removed or proven harmless.,"HL_Copy_App_SSOT.py (13 May, sha256 fad19d22) route /api/snapshot",APPLIES,,Engine/exchange truth at time T -> API endpoint payload -> rendered cell text at time T (DOM capture),Independent read of the same exchange/engine truth recomputed by a script that does not import HL_Copy_App_SSOT.py,malformed body | missing config file | engine not running | concurrent write,,NOT_TESTED,,,,
UI-ROUTE-22,UI,Endpoint GET /sort/{column},Responds as its page/control expects; a write persists to the file the running engine reads and the engine applies it without restart; a read returns engine/exchange truth or an explicit unavailable state. An endpoint with no caller in the live UI is listed and either removed or proven harmless.,"HL_Copy_App_SSOT.py (13 May, sha256 fad19d22) route /sort/{column}",APPLIES,,Engine/exchange truth at time T -> API endpoint payload -> rendered cell text at time T (DOM capture),Independent read of the same exchange/engine truth recomputed by a script that does not import HL_Copy_App_SSOT.py,malformed body | missing config file | engine not running | concurrent write,,NOT_TESTED,,,,
UI-ROUTE-23,UI,Endpoint GET /api/live-config,Responds as its page/control expects; a write persists to the file the running engine reads and the engine applies it without restart; a read returns engine/exchange truth or an explicit unavailable state. An endpoint with no caller in the live UI is listed and either removed or proven harmless.,"HL_Copy_App_SSOT.py (13 May, sha256 fad19d22) route /api/live-config",APPLIES,,Engine/exchange truth at time T -> API endpoint payload -> rendered cell text at time T (DOM capture),Independent read of the same exchange/engine truth recomputed by a script that does not import HL_Copy_App_SSOT.py,malformed body | missing config file | engine not running | concurrent write,,NOT_TESTED,,,,
UI-ROUTE-24,UI,Endpoint GET /live-copy,Responds as its page/control expects; a write persists to the file the running engine reads and the engine applies it without restart; a read returns engine/exchange truth or an explicit unavailable state. An endpoint with no caller in the live UI is listed and either removed or proven harmless.,"HL_Copy_App_SSOT.py (13 May, sha256 fad19d22) route /live-copy",APPLIES,,Engine/exchange truth at time T -> API endpoint payload -> rendered cell text at time T (DOM capture),Independent read of the same exchange/engine truth recomputed by a script that does not import HL_Copy_App_SSOT.py,malformed body | missing config file | engine not running | concurrent write,,NOT_TESTED,,,,
UI-ROUTE-25,UI,Endpoint GET /live-copy.json,Responds as its page/control expects; a write persists to the file the running engine reads and the engine applies it without restart; a read returns engine/exchange truth or an explicit unavailable state. An endpoint with no caller in the live UI is listed and either removed or proven harmless.,"HL_Copy_App_SSOT.py (13 May, sha256 fad19d22) route /live-copy.json",APPLIES,,Engine/exchange truth at time T -> API endpoint payload -> rendered cell text at time T (DOM capture),Independent read of the same exchange/engine truth recomputed by a script that does not import HL_Copy_App_SSOT.py,malformed body | missing config file | engine not running | concurrent write,,NOT_TESTED,,,,
UI-ROUTE-26,UI,Endpoint GET /api/live-copy-summary,Responds as its page/control expects; a write persists to the file the running engine reads and the engine applies it without restart; a read returns engine/exchange truth or an explicit unavailable state. An endpoint with no caller in the live UI is listed and either removed or proven harmless.,"HL_Copy_App_SSOT.py (13 May, sha256 fad19d22) route /api/live-copy-summary",APPLIES,,Engine/exchange truth at time T -> API endpoint payload -> rendered cell text at time T (DOM capture),Independent read of the same exchange/engine truth recomputed by a script that does not import HL_Copy_App_SSOT.py,malformed body | missing config file | engine not running | concurrent write,,NOT_TESTED,,,,
UI-ROUTE-27,UI,Endpoint GET /api/global-controls,Responds as its page/control expects; a write persists to the file the running engine reads and the engine applies it without restart; a read returns engine/exchange truth or an explicit unavailable state. An endpoint with no caller in the live UI is listed and either removed or proven harmless.,"HL_Copy_App_SSOT.py (13 May, sha256 fad19d22) route /api/global-controls",APPLIES,,Engine/exchange truth at time T -> API endpoint payload -> rendered cell text at time T (DOM capture),Independent read of the same exchange/engine truth recomputed by a script that does not import HL_Copy_App_SSOT.py,malformed body | missing config file | engine not running | concurrent write,,NOT_TESTED,,,,
UI-ROUTE-28,UI,Endpoint POST /api/global-controls,Responds as its page/control expects; a write persists to the file the running engine reads and the engine applies it without restart; a read returns engine/exchange truth or an explicit unavailable state. An endpoint with no caller in the live UI is listed and either removed or proven harmless.,"HL_Copy_App_SSOT.py (13 May, sha256 fad19d22) route /api/global-controls",APPLIES,,Engine/exchange truth at time T -> API endpoint payload -> rendered cell text at time T (DOM capture),Independent read of the same exchange/engine truth recomputed by a script that does not import HL_Copy_App_SSOT.py,malformed body | missing config file | engine not running | concurrent write,,NOT_TESTED,,,,
UI-ROUTE-29,UI,Endpoint GET /api/live-ws-health,Responds as its page/control expects; a write persists to the file the running engine reads and the engine applies it without restart; a read returns engine/exchange truth or an explicit unavailable state. An endpoint with no caller in the live UI is listed and either removed or proven harmless.,"HL_Copy_App_SSOT.py (13 May, sha256 fad19d22) route /api/live-ws-health",APPLIES,,Engine/exchange truth at time T -> API endpoint payload -> rendered cell text at time T (DOM capture),Independent read of the same exchange/engine truth recomputed by a script that does not import HL_Copy_App_SSOT.py,malformed body | missing config file | engine not running | concurrent write,,NOT_TESTED,,,,
UI-ROUTE-30,UI,Endpoint GET /api/live-audit-summary,Responds as its page/control expects; a write persists to the file the running engine reads and the engine applies it without restart; a read returns engine/exchange truth or an explicit unavailable state. An endpoint with no caller in the live UI is listed and either removed or proven harmless.,"HL_Copy_App_SSOT.py (13 May, sha256 fad19d22) route /api/live-audit-summary",APPLIES,,Engine/exchange truth at time T -> API endpoint payload -> rendered cell text at time T (DOM capture),Independent read of the same exchange/engine truth recomputed by a script that does not import HL_Copy_App_SSOT.py,malformed body | missing config file | engine not running | concurrent write,,NOT_TESTED,,,,
UI-ROUTE-31,UI,Endpoint POST /api/live-config/add-wallet,Responds as its page/control expects; a write persists to the file the running engine reads and the engine applies it without restart; a read returns engine/exchange truth or an explicit unavailable state. An endpoint with no caller in the live UI is listed and either removed or proven harmless.,"HL_Copy_App_SSOT.py (13 May, sha256 fad19d22) route /api/live-config/add-wallet",APPLIES,,Engine/exchange truth at time T -> API endpoint payload -> rendered cell text at time T (DOM capture),Independent read of the same exchange/engine truth recomputed by a script that does not import HL_Copy_App_SSOT.py,malformed body | missing config file | engine not running | concurrent write,,NOT_TESTED,,,,
UI-ROUTE-32,UI,Endpoint POST /api/live-config/set-wallet,Responds as its page/control expects; a write persists to the file the running engine reads and the engine applies it without restart; a read returns engine/exchange truth or an explicit unavailable state. An endpoint with no caller in the live UI is listed and either removed or proven harmless.,"HL_Copy_App_SSOT.py (13 May, sha256 fad19d22) route /api/live-config/set-wallet",APPLIES,,Engine/exchange truth at time T -> API endpoint payload -> rendered cell text at time T (DOM capture),Independent read of the same exchange/engine truth recomputed by a script that does not import HL_Copy_App_SSOT.py,malformed body | missing config file | engine not running | concurrent write,,NOT_TESTED,,,,
UI-ROUTE-33,UI,Endpoint POST /api/live-config/remove-wallet,Responds as its page/control expects; a write persists to the file the running engine reads and the engine applies it without restart; a read returns engine/exchange truth or an explicit unavailable state. An endpoint with no caller in the live UI is listed and either removed or proven harmless.,"HL_Copy_App_SSOT.py (13 May, sha256 fad19d22) route /api/live-config/remove-wallet",APPLIES,,Engine/exchange truth at time T -> API endpoint payload -> rendered cell text at time T (DOM capture),Independent read of the same exchange/engine truth recomputed by a script that does not import HL_Copy_App_SSOT.py,malformed body | missing config file | engine not running | concurrent write,,NOT_TESTED,,,,
UI-ROUTE-34,UI,Endpoint POST /api/live-config/set-mode,Responds as its page/control expects; a write persists to the file the running engine reads and the engine applies it without restart; a read returns engine/exchange truth or an explicit unavailable state. An endpoint with no caller in the live UI is listed and either removed or proven harmless.,"HL_Copy_App_SSOT.py (13 May, sha256 fad19d22) route /api/live-config/set-mode",APPLIES,,Engine/exchange truth at time T -> API endpoint payload -> rendered cell text at time T (DOM capture),Independent read of the same exchange/engine truth recomputed by a script that does not import HL_Copy_App_SSOT.py,malformed body | missing config file | engine not running | concurrent write,,NOT_TESTED,,,,
UI-ROUTE-35,UI,Endpoint POST /api/manual-reconciliation/archive-ledger-row,Responds as its page/control expects; a write persists to the file the running engine reads and the engine applies it without restart; a read returns engine/exchange truth or an explicit unavailable state. An endpoint with no caller in the live UI is listed and either removed or proven harmless.,"HL_Copy_App_SSOT.py (13 May, sha256 fad19d22) route /api/manual-reconciliation/archive-ledger-row",APPLIES,,Engine/exchange truth at time T -> API endpoint payload -> rendered cell text at time T (DOM capture),Independent read of the same exchange/engine truth recomputed by a script that does not import HL_Copy_App_SSOT.py,malformed body | missing config file | engine not running | concurrent write,,NOT_TESTED,,,,
